{
"type": "FeatureCollection",
"name": "GiSPNKPKM",
"crs": { "type": "name", "properties": { "name": "urn:ogc:def:crs:OGC:1.3:CRS84" } },
"features": [
{ "type": "Feature", "properties": { "OBJECTID_1": 903314, "kdprov": "61", "kdkab": "71", "kdkec": "031", "kddesa": "001", "nmprov": "KALIMANTAN BARAT", "nmkab": "KOTA PONTIANAK", "nmkec": "PONTIANAK KOTA", "nmdesa": "SUNGAI BANGKONG", "nmsls": "RT 004 RW 006", "RT": "RT 004 ", "RW": "RW 006", "KRW": "SBGRW 006", "Puskesmas": "Pkm Alianyang" }, "geometry": { "type": "MultiPolygon", "coordinates": [ [ [ [ 109.322555507930417, -0.04469617069168 ], [ 109.322456319903324, -0.044796410026265 ], [ 109.322020459876398, -0.045239630104788 ], [ 109.322019100101443, -0.045238239752905 ], [ 109.322018709795657, -0.045238630058691 ], [ 109.322020459876398, -0.045240419709558 ], [ 109.321941229604136, -0.045316930431966 ], [ 109.321264970901723, -0.045969998316707 ], [ 109.321079539689094, -0.046149070423212 ], [ 109.320755000443, -0.04645871959417 ], [ 109.320687820186834, -0.04652736034933 ], [ 109.320684839833575, -0.046530409950435 ], [ 109.320466327059421, -0.046750356243876 ], [ 109.320111430298311, -0.047107581349735 ], [ 109.318457965562743, -0.045218843175007 ], [ 109.318442176165547, -0.045200708345988 ], [ 109.317406203033897, -0.044009996963723 ], [ 109.317099902938253, -0.044265241647508 ], [ 109.316756287272881, -0.044551589384298 ], [ 109.316549605080297, -0.044312244714263 ], [ 109.316549649147078, -0.044312204244761 ], [ 109.31453371625804, -0.041987847960741 ], [ 109.313705414573292, -0.041081894313947 ], [ 109.31366298455913, -0.041133313951207 ], [ 109.313230058120723, -0.041657978432909 ], [ 109.311923266745453, -0.040555137109834 ], [ 109.310989607684292, -0.041669087758123 ], [ 109.309331381937795, -0.040379357421386 ], [ 109.309798139972258, -0.039830820435952 ], [ 109.309804186114377, -0.039823714892464 ], [ 109.310329971151305, -0.039205811399029 ], [ 109.310884789901195, -0.038553790325125 ], [ 109.311021240437981, -0.0383951903857 ], [ 109.311046413361339, -0.038365931842236 ], [ 109.311076639575333, -0.038330799826497 ], [ 109.311098920278994, -0.03830485978142 ], [ 109.31121487526633, -0.038170119755193 ], [ 109.311305222957742, -0.038065155382583 ], [ 109.311305519733992, -0.038064810042897 ], [ 109.311315549872802, -0.038053150332587 ], [ 109.311333539911004, -0.038032250088236 ], [ 109.311480640219429, -0.03786122961202 ], [ 109.311730870283498, -0.037570379869067 ], [ 109.31189022025751, -0.037385210359105 ], [ 109.312061140009689, -0.037186499757127 ], [ 109.312204179879075, -0.037020219607427 ], [ 109.312223400189851, -0.036997880447757 ], [ 109.312383294253664, -0.036812106593402 ], [ 109.312386020098813, -0.036808940080448 ], [ 109.312385979629312, -0.036808899611003 ], [ 109.31265568990824, -0.036495510159625 ], [ 109.312939569905268, -0.03617478044174 ], [ 109.313008350055384, -0.036097099701351 ], [ 109.31310861007438, -0.03598408999369 ], [ 109.313108670328916, -0.035984150248282 ], [ 109.313110408718444, -0.035982186128933 ], [ 109.313113497889674, -0.0359786967594 ], [ 109.313115550142584, -0.035976380105808 ], [ 109.313593719674486, -0.035436339915123 ], [ 109.313604300198335, -0.035445170358287 ], [ 109.313604349661091, -0.035445110103694 ], [ 109.313594270059582, -0.035436550356451 ], [ 109.313595504828754, -0.035435157306608 ], [ 109.313994616758237, -0.034985155440552 ], [ 109.314336818689299, -0.034599319303084 ], [ 109.314375930205074, -0.03455522014724 ], [ 109.314415959928681, -0.034510090368315 ], [ 109.314439190316421, -0.034485500205619 ], [ 109.314443352378873, -0.034481091728935 ], [ 109.31446706120596, -0.034455985355407 ], [ 109.314471750271139, -0.034451020198389 ], [ 109.31484852483959, -0.03405212770349 ], [ 109.315153964284093, -0.033728760274016 ], [ 109.31516427860862, -0.03371783890708 ], [ 109.315833259997021, -0.033009590420193 ], [ 109.315840540008992, -0.0330017699157 ], [ 109.31584059127033, -0.033001829270972 ], [ 109.315851550408809, -0.033014509711791 ], [ 109.315859090324807, -0.033006739569316 ], [ 109.315859039962788, -0.033006639744599 ], [ 109.315851310289816, -0.033014030373181 ], [ 109.315840999562568, -0.033001529796707 ], [ 109.315840976180141, -0.03300147224013 ], [ 109.315768610433111, -0.032824380440729 ], [ 109.315757160264809, -0.032787340063635 ], [ 109.315750084398928, -0.032764447820966 ], [ 109.315687620187589, -0.032562360264649 ], [ 109.315667620164618, -0.032497670231237 ], [ 109.315667889961219, -0.032385590422621 ], [ 109.315667902551695, -0.032378029822155 ], [ 109.31566790974631, -0.032374019745191 ], [ 109.315668329729704, -0.032194780364762 ], [ 109.315669737168719, -0.03188403761817 ], [ 109.315669739866678, -0.031883409891407 ], [ 109.315670405364983, -0.031592822750497 ], [ 109.315671414404335, -0.031151757447617 ], [ 109.315672588918915, -0.03063813304334 ], [ 109.315672589818234, -0.030637570067768 ], [ 109.315672599710751, -0.030634470104644 ], [ 109.315672599710751, -0.030633749747722 ], [ 109.315679709750839, -0.029560040163688 ], [ 109.315679709750839, -0.029553309637492 ], [ 109.315679760112914, -0.029553309637492 ], [ 109.315679799683096, -0.029544377570915 ], [ 109.315681232303064, -0.029226412368985 ], [ 109.315681875318376, -0.029083535276868 ], [ 109.315683071416686, -0.028818050012944 ], [ 109.315683072316006, -0.028817856658691 ], [ 109.31568358043296, -0.028705189592756 ], [ 109.315683619103822, -0.028705185096157 ], [ 109.315959090439719, -0.028671590021816 ], [ 109.317063560435031, -0.028536910250182 ], [ 109.31739729255105, -0.02849621412895 ], [ 109.317664747330298, -0.028463601114254 ], [ 109.318862139776002, -0.028317589884807 ], [ 109.318852410010777, -0.028227020060854 ], [ 109.318841660414364, -0.028126599962548 ], [ 109.31884155969027, -0.028126119724618 ], [ 109.318799510089377, -0.027734901144697 ], [ 109.318797013571384, -0.027711688743409 ], [ 109.318794715803563, -0.02769031365699 ], [ 109.318791517814361, -0.027660570378998 ], [ 109.31878913011434, -0.027638369714964 ], [ 109.319030777048795, -0.027603267376833 ], [ 109.319033061326763, -0.02760293462768 ], [ 109.319064689583797, -0.027598339991357 ], [ 109.319080833313876, -0.027595992760837 ], [ 109.319507212687768, -0.027533992599615 ], [ 109.319508076036925, -0.027533867593888 ], [ 109.319510274879349, -0.027533548334532 ], [ 109.319515721173673, -0.027532756031803 ], [ 109.319522790744259, -0.027531723610082 ], [ 109.319522817723907, -0.027531776670116 ], [ 109.319558751035572, -0.027575559264619 ], [ 109.320223143183568, -0.028385175735252 ], [ 109.320240789680781, -0.028406680323997 ], [ 109.320250999683935, -0.028419760063855 ], [ 109.320309699333222, -0.028512502649846 ], [ 109.320321979575738, -0.028504659662246 ], [ 109.320309710125059, -0.028512300302395 ], [ 109.32103908008952, -0.028040009638687 ], [ 109.321068307156736, -0.028021745307228 ], [ 109.321208620281652, -0.027934039824004 ], [ 109.321341739729576, -0.027849460384232 ], [ 109.321819609787212, -0.027552249736516 ], [ 109.321939832057637, -0.027475782181568 ], [ 109.321943530069916, -0.027473429555073 ], [ 109.322263380250831, -0.02727559039613 ], [ 109.322774429896072, -0.026962670390901 ], [ 109.322856729554474, -0.026912089821053 ], [ 109.322858699969117, -0.026906130013856 ], [ 109.322860879925713, -0.026895160083541 ], [ 109.323256140058902, -0.026635220039338 ], [ 109.32330318719238, -0.02660241187175 ], [ 109.323303420116815, -0.026602560259903 ], [ 109.323304060434111, -0.026603709593473 ], [ 109.323304911192736, -0.02660524923283 ], [ 109.323355499856518, -0.026696659922891 ], [ 109.323355540325963, -0.026696632943185 ], [ 109.324271739948927, -0.026087370135997 ], [ 109.324424798265909, -0.025989193846158 ], [ 109.324738989912532, -0.025787660272272 ], [ 109.324822980296346, -0.025733789982382 ], [ 109.324939359763675, -0.025662300174986 ], [ 109.325368650243092, -0.025411179782054 ], [ 109.325446852590233, -0.025339293373634 ], [ 109.325483650150375, -0.025305469871512 ], [ 109.325502070064545, -0.025288530241426 ], [ 109.325700160134318, -0.025159060242402 ], [ 109.32570093984657, -0.025158550326807 ], [ 109.326165630339631, -0.024854809701651 ], [ 109.326166310227109, -0.024856209946108 ], [ 109.326166589916227, -0.024856639822019 ], [ 109.326166650170819, -0.024856760331204 ], [ 109.326166948745765, -0.024857220784043 ], [ 109.326167869651499, -0.024858639914271 ], [ 109.326228170094055, -0.024951709853497 ], [ 109.326295739756631, -0.025055979949457 ], [ 109.326296120169843, -0.02505656001216 ], [ 109.326307185428334, -0.025073630943268 ], [ 109.326309199909701, -0.025076739899589 ], [ 109.326309479598876, -0.025077210245001 ], [ 109.326421259933284, -0.025249729891073 ], [ 109.326421310295302, -0.025249800038182 ], [ 109.326455950381842, -0.025303260237195 ], [ 109.326540859872864, -0.025443919601173 ], [ 109.326541039737265, -0.025444219974702 ], [ 109.326547495070884, -0.025454910215899 ], [ 109.326548600337674, -0.025456740336267 ], [ 109.326640155818609, -0.025608402905448 ], [ 109.326658619799503, -0.025638989747506 ], [ 109.326658699839186, -0.025639120149208 ], [ 109.326768844306798, -0.025821573706594 ], [ 109.326775060420744, -0.025831870044726 ], [ 109.32689421969252, -0.026029260441987 ], [ 109.326988127799893, -0.026184817974922 ], [ 109.32698853968941, -0.02618549966104 ], [ 109.326995000419004, -0.026196199794754 ], [ 109.326995159598994, -0.026196469591355 ], [ 109.327106910255736, -0.026381579746044 ], [ 109.327107090120194, -0.026381890012146 ], [ 109.327143250060999, -0.026441780363825 ], [ 109.327145709706826, -0.026445720293736 ], [ 109.327145670136645, -0.026445749971344 ], [ 109.327163169145024, -0.026474744114125 ], [ 109.327165471409444, -0.026478559038196 ], [ 109.327169280038277, -0.026484869580997 ], [ 109.327176250683465, -0.026496423171352 ], [ 109.327280619704879, -0.026669409565557 ], [ 109.327359179982238, -0.026799609814077 ], [ 109.327391730044383, -0.026853329917174 ], [ 109.327500950008869, -0.027046700344897 ], [ 109.327555348200804, -0.027143029427236 ], [ 109.327557190012385, -0.027146290368933 ], [ 109.327559989601923, -0.027151250130032 ], [ 109.327608859661211, -0.027237790091874 ], [ 109.327647679796655, -0.027306519879915 ], [ 109.327705650095709, -0.027409049787764 ], [ 109.327750848223104, -0.027489162294955 ], [ 109.327797902551197, -0.027572567220147 ], [ 109.327799512337663, -0.027575418970343 ], [ 109.328025950837002, -0.027976766614415 ], [ 109.328027119955664, -0.027978839551736 ], [ 109.327901140225492, -0.028081189595184 ], [ 109.328027539939058, -0.027978559862618 ], [ 109.328065680187024, -0.02804676984249 ], [ 109.328193230133536, -0.028253389981899 ], [ 109.328252471174665, -0.028349283792352 ], [ 109.328255977631329, -0.028354961212415 ], [ 109.328257233984232, -0.028356993680291 ], [ 109.328362609346982, -0.028527569891367 ], [ 109.328415440020592, -0.02861309002202 ], [ 109.328415500275185, -0.028613039660002 ], [ 109.328526023357369, -0.028789266311549 ], [ 109.328644019805722, -0.028977409879531 ], [ 109.32864192978127, -0.02897934971719 ], [ 109.328657876559816, -0.029005144072073 ], [ 109.328658870310676, -0.02900675026126 ], [ 109.32865831992558, -0.029007149560243 ], [ 109.328764730408068, -0.029179313974112 ], [ 109.328765160283979, -0.029180010049402 ], [ 109.328765879741638, -0.029179769930408 ], [ 109.328885964415804, -0.029374072055759 ], [ 109.329159828663251, -0.029817198604803 ], [ 109.329161510395465, -0.029819919953297 ], [ 109.329161079620178, -0.029821830113349 ], [ 109.329526747561431, -0.030411470612819 ], [ 109.329589549917841, -0.030512739671167 ], [ 109.329641082869728, -0.030596178770566 ], [ 109.329641799629428, -0.030597339795349 ], [ 109.32990228736071, -0.031019090358711 ], [ 109.329902379990926, -0.031019239646128 ], [ 109.329902299951243, -0.031019319685811 ], [ 109.330051978615984, -0.031261731044026 ], [ 109.330192709925711, -0.031489649827449 ], [ 109.330380845399759, -0.031789970330806 ], [ 109.330401172775964, -0.031822419668913 ], [ 109.330402840119064, -0.031825079863495 ], [ 109.330423479560011, -0.031857940191742 ], [ 109.330606620199433, -0.032152710079458 ], [ 109.330613509905618, -0.032160509899541 ], [ 109.330623309817952, -0.032176120331656 ], [ 109.330623399750152, -0.032176259726555 ], [ 109.33062403557085, -0.032177273262505 ], [ 109.330637230423918, -0.032198290418705 ], [ 109.330734920180475, -0.032353829965245 ], [ 109.33076454025138, -0.032334439682586 ], [ 109.330734830248275, -0.032353919897446 ], [ 109.330806876736006, -0.032468900919014 ], [ 109.330906949696043, -0.032628609722508 ], [ 109.33122686282951, -0.033139144955555 ], [ 109.331229360246823, -0.03314312985151 ], [ 109.331229419602096, -0.033143229676284 ], [ 109.331288860292716, -0.033238090165696 ], [ 109.331289972754121, -0.033237133287003 ], [ 109.331415949786333, -0.033436789975838 ], [ 109.331481209989931, -0.033540210212493 ], [ 109.3314812378689, -0.033540255178593 ], [ 109.331481649758416, -0.033540919777579 ], [ 109.331531699728203, -0.033620239982042 ], [ 109.331719509647712, -0.033920119817651 ], [ 109.332024199956948, -0.034310949890369 ], [ 109.332024229634555, -0.03431099035987 ], [ 109.332203979829842, -0.034541549552841 ], [ 109.332687250316383, -0.035162990079868 ], [ 109.332871739938923, -0.03540195973261 ], [ 109.332871759724014, -0.035401990309538 ], [ 109.332872499866028, -0.035403940039771 ], [ 109.33289775013111, -0.035470429616566 ], [ 109.33289528958602, -0.035472429708818 ], [ 109.332896150237218, -0.035474990078683 ], [ 109.332896179015506, -0.035475469417349 ], [ 109.332646629738235, -0.035683309936758 ], [ 109.332161240448954, -0.036060240087977 ], [ 109.331140570181219, -0.036923619829167 ], [ 109.331140109728324, -0.036922810439307 ], [ 109.331137450433062, -0.03692505964375 ], [ 109.331133005983475, -0.036928552610561 ], [ 109.330947930003049, -0.03707401975015 ], [ 109.330828279701393, -0.037168169775157 ], [ 109.330673439827422, -0.037289990140891 ], [ 109.330671410057562, -0.037291769899241 ], [ 109.330658449927569, -0.037301989794969 ], [ 109.330274327897996, -0.037639653746965 ], [ 109.330270340304025, -0.037643160203629 ], [ 109.330270573228461, -0.037643546012816 ], [ 109.330204679902124, -0.03770128968273 ], [ 109.330127859812933, -0.037769309905684 ], [ 109.33006199976154, -0.037831890129553 ], [ 109.32986448975447, -0.038019369997869 ], [ 109.329625920300032, -0.038245949690804 ], [ 109.329612929593111, -0.038258309973003 ], [ 109.329608229736095, -0.038262290372359 ], [ 109.329460429755102, -0.038386609954046 ], [ 109.329445949770843, -0.03839877957995 ], [ 109.329321870308149, -0.038503129715593 ], [ 109.329021610059328, -0.03875786987976 ], [ 109.328880260016035, -0.03887837004072 ], [ 109.328839080059538, -0.038913389641152 ], [ 109.328790510373835, -0.038954219761365 ], [ 109.328781000043193, -0.038962780407928 ], [ 109.328779627677761, -0.03896394772795 ], [ 109.328773550059339, -0.038969119729018 ], [ 109.328642880364725, -0.039087070312007 ], [ 109.328341010329439, -0.039358709636701 ], [ 109.328341260340949, -0.039359070264823 ], [ 109.328328367660106, -0.039370381038225 ], [ 109.328315010029769, -0.039382100103808 ], [ 109.328253959552626, -0.039435660127538 ], [ 109.327320958795269, -0.04027584815185 ], [ 109.327076309923825, -0.040496159570068 ], [ 109.327076200206534, -0.040496000390078 ], [ 109.3270072302995, -0.040558219985826 ], [ 109.326870480288505, -0.040680790386148 ], [ 109.326500340018754, -0.040986389909904 ], [ 109.326433999729375, -0.041040910409663 ], [ 109.326434099554092, -0.041041069589653 ], [ 109.326433259587304, -0.041041770161542 ], [ 109.326432469982592, -0.041040559674059 ], [ 109.326406021820503, -0.041062781022504 ], [ 109.326402381364858, -0.041065839616749 ], [ 109.326304209571674, -0.041148320038872 ], [ 109.326233520160883, -0.041206683341727 ], [ 109.32603568190126, -0.04137002270835 ], [ 109.326035889644629, -0.041373760290753 ], [ 109.326023259565829, -0.041384369592947 ], [ 109.325827621947269, -0.041562516297063 ], [ 109.325684809606344, -0.041692560063552 ], [ 109.325685000262638, -0.041692909899837 ], [ 109.325141746794259, -0.042197480829032 ], [ 109.324862019866373, -0.042457289572212 ], [ 109.324821230215662, -0.042494519706281 ], [ 109.324712969827772, -0.042595330110373 ], [ 109.324608470404655, -0.042691220323491 ], [ 109.324455001996796, -0.042829025239257 ], [ 109.324442190254956, -0.042840530266233 ], [ 109.324442139892881, -0.042840489796731 ], [ 109.3244357358206, -0.042846332692079 ], [ 109.324410529622298, -0.04286933015544 ], [ 109.324067240410898, -0.043227340369413 ], [ 109.324017429660728, -0.04327927981484 ], [ 109.323969570439374, -0.043329200282301 ], [ 109.323480729552102, -0.043802499985361 ], [ 109.323459480370786, -0.043822199634747 ], [ 109.323425139758456, -0.043856190410793 ], [ 109.323153020195775, -0.044112650078716 ], [ 109.322899190145563, -0.044346589823192 ], [ 109.322846649953021, -0.044399479852075 ], [ 109.322765669600017, -0.044481819979978 ], [ 109.322691542980408, -0.044558112167067 ], [ 109.322660180023377, -0.044590389734651 ], [ 109.322555507930417, -0.04469617069168 ] ] ] ] } },
{ "type": "Feature", "properties": { "OBJECTID_1": 898726, "kdprov": "61", "kdkab": "71", "kdkec": "020", "kddesa": "002", "nmprov": "KALIMANTAN BARAT", "nmkab": "KOTA PONTIANAK", "nmkec": "PONTIANAK TIMUR", "nmdesa": "BANJAR SERASAN", "nmsls": "RT 001 RW 005", "RT": "RT 001 ", "RW": "RW 005", "KRW": "BSRW 005", "Puskesmas": "Pkm Banjar Serasan" }, "geometry": { "type": "MultiPolygon", "coordinates": [ [ [ [ 109.367723689696561, -0.047059390278605 ], [ 109.367766017187989, -0.047115186916301 ], [ 109.368034279558401, -0.047468820129893 ], [ 109.368045835846715, -0.047483962015178 ], [ 109.368167690386656, -0.047643630349228 ], [ 109.368228810111532, -0.047723929915378 ], [ 109.368260229725877, -0.047761508986412 ], [ 109.368394807874154, -0.047922465149611 ], [ 109.368649000351127, -0.048226480067967 ], [ 109.368755348780383, -0.048353814177119 ], [ 109.369046933269431, -0.048702931894752 ], [ 109.369411060671951, -0.049138909732847 ], [ 109.369605513883414, -0.049371730720736 ], [ 109.369674609695551, -0.049454460255106 ], [ 109.369710468363508, -0.0494974514462 ], [ 109.369726419638596, -0.049516580026079 ], [ 109.369726579717963, -0.049516771581693 ], [ 109.369727197552209, -0.049517510824444 ], [ 109.369883073445124, -0.049704412428639 ], [ 109.370045650186682, -0.049899350374687 ], [ 109.370045730226309, -0.049899460091979 ], [ 109.3700457500114, -0.049899489769587 ], [ 109.370050059562686, -0.04990462040189 ], [ 109.370120060992065, -0.049988482182641 ], [ 109.370143640316826, -0.050016729888114 ], [ 109.370273792001967, -0.050172882772301 ], [ 109.370591650184565, -0.050554240285919 ], [ 109.37061921710324, -0.050586959420571 ], [ 109.370734719731615, -0.050724050274653 ], [ 109.370741620229637, -0.050732250293095 ], [ 109.370807699715613, -0.05081446001924 ], [ 109.370819819878818, -0.050829549743867 ], [ 109.371018419864242, -0.051075742751266 ], [ 109.371136419909931, -0.051222020180035 ], [ 109.371222107314452, -0.05132830116014 ], [ 109.371252880316263, -0.051366470186395 ], [ 109.371309070857023, -0.051436166745646 ], [ 109.371512170150595, -0.051688080340568 ], [ 109.371535139734988, -0.051716569963673 ], [ 109.371598336893783, -0.051795170710534 ], [ 109.371693129934044, -0.051913070032128 ], [ 109.371775474558547, -0.052016122446048 ], [ 109.371778909968782, -0.052020420306121 ], [ 109.371787649580426, -0.052031369552026 ], [ 109.371955070070499, -0.052242980029462 ], [ 109.371955089855589, -0.05224300970707 ], [ 109.37212892071318, -0.052460159108989 ], [ 109.372129294831154, -0.052460625857123 ], [ 109.372128924310459, -0.0524608965531 ], [ 109.371493090134038, -0.052924630167524 ], [ 109.371393225816803, -0.052994894198946 ], [ 109.371139813951288, -0.053173192888494 ], [ 109.370634709724129, -0.053524809822079 ], [ 109.370466889935074, -0.053661240573774 ], [ 109.369993080316476, -0.05404281032736 ], [ 109.369754660149511, -0.054213349666327 ], [ 109.369740574967636, -0.0542234256705 ], [ 109.3696323802302, -0.054300820426477 ], [ 109.368987690429606, -0.054704449650558 ], [ 109.368854050274251, -0.054788119875809 ], [ 109.368537043749654, -0.055016618721936 ], [ 109.368354354569874, -0.055148303751196 ], [ 109.368354348274636, -0.055148328932205 ], [ 109.367534702564512, -0.055741257353077 ], [ 109.367478928409867, -0.055656827200778 ], [ 109.367347112079642, -0.055457285625209 ], [ 109.36733234880893, -0.055434939270981 ], [ 109.367227849385813, -0.055276749422376 ], [ 109.367207432976727, -0.055245844220281 ], [ 109.36709228917789, -0.055071542117901 ], [ 109.366992416766664, -0.054920357988067 ], [ 109.366924868687818, -0.054818105970753 ], [ 109.366884415383538, -0.054756868434708 ], [ 109.366684246081149, -0.054453858059048 ], [ 109.36649000870699, -0.054159828313402 ], [ 109.366379940681782, -0.053993210018575 ], [ 109.366376695028521, -0.053988296122895 ], [ 109.366316158064308, -0.053896657005055 ], [ 109.366254129124798, -0.053802758790255 ], [ 109.366074735061034, -0.053531196807228 ], [ 109.366052537094959, -0.053497592739689 ], [ 109.365957815101126, -0.053354205731978 ], [ 109.365932801357758, -0.053316339777211 ], [ 109.365923461898319, -0.053302203333942 ], [ 109.365686361936127, -0.052943288401991 ], [ 109.36549326670098, -0.052650987153299 ], [ 109.365490306132756, -0.052646504032907 ], [ 109.36515347585231, -0.052136619909049 ], [ 109.365138521925303, -0.05211398217449 ], [ 109.365126936858701, -0.052096445394568 ], [ 109.364968139967743, -0.05185606290695 ], [ 109.364913539428358, -0.051773408915665 ], [ 109.364873075332241, -0.051712156091071 ], [ 109.364619836136569, -0.051328809277095 ], [ 109.364554979728609, -0.051230632087936 ], [ 109.364333959644568, -0.05089605730717 ], [ 109.364255425447595, -0.050777173227914 ], [ 109.364131989000157, -0.050639042757552 ], [ 109.364129963726896, -0.050636775566716 ], [ 109.363989325047385, -0.050479395107971 ], [ 109.363883135798119, -0.050360564988011 ], [ 109.363752526358041, -0.050214406269788 ], [ 109.363683536665917, -0.050137203968745 ], [ 109.36342892510487, -0.049852280758103 ], [ 109.363359699790351, -0.049774814056377 ], [ 109.363336145646656, -0.049748455826546 ], [ 109.363072864621074, -0.049453833427606 ], [ 109.36306599290134, -0.049446142425495 ], [ 109.36288936874945, -0.04924849122483 ], [ 109.36286811057488, -0.04922470325738 ], [ 109.36284612215087, -0.049200096007553 ], [ 109.362588584195862, -0.048911900164001 ], [ 109.362577524333346, -0.04889952279467 ], [ 109.362479330057113, -0.048789639130518 ], [ 109.362444356322044, -0.048750502433677 ], [ 109.362232349243584, -0.048513254982709 ], [ 109.362218709226113, -0.048497990789599 ], [ 109.362204160893384, -0.0484817112619 ], [ 109.362124007017371, -0.048392014679678 ], [ 109.362093114405752, -0.048357443840928 ], [ 109.361957010107972, -0.048205137357172 ], [ 109.361808337784623, -0.048038766375896 ], [ 109.36148557559892, -0.047677579756453 ], [ 109.3613485234157, -0.047524212072688 ], [ 109.361327989195388, -0.047501232595778 ], [ 109.361093347080384, -0.047238658437266 ], [ 109.36108771912302, -0.047232359585678 ], [ 109.360910844060243, -0.047034428695895 ], [ 109.360910642612112, -0.047034203865394 ], [ 109.360853446629335, -0.046970199115322 ], [ 109.360801290447284, -0.046911832215244 ], [ 109.360778194058469, -0.046885986598966 ], [ 109.36075198691475, -0.046863525131528 ], [ 109.360751207202497, -0.046862856035943 ], [ 109.360470005386503, -0.046621825137095 ], [ 109.360239124236273, -0.046423926622879 ], [ 109.359720403373956, -0.045979308997858 ], [ 109.359471328039433, -0.045765816239395 ], [ 109.358994383384129, -0.045357006020936 ], [ 109.358731078976177, -0.045131316656864 ], [ 109.358580128670042, -0.045001931194122 ], [ 109.358135459783682, -0.044620786819792 ], [ 109.358081572406718, -0.044574597639496 ], [ 109.35788050198363, -0.044402250663268 ], [ 109.357347660865912, -0.043840606958383 ], [ 109.357345345111639, -0.043838166198384 ], [ 109.357215824750597, -0.043701646413808 ], [ 109.357178480402581, -0.043662282188507 ], [ 109.35666073260677, -0.043116549289266 ], [ 109.356279057632491, -0.042714242967918 ], [ 109.355942425202841, -0.042359412756639 ], [ 109.355751902028715, -0.042158591445798 ], [ 109.355729154576863, -0.042134614620693 ], [ 109.355463011009192, -0.041854084598299 ], [ 109.355128704226388, -0.041501706838233 ], [ 109.354817226733701, -0.041173394036832 ], [ 109.354734746311578, -0.041075790615196 ], [ 109.354708590429141, -0.041044838648361 ], [ 109.354662736696014, -0.040990579851325 ], [ 109.354312350934322, -0.040575954616543 ], [ 109.354210532390198, -0.040455468844755 ], [ 109.354027276637567, -0.040238617118462 ], [ 109.353693584091673, -0.039843746391739 ], [ 109.353614548072983, -0.039750219596897 ], [ 109.353317405773737, -0.039398599965352 ], [ 109.353189408864182, -0.039247137045663 ], [ 109.352919736356796, -0.038928021610843 ], [ 109.35287147333986, -0.038870911063668 ], [ 109.352837630052647, -0.03883086335361 ], [ 109.352566938613393, -0.038510544625865 ], [ 109.353423328823624, -0.038053804139679 ], [ 109.353944120824565, -0.037746670372485 ], [ 109.354511650592258, -0.037539688705635 ], [ 109.354913148423122, -0.037266204871401 ], [ 109.354972351692709, -0.037225878371544 ], [ 109.355550419716167, -0.036882027983154 ], [ 109.355999446717135, -0.037491717069031 ], [ 109.356260977662032, -0.037846823372149 ], [ 109.356361796160002, -0.03774948075386 ], [ 109.356361877998324, -0.037749594967806 ], [ 109.356888470626473, -0.037379416027193 ], [ 109.356976329893769, -0.037504446972605 ], [ 109.356975278586276, -0.037523364211836 ], [ 109.357198512801176, -0.037826324225421 ], [ 109.357201805219177, -0.037830792057377 ], [ 109.35724357782891, -0.037887484419798 ], [ 109.35729940864087, -0.037986456609644 ], [ 109.357304484414499, -0.038011834578469 ], [ 109.357350163679143, -0.038075279950135 ], [ 109.35736539100003, -0.038093044258517 ], [ 109.357380618320917, -0.038108270680084 ], [ 109.357418683925175, -0.038095582145331 ], [ 109.357423759698804, -0.038087967585568 ], [ 109.357456751328073, -0.038126034988466 ], [ 109.357479591410083, -0.038148875070476 ], [ 109.357621706776399, -0.038044826207738 ], [ 109.357692764909245, -0.037994071169408 ], [ 109.357987147189135, -0.038359510682824 ], [ 109.357908271249755, -0.038430227073263 ], [ 109.357909431375219, -0.038431377306154 ], [ 109.358215547109864, -0.038735101743498 ], [ 109.35826401517221, -0.038696328372794 ], [ 109.358266303047515, -0.038694498252426 ], [ 109.358393191992263, -0.038834075731984 ], [ 109.358362738249809, -0.038874680122319 ], [ 109.358322133859474, -0.038917822399526 ], [ 109.358345240140807, -0.038943387427366 ], [ 109.358441409143779, -0.03904978711796 ], [ 109.358565761101033, -0.03917160028908 ], [ 109.358674884838138, -0.039285799799757 ], [ 109.358403342640202, -0.03957256931858 ], [ 109.35814870140149, -0.039848431859582 ], [ 109.358382026009735, -0.040083897753618 ], [ 109.358387421042721, -0.040080641308521 ], [ 109.358410679309486, -0.040111166097404 ], [ 109.358416032074274, -0.040118191601209 ], [ 109.358428720609027, -0.04011311582758 ], [ 109.358974985906912, -0.039576433705406 ], [ 109.358987662750508, -0.039588720243216 ], [ 109.359258573624345, -0.039301027120644 ], [ 109.35928395159317, -0.039280724925447 ], [ 109.359532651910399, -0.039478675600378 ], [ 109.359242018904126, -0.039835248697727 ], [ 109.35939232529563, -0.039980928976661 ], [ 109.359222044062165, -0.040218426439196 ], [ 109.359488348608465, -0.040228474564401 ], [ 109.359642183040364, -0.040369490059845 ], [ 109.360151600416089, -0.040836454938415 ], [ 109.360510267135169, -0.041180177623062 ], [ 109.36051337339353, -0.041183155278361 ], [ 109.360171699364514, -0.041580100740987 ], [ 109.36059879190077, -0.041926800181614 ], [ 109.360834950272817, -0.041670543760517 ], [ 109.360920596308517, -0.041735797668878 ], [ 109.360940466829163, -0.041750937755523 ], [ 109.36140273274998, -0.042223252700921 ], [ 109.361186674225678, -0.042434287612252 ], [ 109.36118675696332, -0.042434373047854 ], [ 109.361186774050452, -0.042434392832888 ], [ 109.361192858863433, -0.042440644919793 ], [ 109.361223269438369, -0.042471854992073 ], [ 109.361729535589632, -0.042991837603154 ], [ 109.361729721749327, -0.042992029158768 ], [ 109.36199832406345, -0.042748518829058 ], [ 109.361998521914302, -0.0427483389646 ], [ 109.362133883372053, -0.042899136385984 ], [ 109.362073594620767, -0.042969494846261 ], [ 109.362073509185166, -0.042969594671035 ], [ 109.362113574881619, -0.043014806288227 ], [ 109.362144036718007, -0.043049179276181 ], [ 109.362112079309099, -0.043080338986385 ], [ 109.362106679779515, -0.04308564588581 ], [ 109.36210721127884, -0.043086244834285 ], [ 109.362115906823703, -0.043096058236472 ], [ 109.362184983750069, -0.043174013270061 ], [ 109.362185090769401, -0.043174133779189 ], [ 109.362185497262942, -0.043174592433445 ], [ 109.362195766621369, -0.043185405881729 ], [ 109.362626305359754, -0.042812904891605 ], [ 109.36263125522828, -0.042808622320024 ], [ 109.362631310086954, -0.042808690668494 ], [ 109.362631562796423, -0.042808473032551 ], [ 109.362852750154332, -0.043078507966698 ], [ 109.362852674611304, -0.043078582610462 ], [ 109.362561249302246, -0.043371948656443 ], [ 109.362522889619697, -0.043410562847157 ], [ 109.362406260140858, -0.043526660826672 ], [ 109.362282492742906, -0.043649861651772 ], [ 109.362254715382846, -0.043677948378559 ], [ 109.362184636611744, -0.043748805063274 ], [ 109.362184760718208, -0.043748928270361 ], [ 109.362188947062293, -0.04375305795719 ], [ 109.362190194421999, -0.043754316108732 ], [ 109.362191711578305, -0.043755842258292 ], [ 109.362192969729847, -0.043757104906433 ], [ 109.36219984414754, -0.043764015297029 ], [ 109.362317139124741, -0.043881889437614 ], [ 109.362317094158641, -0.0438819272091 ], [ 109.362317201177973, -0.043882034228432 ], [ 109.362673956837682, -0.044240636196378 ], [ 109.363196524999694, -0.043783401083033 ], [ 109.36358487564155, -0.043349115769047 ], [ 109.363663816332121, -0.043260839216316 ], [ 109.363784407324601, -0.043391479233321 ], [ 109.363705838953365, -0.043478540801971 ], [ 109.363040762421292, -0.044215519030956 ], [ 109.363146278977638, -0.044366257996387 ], [ 109.363162366949723, -0.044412733161039 ], [ 109.363191501386723, -0.044496898013392 ], [ 109.363362856410731, -0.044658347904374 ], [ 109.363433732880537, -0.044725127962238 ], [ 109.363626131141075, -0.044906405206405 ], [ 109.363663816332121, -0.04496921295879 ], [ 109.363749234839361, -0.045124977335774 ], [ 109.363889923880947, -0.045275715401885 ], [ 109.363921461306461, -0.045317211020404 ], [ 109.363036993362641, -0.046116085089182 ], [ 109.363038759631138, -0.04611840623943 ], [ 109.363469111310508, -0.046683867566401 ], [ 109.363524923236696, -0.046744846997058 ], [ 109.363739939446702, -0.046979772398515 ], [ 109.363741500669789, -0.046982338164355 ], [ 109.363741553729767, -0.04698240021753 ], [ 109.363764090740233, -0.046958720168732 ], [ 109.363764308376176, -0.046958965683643 ], [ 109.365079214334344, -0.045783851243698 ], [ 109.36507699300887, -0.045774410160845 ], [ 109.365981425902135, -0.045015690821401 ], [ 109.365981467270956, -0.045015734888182 ], [ 109.366181043920108, -0.045230035237864 ], [ 109.36646887373962, -0.045539098050881 ], [ 109.366477646626151, -0.045548518449323 ], [ 109.366594430788439, -0.045673917217471 ], [ 109.366600807881014, -0.045693047596046 ], [ 109.366609620337783, -0.045687300028817 ], [ 109.366755330294325, -0.045838139718342 ], [ 109.36676190074121, -0.045844942190286 ], [ 109.366911389648976, -0.045999690333417 ], [ 109.366927650290904, -0.04602101955436 ], [ 109.366928990280712, -0.046022769635044 ], [ 109.366941230053783, -0.046038870197663 ], [ 109.367076711121399, -0.046217006109885 ], [ 109.367078320907865, -0.046219122214666 ], [ 109.367377069396298, -0.046611930795905 ], [ 109.367384239690978, -0.046621360187601 ], [ 109.367455428225469, -0.046713219639344 ], [ 109.367506419785514, -0.046779020335464 ], [ 109.367550720389488, -0.046836190237968 ], [ 109.367600815325432, -0.046900832607264 ], [ 109.367723689696561, -0.047059390278605 ] ] ] ] } },
{ "type": "Feature", "properties": { "OBJECTID_1": 903303, "kdprov": "61", "kdkab": "71", "kdkec": "010", "kddesa": "005", "nmprov": "KALIMANTAN BARAT", "nmkab": "KOTA PONTIANAK", "nmkec": "PONTIANAK SELATAN", "nmdesa": "AKCAYA", "nmsls": "RT 004 RW 012", "RT": "RT 004 ", "RW": "RW 012", "KRW": "ARW 012", "Puskesmas": "Pkm Gang Sehat" }, "geometry": { "type": "MultiPolygon", "coordinates": [ [ [ [ 109.324067240410898, -0.043227340369413 ], [ 109.324410529622298, -0.04286933015544 ], [ 109.3244357358206, -0.042846332692079 ], [ 109.324442139892881, -0.042840489796731 ], [ 109.324442190254956, -0.042840530266233 ], [ 109.324455001996796, -0.042829025239257 ], [ 109.324608470404655, -0.042691220323491 ], [ 109.324712969827772, -0.042595330110373 ], [ 109.324821230215662, -0.042494519706281 ], [ 109.324862019866373, -0.042457289572212 ], [ 109.325141746794259, -0.042197480829032 ], [ 109.325685000262638, -0.041692909899837 ], [ 109.325684809606344, -0.041692560063552 ], [ 109.325827621947269, -0.041562516297063 ], [ 109.326023259565829, -0.041384369592947 ], [ 109.326035889644629, -0.041373760290753 ], [ 109.32603568190126, -0.04137002270835 ], [ 109.326233520160883, -0.041206683341727 ], [ 109.326304209571674, -0.041148320038872 ], [ 109.326402381364858, -0.041065839616749 ], [ 109.326406021820503, -0.041062781022504 ], [ 109.326432469982592, -0.041040559674059 ], [ 109.326433259587304, -0.041041770161542 ], [ 109.326434099554092, -0.041041069589653 ], [ 109.326433999729375, -0.041040910409663 ], [ 109.326500340018754, -0.040986389909904 ], [ 109.326870480288505, -0.040680790386148 ], [ 109.3270072302995, -0.040558219985826 ], [ 109.327076200206534, -0.040496000390078 ], [ 109.327076309923825, -0.040496159570068 ], [ 109.327320958795269, -0.04027584815185 ], [ 109.328253959552626, -0.039435660127538 ], [ 109.328315010029769, -0.039382100103808 ], [ 109.328328367660106, -0.039370381038225 ], [ 109.328341260340949, -0.039359070264823 ], [ 109.328341010329439, -0.039358709636701 ], [ 109.328642880364725, -0.039087070312007 ], [ 109.328773550059339, -0.038969119729018 ], [ 109.328779627677761, -0.03896394772795 ], [ 109.328781000043193, -0.038962780407928 ], [ 109.328790510373835, -0.038954219761365 ], [ 109.328839080059538, -0.038913389641152 ], [ 109.328880260016035, -0.03887837004072 ], [ 109.329021610059328, -0.03875786987976 ], [ 109.329321870308149, -0.038503129715593 ], [ 109.329445949770843, -0.03839877957995 ], [ 109.329460429755102, -0.038386609954046 ], [ 109.329608229736095, -0.038262290372359 ], [ 109.329612929593111, -0.038258309973003 ], [ 109.329625920300032, -0.038245949690804 ], [ 109.32986448975447, -0.038019369997869 ], [ 109.33006199976154, -0.037831890129553 ], [ 109.330127859812933, -0.037769309905684 ], [ 109.330204679902124, -0.03770128968273 ], [ 109.330270573228461, -0.037643546012816 ], [ 109.330270340304025, -0.037643160203629 ], [ 109.330274327897996, -0.037639653746965 ], [ 109.330658449927569, -0.037301989794969 ], [ 109.330671410057562, -0.037291769899241 ], [ 109.330673439827422, -0.037289990140891 ], [ 109.330828279701393, -0.037168169775157 ], [ 109.330947930003049, -0.03707401975015 ], [ 109.331133005983475, -0.036928552610561 ], [ 109.331137450433062, -0.03692505964375 ], [ 109.331140109728324, -0.036922810439307 ], [ 109.331140570181219, -0.036923619829167 ], [ 109.332161240448954, -0.036060240087977 ], [ 109.332646629738235, -0.035683309936758 ], [ 109.332896179015506, -0.035475469417349 ], [ 109.332896150237218, -0.035474990078683 ], [ 109.33289528958602, -0.035472429708818 ], [ 109.33289775013111, -0.035470429616566 ], [ 109.332872499866028, -0.035403940039771 ], [ 109.332871759724014, -0.035401990309538 ], [ 109.332873179753506, -0.035403820429906 ], [ 109.332874120444387, -0.035405030018069 ], [ 109.332874609675571, -0.035403570418396 ], [ 109.332875070128466, -0.035403479586876 ], [ 109.332950519650808, -0.035173229760687 ], [ 109.33295056012031, -0.035173090365788 ], [ 109.332963100266909, -0.035161419863584 ], [ 109.33345144023184, -0.034706989735753 ], [ 109.334207459806464, -0.03398588004427 ], [ 109.334209049807839, -0.033984329613077 ], [ 109.334242498292724, -0.033952429760802 ], [ 109.33462661042978, -0.033586090026006 ], [ 109.33466379020183, -0.033549029863764 ], [ 109.334769439857837, -0.033445540379319 ], [ 109.334769230315771, -0.03344532993799 ], [ 109.33511172992246, -0.033108620166615 ], [ 109.335184899663432, -0.033036679798897 ], [ 109.335270280399186, -0.032954800123889 ], [ 109.33592513973349, -0.032326790049297 ], [ 109.33594643028357, -0.032306190178474 ], [ 109.336036143053605, -0.032219392111188 ], [ 109.336234172868842, -0.032027795146575 ], [ 109.336488500244172, -0.031781729842919 ], [ 109.336551770248036, -0.031717100064043 ], [ 109.336951050350763, -0.031339320053519 ], [ 109.337132279930813, -0.031175430301801 ], [ 109.337668499801509, -0.030672210154307 ], [ 109.337741780159092, -0.030603430004248 ], [ 109.33774181163534, -0.030603467775791 ], [ 109.3377426210252, -0.030602734828278 ], [ 109.33783067004947, -0.030522959566895 ], [ 109.337949830220566, -0.030414989660017 ], [ 109.337949920152766, -0.030414909620333 ], [ 109.338049820442905, -0.030324400050972 ], [ 109.338049850120569, -0.030324380265881 ], [ 109.338094909752328, -0.030283540253151 ], [ 109.338138339812588, -0.03025122941068 ], [ 109.338139027793943, -0.03025071679707 ], [ 109.338187819612244, -0.030214410266751 ], [ 109.338188059731237, -0.030214240294924 ], [ 109.338281469614174, -0.030144729895312 ], [ 109.338313772362767, -0.030120692815672 ], [ 109.338523270332701, -0.029964809728142 ], [ 109.338523479874766, -0.029964649648832 ], [ 109.338524093212413, -0.029964193692535 ], [ 109.338778929603961, -0.029774579733044 ], [ 109.338819399995373, -0.029750770181863 ], [ 109.338819630221792, -0.029750629887587 ], [ 109.33912640965616, -0.02957014044955 ], [ 109.339126549950379, -0.029570060409924 ], [ 109.339145486075381, -0.029558918709085 ], [ 109.339154849816509, -0.02955341036153 ], [ 109.339155791406711, -0.029552858177794 ], [ 109.339160590189124, -0.029550039702542 ], [ 109.339172672580844, -0.029542053722764 ], [ 109.339719088065522, -0.029181171074129 ], [ 109.339719259836045, -0.029181500226002 ], [ 109.339721760850637, -0.029179870654445 ], [ 109.339816741849233, -0.029118026075992 ], [ 109.340156879836172, -0.028896550035711 ], [ 109.340486830303064, -0.028686679746443 ], [ 109.340589332331888, -0.028623059906238 ], [ 109.340606700039245, -0.028612279732897 ], [ 109.340622480443187, -0.028601969904912 ], [ 109.34062269987777, -0.028602346720902 ], [ 109.340622480443187, -0.028601920442213 ], [ 109.340703909557817, -0.028551169900538 ], [ 109.340704180253795, -0.02855177964085 ], [ 109.340709383731109, -0.028548518699154 ], [ 109.340928859679195, -0.028410979982709 ], [ 109.341044450441075, -0.028338939790217 ], [ 109.341074619997755, -0.028320140362155 ], [ 109.341199928833703, -0.028251074227626 ], [ 109.341238599681674, -0.028229760295176 ], [ 109.341562059741307, -0.028052160378877 ], [ 109.341562469832184, -0.028051930152401 ], [ 109.341562770205769, -0.028052479638177 ], [ 109.341562360114892, -0.028052709864596 ], [ 109.341562420369485, -0.028052830373781 ], [ 109.341563718990471, -0.028052111815441 ], [ 109.341713340098636, -0.027969482105846 ], [ 109.341715190004095, -0.027968459576698 ], [ 109.341865479308467, -0.027869793156356 ], [ 109.341876529278466, -0.02786253922477 ], [ 109.342231190417181, -0.027629700250429 ], [ 109.342230970083278, -0.027629339622251 ], [ 109.342230880151078, -0.027629190334835 ], [ 109.342311302924372, -0.027576022415474 ], [ 109.342317250141036, -0.02757208968012 ], [ 109.342595139753939, -0.027405619773504 ], [ 109.342753999597448, -0.027310449917309 ], [ 109.342754930395756, -0.027309559588446 ], [ 109.342883379664329, -0.027188420009509 ], [ 109.342883519958548, -0.027188720383094 ], [ 109.342884011887691, -0.027188267124757 ], [ 109.342885150429424, -0.02718722031392 ], [ 109.342907170329681, -0.027166540403471 ], [ 109.34296494007998, -0.027112500141698 ], [ 109.343033079912743, -0.027060649729151 ], [ 109.343033269669718, -0.027060500441678 ], [ 109.343241930370823, -0.026901760208034 ], [ 109.343273930047872, -0.026877410164275 ], [ 109.343423246285852, -0.026773008767293 ], [ 109.343454654208983, -0.026751048222252 ], [ 109.343454879938804, -0.026750889941582 ], [ 109.343492590310859, -0.026724369833744 ], [ 109.343498419716354, -0.026720240146915 ], [ 109.34357982994527, -0.026673860310382 ], [ 109.343792169772883, -0.02655244014295 ], [ 109.343826149757092, -0.026535370111219 ], [ 109.343847409730245, -0.026524689762596 ], [ 109.343892150102704, -0.026501780432795 ], [ 109.343894081846486, -0.026500812762265 ], [ 109.34408826975789, -0.026403679686041 ], [ 109.344149349912641, -0.026372990321192 ], [ 109.344151639586585, -0.026372000167612 ], [ 109.344171930090567, -0.026363159831931 ], [ 109.344426667556718, -0.026253199725318 ], [ 109.344427340249638, -0.026252910143626 ], [ 109.344429600245917, -0.026251589938852 ], [ 109.344429850257427, -0.026251490114134 ], [ 109.344460709594159, -0.02623343982134 ], [ 109.34449311216747, -0.026214534273265 ], [ 109.344714952433151, -0.02608509215321 ], [ 109.344723694742754, -0.026084085811874 ], [ 109.344754685380508, -0.026080519100617 ], [ 109.344756138684886, -0.026080351826749 ], [ 109.344756597339142, -0.026080299666035 ], [ 109.344758883415807, -0.026080040661327 ], [ 109.344759021012067, -0.026080020876236 ], [ 109.344763898934843, -0.026079414733147 ], [ 109.345435554007679, -0.025722890199177 ], [ 109.345586229121238, -0.025642908993007 ], [ 109.345601909700406, -0.025680660733883 ], [ 109.345602827908237, -0.025682870368144 ], [ 109.34592333729222, -0.026454465301299 ], [ 109.345985487640178, -0.026604089107366 ], [ 109.345986013743584, -0.026605353554203 ], [ 109.346253864224536, -0.027250179152418 ], [ 109.346255181731294, -0.027253351061233 ], [ 109.346474111790883, -0.027780405940916 ], [ 109.346476290848216, -0.027785651686429 ], [ 109.346530507377054, -0.027916171194306 ], [ 109.346531628831656, -0.02791887185839 ], [ 109.346602514294659, -0.028089521813911 ], [ 109.346620898235926, -0.028133779250481 ], [ 109.346621325413878, -0.028133650647419 ], [ 109.346721473017624, -0.028340447953269 ], [ 109.34674175272977, -0.028382323984999 ], [ 109.347111507190391, -0.02914583221434 ], [ 109.347339616630052, -0.029616858431211 ], [ 109.347397471815952, -0.029736322573171 ], [ 109.347494790152496, -0.029937276084354 ], [ 109.347578558403825, -0.030110249888082 ], [ 109.347587675730722, -0.030129078094433 ], [ 109.347661207898511, -0.030280914232776 ], [ 109.347710088749636, -0.030381849642595 ], [ 109.347712863158165, -0.030387578324053 ], [ 109.347815471307001, -0.030599454101491 ], [ 109.347884147135744, -0.030741263698303 ], [ 109.347980733424151, -0.030940706348474 ], [ 109.347983157996396, -0.030945712874313 ], [ 109.348029402035309, -0.031041201090488 ], [ 109.348048793217288, -0.031081241605989 ], [ 109.348154248619721, -0.031298998050261 ], [ 109.348223076433896, -0.031441119711872 ], [ 109.348223489222732, -0.031441973168455 ], [ 109.348293664221274, -0.031586878231792 ], [ 109.348296714721641, -0.03159317708338 ], [ 109.348303929083102, -0.031608074353073 ], [ 109.348405433763844, -0.031817673946421 ], [ 109.348510924239804, -0.032035501437178 ], [ 109.34851559981513, -0.032045156558695 ], [ 109.348563587639546, -0.032144249257669 ], [ 109.348630266973316, -0.032281933664251 ], [ 109.34863578341475, -0.03229332357796 ], [ 109.348746418012865, -0.032521774760028 ], [ 109.348765098730382, -0.03256034938056 ], [ 109.348887116946969, -0.032812307042263 ], [ 109.348895116416543, -0.032828823990997 ], [ 109.348998057314532, -0.033041386850471 ], [ 109.348998306426779, -0.033041901262663 ], [ 109.349114596861227, -0.033282031940189 ], [ 109.349187425759169, -0.033432415673417 ], [ 109.349303779146169, -0.033558464651378 ], [ 109.349372545806432, -0.033632961791682 ], [ 109.349537680219839, -0.033811856731745 ], [ 109.349622852312848, -0.033904128073004 ], [ 109.349684172586535, -0.033970559193904 ], [ 109.349729901313935, -0.034044153414925 ], [ 109.349808183700759, -0.034170139440334 ], [ 109.349813816154779, -0.034179202807934 ], [ 109.349926501207108, -0.034360554695809 ], [ 109.350026198250532, -0.034521003641373 ], [ 109.348175283762373, -0.035481959824551 ], [ 109.348065809289722, -0.035246632426094 ], [ 109.347524603577654, -0.035534470339485 ], [ 109.347524466880714, -0.035534543184554 ], [ 109.347404681680757, -0.035259641119467 ], [ 109.34740464840587, -0.03525956197916 ], [ 109.34778210016384, -0.035094702758272 ], [ 109.347782143331301, -0.035094623617965 ], [ 109.347706297207935, -0.034930866965908 ], [ 109.346594405107794, -0.035350989756353 ], [ 109.346620149999978, -0.035463289898871 ], [ 109.346650967068513, -0.035622672248451 ], [ 109.345822547572595, -0.036002407385126 ], [ 109.345515024398935, -0.036103355385478 ], [ 109.345271118367464, -0.036228079662123 ], [ 109.34493730980904, -0.036384880957428 ], [ 109.344435462027036, -0.036620616648065 ], [ 109.344226802225194, -0.03670304490953 ], [ 109.344213737773828, -0.036709394123193 ], [ 109.343633665161576, -0.036991299209035 ], [ 109.342772899749605, -0.037496245155523 ], [ 109.342968692051556, -0.037740983959168 ], [ 109.343060056876197, -0.037868470953129 ], [ 109.343228132072682, -0.038186132184194 ], [ 109.34240096713097, -0.038596541397226 ], [ 109.342397342863137, -0.03859833914197 ], [ 109.342232209349049, -0.038701952732879 ], [ 109.342072252332628, -0.038802317972568 ], [ 109.341925643054026, -0.038832064847838 ], [ 109.341341668283405, -0.038871233920247 ], [ 109.341335961185735, -0.039216480056439 ], [ 109.341319201420049, -0.039537717891335 ], [ 109.34127450691301, -0.03970811513733 ], [ 109.341065002647838, -0.039928791680325 ], [ 109.340503534310699, -0.04041204687843 ], [ 109.340389545241408, -0.040513157656051 ], [ 109.339835916294589, -0.041004243251166 ], [ 109.339435763849508, -0.041323364981281 ], [ 109.339435693702342, -0.041323362283322 ], [ 109.338329450243975, -0.042163287705534 ], [ 109.338348200209339, -0.042186119693611 ], [ 109.338848420218483, -0.042756809678963 ], [ 109.338858926997943, -0.042768553925555 ], [ 109.339588330237291, -0.043583839722373 ], [ 109.339756760666035, -0.043784661033214 ], [ 109.340763870056605, -0.044985440325775 ], [ 109.340763889841696, -0.044985470003382 ], [ 109.341124609713006, -0.045445320345209 ], [ 109.341082290315512, -0.04567326970556 ], [ 109.340988109713578, -0.045967849836359 ], [ 109.340988099821004, -0.045967880413286 ], [ 109.340800319579159, -0.046450249779184 ], [ 109.340672079852652, -0.046668769747896 ], [ 109.340543670154318, -0.046817889933607 ], [ 109.340296909674692, -0.046966939972265 ], [ 109.339921770073715, -0.04715577961548 ], [ 109.339492039825814, -0.04734473976788 ], [ 109.339304739821955, -0.047489500040342 ], [ 109.339102760184289, -0.047681390183982 ], [ 109.339102740399198, -0.047681409969073 ], [ 109.339016960364518, -0.047803240227324 ], [ 109.338950579605637, -0.047897509862139 ], [ 109.338950530142938, -0.047897580009248 ], [ 109.338927049743631, -0.047925069586256 ], [ 109.338809899557305, -0.048062219795554 ], [ 109.338663599645486, -0.048189619555274 ], [ 109.338601249648036, -0.048243890043466 ], [ 109.338337050414623, -0.04845121974796 ], [ 109.33807733969752, -0.048625549729309 ], [ 109.338077310019912, -0.048625570413719 ], [ 109.337842839675375, -0.048732569952108 ], [ 109.337598990301217, -0.048821729639087 ], [ 109.337598959724289, -0.048821750323498 ], [ 109.33707066018286, -0.048984339655476 ], [ 109.337070480318459, -0.048984399910069 ], [ 109.336892460418767, -0.049057760307335 ], [ 109.336783389741697, -0.049130310415421 ], [ 109.33666216023056, -0.049210930140248 ], [ 109.336233869797297, -0.049435419808731 ], [ 109.336088665259751, -0.049529148951024 ], [ 109.333758536227549, -0.04783870139488 ], [ 109.333546487780268, -0.047593887947528 ], [ 109.333379840707153, -0.047360496789452 ], [ 109.329898395094915, -0.048442874039381 ], [ 109.328886236910364, -0.048757552219229 ], [ 109.328714317112087, -0.048542651122432 ], [ 109.327796708251526, -0.048803839425602 ], [ 109.327742400891168, -0.048745006676654 ], [ 109.327742215630792, -0.048745003079375 ], [ 109.327742293871836, -0.048744899657322 ], [ 109.327171880877643, -0.048011882042658 ], [ 109.32695809494021, -0.047867917670203 ], [ 109.326958077853078, -0.047867936555974 ], [ 109.326493478191537, -0.048075670955427 ], [ 109.326040851204368, -0.047614664085415 ], [ 109.325693392735957, -0.047260779061673 ], [ 109.325572064299365, -0.047071356657739 ], [ 109.324989346780967, -0.045916265623134 ], [ 109.324703159123544, -0.046019705644824 ], [ 109.324703158224224, -0.046019803670958 ], [ 109.324697987122477, -0.046483467138273 ], [ 109.324706607124256, -0.046698968982184 ], [ 109.324713503125736, -0.046855853914451 ], [ 109.324668679116314, -0.04696101883593 ], [ 109.324610813138577, -0.04700900306301 ], [ 109.323710878654197, -0.047986513067087 ], [ 109.322787252429805, -0.048962266695185 ], [ 109.322752758932722, -0.048939523739989 ], [ 109.322649318011656, -0.048929179737797 ], [ 109.322614436906804, -0.048932936205972 ], [ 109.322537257088811, -0.048941247740345 ], [ 109.322471744175687, -0.048975728646894 ], [ 109.322143965571627, -0.049537815717599 ], [ 109.322030394687033, -0.049732572000551 ], [ 109.321689541739033, -0.050312023181277 ], [ 109.321616631002769, -0.050435971342949 ], [ 109.321228524976505, -0.051038742843673 ], [ 109.320939842599728, -0.051487098950417 ], [ 109.320706471226742, -0.051849557211256 ], [ 109.320706431656561, -0.051849614767832 ], [ 109.320682137370795, -0.051884440114748 ], [ 109.320118382057728, -0.052711106832078 ], [ 109.319263597137365, -0.053893765684677 ], [ 109.319263929886517, -0.053911840259161 ], [ 109.319270573178471, -0.053925405632924 ], [ 109.319297649966643, -0.053980700448903 ], [ 109.31947642979344, -0.054155060107917 ], [ 109.319755449854199, -0.054435139569989 ], [ 109.319755689973192, -0.054435389581499 ], [ 109.320159689717968, -0.054855579821094 ], [ 109.320160959560724, -0.054856880240777 ], [ 109.32019838035103, -0.054895179668733 ], [ 109.320301230417499, -0.054990509604295 ], [ 109.320412060168508, -0.055095429910125 ], [ 109.320463760394261, -0.05514371990671 ], [ 109.320580360195549, -0.055253049588543 ], [ 109.320710379680349, -0.055374000309826 ], [ 109.320710379680349, -0.055373969732841 ], [ 109.320814440234301, -0.055468374266013 ], [ 109.320815880048883, -0.055469680081615 ], [ 109.320858808287426, -0.055507999294662 ], [ 109.321439020294633, -0.056025909867799 ], [ 109.321559228175886, -0.056129323809216 ], [ 109.321797165406906, -0.056334019399401 ], [ 109.322242470113963, -0.056717109906629 ], [ 109.322281777681951, -0.056752222137277 ], [ 109.323978169756799, -0.058267540214786 ], [ 109.32374905037841, -0.058500850433859 ], [ 109.323747519732308, -0.058502440435234 ], [ 109.323549429662535, -0.058706850041062 ], [ 109.32354939998487, -0.058706889611244 ], [ 109.323373780375732, -0.058916519781519 ], [ 109.322964079828466, -0.059401109573514 ], [ 109.322579341763287, -0.059921838621904 ], [ 109.322531419589382, -0.059986700425839 ], [ 109.322356287412788, -0.060268692745922 ], [ 109.322344650185528, -0.060287430120752 ], [ 109.322338666096641, -0.060299275091438 ], [ 109.322198969906594, -0.060575779748376 ], [ 109.322198930336413, -0.060575849895486 ], [ 109.322193461559038, -0.060586291923812 ], [ 109.322089779619716, -0.060784290262745 ], [ 109.322034869713548, -0.060889420110584 ], [ 109.321956020753817, -0.061040359624826 ], [ 109.321954710441616, -0.061042869632672 ], [ 109.321909210141996, -0.061117759776721 ], [ 109.321739749090227, -0.061396798723251 ], [ 109.321737269659309, -0.061400879846701 ], [ 109.321699051170356, -0.061456121602703 ], [ 109.321643841789921, -0.061535780851557 ], [ 109.32158966033461, -0.061613959816327 ], [ 109.321482241712147, -0.061768963366944 ], [ 109.3214650295875, -0.061793799943871 ], [ 109.321251972100868, -0.062101216997519 ], [ 109.321245130058742, -0.062111089754922 ], [ 109.321169599597397, -0.062240780087905 ], [ 109.321093880278397, -0.062351170070372 ], [ 109.321026639767695, -0.062449199770697 ], [ 109.321004680121973, -0.062482570014538 ], [ 109.321003666586023, -0.062484109653894 ], [ 109.320817925107235, -0.06276657142007 ], [ 109.320457994840638, -0.063313920401072 ], [ 109.320413970328502, -0.063380870430763 ], [ 109.320413939751575, -0.063380910000944 ], [ 109.320413970328502, -0.063380919893518 ], [ 109.320305477016234, -0.063545931099782 ], [ 109.320253280364682, -0.063625319652715 ], [ 109.320173861234764, -0.063746098603531 ], [ 109.320108020069142, -0.063846230019465 ], [ 109.320107930136942, -0.063846409883865 ], [ 109.319994569693677, -0.064064839920377 ], [ 109.319813355402118, -0.064357508092485 ], [ 109.319780809836573, -0.064410069868757 ], [ 109.319780829621664, -0.064410100445741 ], [ 109.319648819937129, -0.064626392793741 ], [ 109.319609479993574, -0.064690849902775 ], [ 109.319495800291008, -0.064894969926854 ], [ 109.319495779606598, -0.064894999604519 ], [ 109.319163903691276, -0.065354714148668 ], [ 109.318864829648248, -0.065768990446486 ], [ 109.318837396728554, -0.065810015719592 ], [ 109.31863868432788, -0.066107191293781 ], [ 109.318620369634402, -0.066134580146695 ], [ 109.318620320171703, -0.066134650293804 ], [ 109.318562310302411, -0.066221489729912 ], [ 109.318463189724469, -0.066369830203428 ], [ 109.318434549015308, -0.066411190923702 ], [ 109.318197270087978, -0.066753849710324 ], [ 109.31819724041037, -0.066753890179825 ], [ 109.318196490375783, -0.066754939688678 ], [ 109.318196469691372, -0.066754960373089 ], [ 109.31776713964183, -0.06735056967301 ], [ 109.317767104568304, -0.067350610142512 ], [ 109.31720095615924, -0.068137067271778 ], [ 109.316918079805589, -0.068530019744571 ], [ 109.316519469697823, -0.069073589774291 ], [ 109.316232149793962, -0.069487560302605 ], [ 109.316049480399272, -0.069795700411191 ], [ 109.31604942014468, -0.069795800235966 ], [ 109.315975610086412, -0.069911249804306 ], [ 109.315966749965582, -0.069925100263106 ], [ 109.315966730180492, -0.069925129940771 ], [ 109.315735310336379, -0.070287130446673 ], [ 109.315735289651968, -0.07028716012428 ], [ 109.315707610318043, -0.070330279918437 ], [ 109.315455009641028, -0.070722860071896 ], [ 109.315444580203291, -0.070739080244323 ], [ 109.315393139881564, -0.070819039866763 ], [ 109.315393090418866, -0.070819119906389 ], [ 109.315175539919267, -0.071167529857576 ], [ 109.315136180190621, -0.071247820430528 ], [ 109.315135990433646, -0.071248219729512 ], [ 109.314987780361832, -0.071550550217694 ], [ 109.314987679637738, -0.071550739974612 ], [ 109.314506570222079, -0.072409070022502 ], [ 109.314273129601304, -0.072845939988099 ], [ 109.313470220274496, -0.074216079608334 ], [ 109.313469189651414, -0.074217839581593 ], [ 109.312892469711755, -0.075202220406084 ], [ 109.311719935426765, -0.077721189980878 ], [ 109.310746969696936, -0.079814729865859 ], [ 109.31074682040952, -0.079814620148568 ], [ 109.308499142121775, -0.0781771228759 ], [ 109.308471160615625, -0.078156737943061 ], [ 109.307044959957011, -0.077117709814388 ], [ 109.307044789985127, -0.07711759020458 ], [ 109.307815410053195, -0.075594680050415 ], [ 109.308096600178033, -0.075038999750006 ], [ 109.309040887427102, -0.073172875028092 ], [ 109.30878764733211, -0.072959948842538 ], [ 109.308651150929904, -0.072845181859634 ], [ 109.308646848573289, -0.072847851047413 ], [ 109.308424442633964, -0.072638154327308 ], [ 109.307565263626088, -0.071863528678875 ], [ 109.307543694286096, -0.071844081738959 ], [ 109.307425840829978, -0.071737827738502 ], [ 109.307208252558894, -0.071541653224642 ], [ 109.304934804197899, -0.069491940900321 ], [ 109.305343394082456, -0.06899202666068 ], [ 109.3055496652849, -0.068739652612805 ], [ 109.305748396571289, -0.068517245774217 ], [ 109.306098929821815, -0.068124951605171 ], [ 109.30482872736394, -0.067163542163712 ], [ 109.304742199093255, -0.067098049934998 ], [ 109.305278103301873, -0.066502035940175 ], [ 109.305585220881312, -0.066160469829754 ], [ 109.305909763724685, -0.065799525127943 ], [ 109.306148531029919, -0.065461958302706 ], [ 109.306288636411523, -0.065263879024769 ], [ 109.305409239744677, -0.064651110660179 ], [ 109.305404627121902, -0.064647897382486 ], [ 109.305477994713726, -0.0645400776624 ], [ 109.304991949818714, -0.064207320411469 ], [ 109.304801590321176, -0.064076989761247 ], [ 109.304696009913016, -0.063997790065912 ], [ 109.304448610015413, -0.063812199673237 ], [ 109.304183749780293, -0.063615369553588 ], [ 109.304157930244344, -0.063596189712314 ], [ 109.304041149679392, -0.063502500140203 ], [ 109.303864750358002, -0.063360980125083 ], [ 109.303870329751987, -0.063355339577186 ], [ 109.30432775462225, -0.062893394714365 ], [ 109.304349861756748, -0.062871069943867 ], [ 109.304781969812097, -0.06243469190747 ], [ 109.304827730015802, -0.062388480244124 ], [ 109.305007083610064, -0.062221825077131 ], [ 109.305077719960877, -0.062156189856239 ], [ 109.305078050012071, -0.06215639040505 ], [ 109.305157520403327, -0.06208195981452 ], [ 109.305185247401312, -0.062055047602314 ], [ 109.305359070165025, -0.061886330289838 ], [ 109.305371639989232, -0.061874270381225 ], [ 109.305377499971712, -0.061868649618418 ], [ 109.30546548964071, -0.061781419876581 ], [ 109.306014717305402, -0.061210097667811 ], [ 109.306023789666199, -0.061200660182294 ], [ 109.306023879598399, -0.06120056035752 ], [ 109.306355379597164, -0.060855729708123 ], [ 109.306363935747072, -0.060846955922216 ], [ 109.306780880333406, -0.060419369658121 ], [ 109.306860250000625, -0.060339679832339 ], [ 109.307098670167534, -0.060100259619219 ], [ 109.307181149690393, -0.060017899706281 ], [ 109.307182149736491, -0.060016899660127 ], [ 109.307195639567169, -0.06000342961454 ], [ 109.307195420132587, -0.06000320028744 ], [ 109.307195519957361, -0.060003110355183 ], [ 109.307195639567169, -0.060003239857565 ], [ 109.307201033700778, -0.059997779174125 ], [ 109.307211750022304, -0.059986929752938 ], [ 109.307236738584663, -0.059962023928222 ], [ 109.307469889623746, -0.059729649903375 ], [ 109.307927377446561, -0.059258550841378 ], [ 109.30857559708619, -0.058591044341199 ], [ 109.308748700392243, -0.058412789718432 ], [ 109.308767720154208, -0.058393390442575 ], [ 109.308767839764073, -0.058393459690365 ], [ 109.308774750154669, -0.058385970136385 ], [ 109.308818363676608, -0.05833871795744 ], [ 109.309065148437924, -0.058071346815154 ], [ 109.309080418926271, -0.058054799289494 ], [ 109.309102419940814, -0.058030960060705 ], [ 109.309271509572568, -0.057846140387028 ], [ 109.309286299822929, -0.057831740442396 ], [ 109.309442909562677, -0.057679280174568 ], [ 109.309542260367095, -0.057582589564788 ], [ 109.309683540263222, -0.057445239705999 ], [ 109.309683019555791, -0.057444829615122 ], [ 109.309756292718816, -0.057373350599619 ], [ 109.309758569802227, -0.057371130173465 ], [ 109.309939290366003, -0.057194100427353 ], [ 109.310024670202438, -0.05711046977234 ], [ 109.310052682285516, -0.057083025161432 ], [ 109.310063333855851, -0.057072589428401 ], [ 109.310064709818562, -0.057071240445339 ], [ 109.310064070400585, -0.057070850139553 ], [ 109.310144489576601, -0.056991180098862 ], [ 109.310152560092661, -0.056983259769595 ], [ 109.310348800256975, -0.056791769824258 ], [ 109.31059657876915, -0.056541170138871 ], [ 109.310653063388202, -0.056484043403827 ], [ 109.31083632004021, -0.056298700324703 ], [ 109.310836689661585, -0.056298339696582 ], [ 109.310878751852954, -0.056255799065809 ], [ 109.311143967320277, -0.055987564574423 ], [ 109.311297960032903, -0.055831819982473 ], [ 109.311298110219695, -0.055831679688197 ], [ 109.311297930355238, -0.055831569970906 ], [ 109.311414309822624, -0.055720939869445 ], [ 109.311413690189738, -0.055720580140587 ], [ 109.311483294118773, -0.055653735331589 ], [ 109.311632946703185, -0.055510013776086 ], [ 109.311673269605762, -0.05547128986808 ], [ 109.311843450115191, -0.055323130158285 ], [ 109.311933539701158, -0.055238930232406 ], [ 109.3119365101619, -0.055235389601478 ], [ 109.311935830274422, -0.055235000195069 ], [ 109.311946313671513, -0.055223290122683 ], [ 109.312081040207886, -0.055072810162017 ], [ 109.312083813717095, -0.055070032156209 ], [ 109.312249038962022, -0.054904573087526 ], [ 109.31249067960124, -0.05466258980664 ], [ 109.31249081539886, -0.054662454908339 ], [ 109.312491319918536, -0.054661950388663 ], [ 109.31269342006533, -0.054459569653375 ], [ 109.312693890410799, -0.054459860134386 ], [ 109.312705176902455, -0.054448552059 ], [ 109.313025587361039, -0.054127534558006 ], [ 109.313322240429102, -0.053830320313011 ], [ 109.313342250344647, -0.05384209963313 ], [ 109.313343229706334, -0.053841099587032 ], [ 109.313323229683363, -0.053829320266857 ], [ 109.313342220667039, -0.053810374249338 ], [ 109.313657409661801, -0.053495920000671 ], [ 109.313673479647434, -0.053505549941121 ], [ 109.313674090287122, -0.053504920415719 ], [ 109.313657409661801, -0.053494910062 ], [ 109.313682561900748, -0.053469600441645 ], [ 109.313808959815731, -0.053342410223991 ], [ 109.313915110394078, -0.053242349854543 ], [ 109.314061656720128, -0.053106956920487 ], [ 109.314084989630601, -0.053085400171028 ], [ 109.314149599624386, -0.053025720260734 ], [ 109.314168134651766, -0.053006707693385 ], [ 109.314259244068921, -0.052913252844291 ], [ 109.314267669817184, -0.052904610359406 ], [ 109.314267069969389, -0.052904200268586 ], [ 109.314475920427469, -0.052688950234824 ], [ 109.314545238372091, -0.052626766611922 ], [ 109.314576370203383, -0.052598839964446 ], [ 109.314669119084613, -0.052491928559618 ], [ 109.314677290324767, -0.052482509959816 ], [ 109.31471951979006, -0.052433819764929 ], [ 109.314719550367045, -0.052433840449339 ], [ 109.31474544994262, -0.052404599892327 ], [ 109.314900750269487, -0.052256389820514 ], [ 109.314900979596587, -0.052256170385931 ], [ 109.314921877142979, -0.052236226120897 ], [ 109.315003620121047, -0.052158209933395 ], [ 109.315036397711651, -0.052126376630952 ], [ 109.315206820138712, -0.051960869898153 ], [ 109.315339303765938, -0.05183222907408 ], [ 109.315339325349669, -0.051832210188309 ], [ 109.315343223011382, -0.051828323318432 ], [ 109.315716129595785, -0.051456459947644 ], [ 109.316049310427388, -0.051147089566484 ], [ 109.316166892288322, -0.051029141681511 ], [ 109.316168145043946, -0.051027885328608 ], [ 109.316270620093121, -0.05092510001333 ], [ 109.316326789949471, -0.050868760185097 ], [ 109.316334030391261, -0.050875950264867 ], [ 109.31633409963905, -0.050875899902792 ], [ 109.31632684031149, -0.050868690037987 ], [ 109.316341340080839, -0.050868209800001 ], [ 109.316380189893891, -0.050824019812637 ], [ 109.31638113957797, -0.050822949619374 ], [ 109.316437298642484, -0.050759068076502 ], [ 109.316464039983543, -0.050728650306894 ], [ 109.316485049945186, -0.05070474992425 ], [ 109.316528319926078, -0.050663159876876 ], [ 109.316849060435857, -0.050352689624901 ], [ 109.316961668146519, -0.050242721424411 ], [ 109.317122990333814, -0.050085179987036 ], [ 109.317189009565197, -0.050020689603116 ], [ 109.317189059927216, -0.050020730072561 ], [ 109.317262000341088, -0.049948035173657 ], [ 109.317506321859355, -0.049704532038447 ], [ 109.31775838833903, -0.049453310022216 ], [ 109.317800679857555, -0.049411159697229 ], [ 109.317836848791615, -0.049374909824166 ], [ 109.318132800388469, -0.049078290030991 ], [ 109.318133230264436, -0.049078600297094 ], [ 109.318135950713611, -0.049075797110277 ], [ 109.318204231739969, -0.049005432354761 ], [ 109.318245750740857, -0.048962648007773 ], [ 109.318426832832131, -0.048776053072345 ], [ 109.31866482042517, -0.048530819641542 ], [ 109.318987130251912, -0.048215100046775 ], [ 109.319189779884482, -0.047995550354301 ], [ 109.319220542993719, -0.047965563360037 ], [ 109.31924273196654, -0.047943933765509 ], [ 109.31928412955898, -0.047903580285947 ], [ 109.319306959748474, -0.047881939899582 ], [ 109.319311159582412, -0.047877960399489 ], [ 109.319311700074934, -0.047877449584576 ], [ 109.319668564552671, -0.047539312589151 ], [ 109.319708800221008, -0.047501190327637 ], [ 109.319869470399794, -0.047348919816727 ], [ 109.319876680264656, -0.04734196985595 ], [ 109.319907730257626, -0.047312619581703 ], [ 109.319921829828672, -0.047298430078456 ], [ 109.319926109702237, -0.047294300391627 ], [ 109.319990086573284, -0.047229756947672 ], [ 109.319990150425156, -0.047229829792741 ], [ 109.320082529685067, -0.047136669921315 ], [ 109.320111430298311, -0.047107581349735 ], [ 109.320466327059421, -0.046750356243876 ], [ 109.320684839833575, -0.046530409950435 ], [ 109.320687820186834, -0.04652736034933 ], [ 109.320755000443, -0.04645871959417 ], [ 109.321079539689094, -0.046149070423212 ], [ 109.321264970901723, -0.045969998316707 ], [ 109.321941229604136, -0.045316930431966 ], [ 109.322020459876398, -0.045240419709558 ], [ 109.322018709795657, -0.045238630058691 ], [ 109.322019100101443, -0.045238239752905 ], [ 109.322020459876398, -0.045239630104788 ], [ 109.322456319903324, -0.044796410026265 ], [ 109.322555507930417, -0.04469617069168 ], [ 109.322660180023377, -0.044590389734651 ], [ 109.322691542980408, -0.044558112167067 ], [ 109.322765669600017, -0.044481819979978 ], [ 109.322846649953021, -0.044399479852075 ], [ 109.322899190145563, -0.044346589823192 ], [ 109.323153020195775, -0.044112650078716 ], [ 109.323425139758456, -0.043856190410793 ], [ 109.323459480370786, -0.043822199634747 ], [ 109.323480729552102, -0.043802499985361 ], [ 109.323969570439374, -0.043329200282301 ], [ 109.324017429660728, -0.04327927981484 ], [ 109.324067240410898, -0.043227340369413 ] ] ] ] } },
{ "type": "Feature", "properties": { "OBJECTID_1": 919450, "kdprov": "61", "kdkab": "71", "kdkec": "031", "kddesa": "004", "nmprov": "KALIMANTAN BARAT", "nmkab": "KOTA PONTIANAK", "nmkec": "PONTIANAK KOTA", "nmdesa": "MARIANA", "nmsls": "RT 003 RW 009", "RT": "RT 003 ", "RW": "RW 009", "KRW": "MRW 009", "Puskesmas": "Pkm Kampung Bali" }, "geometry": { "type": "MultiPolygon", "coordinates": [ [ [ [ 109.328415500275185, -0.028613039660002 ], [ 109.328415440020592, -0.02861309002202 ], [ 109.328362609346982, -0.028527569891367 ], [ 109.328257233984232, -0.028356993680291 ], [ 109.328255977631329, -0.028354961212415 ], [ 109.328252471174665, -0.028349283792352 ], [ 109.328193230133536, -0.028253389981899 ], [ 109.328065680187024, -0.02804676984249 ], [ 109.328027539939058, -0.027978559862618 ], [ 109.327901140225492, -0.028081189595184 ], [ 109.328027119955664, -0.027978839551736 ], [ 109.328025950837002, -0.027976766614415 ], [ 109.327799512337663, -0.027575418970343 ], [ 109.327797902551197, -0.027572567220147 ], [ 109.327750848223104, -0.027489162294955 ], [ 109.327705650095709, -0.027409049787764 ], [ 109.327647679796655, -0.027306519879915 ], [ 109.327608859661211, -0.027237790091874 ], [ 109.327559989601923, -0.027151250130032 ], [ 109.327557190012385, -0.027146290368933 ], [ 109.327555348200804, -0.027143029427236 ], [ 109.327500950008869, -0.027046700344897 ], [ 109.327391730044383, -0.026853329917174 ], [ 109.327359179982238, -0.026799609814077 ], [ 109.327280619704879, -0.026669409565557 ], [ 109.327176250683465, -0.026496423171352 ], [ 109.327169280038277, -0.026484869580997 ], [ 109.327165471409444, -0.026478559038196 ], [ 109.327163169145024, -0.026474744114125 ], [ 109.327145670136645, -0.026445749971344 ], [ 109.327145709706826, -0.026445720293736 ], [ 109.327143250060999, -0.026441780363825 ], [ 109.327107090120194, -0.026381890012146 ], [ 109.327106910255736, -0.026381579746044 ], [ 109.326995159598994, -0.026196469591355 ], [ 109.326995000419004, -0.026196199794754 ], [ 109.32698853968941, -0.02618549966104 ], [ 109.326988127799893, -0.026184817974922 ], [ 109.32689421969252, -0.026029260441987 ], [ 109.326775060420744, -0.025831870044726 ], [ 109.326768844306798, -0.025821573706594 ], [ 109.326658699839186, -0.025639120149208 ], [ 109.326658619799503, -0.025638989747506 ], [ 109.326640155818609, -0.025608402905448 ], [ 109.326548600337674, -0.025456740336267 ], [ 109.326547495070884, -0.025454910215899 ], [ 109.326541039737265, -0.025444219974702 ], [ 109.326540859872864, -0.025443919601173 ], [ 109.326455950381842, -0.025303260237195 ], [ 109.326421310295302, -0.025249800038182 ], [ 109.326421259933284, -0.025249729891073 ], [ 109.326309479598876, -0.025077210245001 ], [ 109.326309199909701, -0.025076739899589 ], [ 109.326307185428334, -0.025073630943268 ], [ 109.326296120169843, -0.02505656001216 ], [ 109.326295739756631, -0.025055979949457 ], [ 109.326228170094055, -0.024951709853497 ], [ 109.326167869651499, -0.024858639914271 ], [ 109.326166948745765, -0.024857220784043 ], [ 109.326166650170819, -0.024856760331204 ], [ 109.326166589916227, -0.024856639822019 ], [ 109.326166310227109, -0.024856209946108 ], [ 109.326165630339631, -0.024854809701651 ], [ 109.3261549203134, -0.024832930095613 ], [ 109.326153629786234, -0.024830330155567 ], [ 109.326153699933343, -0.024830220438275 ], [ 109.326153080300458, -0.024829199707767 ], [ 109.326141919713905, -0.024806540389477 ], [ 109.326137430298218, -0.02479943034939 ], [ 109.326132379705598, -0.024791439873013 ], [ 109.326107560215803, -0.024754480434865 ], [ 109.326104360427962, -0.024749720323314 ], [ 109.326102020392, -0.024746239946978 ], [ 109.326088749995904, -0.024726480043 ], [ 109.326081339582231, -0.024712170030568 ], [ 109.326075976924869, -0.024701810739941 ], [ 109.326029720295423, -0.024612480181759 ], [ 109.326028061945578, -0.024609278595278 ], [ 109.325986339697863, -0.024528710131847 ], [ 109.325986229980572, -0.024528499690462 ], [ 109.325866792818317, -0.024301154674504 ], [ 109.325756060194067, -0.024090379667257 ], [ 109.325755740035447, -0.024090510068959 ], [ 109.325755999939531, -0.024090279842483 ], [ 109.325757548572085, -0.02404315896456 ], [ 109.32576538526439, -0.023804710019306 ], [ 109.325765539947781, -0.023799979585363 ], [ 109.325765540847101, -0.023799888753842 ], [ 109.325766530101362, -0.023719400330037 ], [ 109.325768809882732, -0.023638730243135 ], [ 109.325780620679154, -0.023523799583643 ], [ 109.325782479577811, -0.02350571961324 ], [ 109.325781189950021, -0.023505949839659 ], [ 109.325795160018686, -0.023379390046784 ], [ 109.325805809790324, -0.023256629889488 ], [ 109.325805840367309, -0.023256285449179 ], [ 109.325806301719524, -0.02325096056336 ], [ 109.325814790420281, -0.023153199760316 ], [ 109.32581973039629, -0.023116400401534 ], [ 109.325836339975183, -0.022946620090408 ], [ 109.325854650172005, -0.022855990011863 ], [ 109.325854689742187, -0.022855999904436 ], [ 109.32585787963751, -0.022832259601046 ], [ 109.325859709757879, -0.022818619583575 ], [ 109.325864610163705, -0.022791489735425 ], [ 109.325866999662367, -0.022790749593355 ], [ 109.325867115674896, -0.022790185718463 ], [ 109.325938609978948, -0.022442079738141 ], [ 109.325947810942807, -0.022397294399582 ], [ 109.32596427213349, -0.022317171100497 ], [ 109.325964479876916, -0.022316160262562 ], [ 109.325962799943341, -0.022316629708655 ], [ 109.326020204568863, -0.021985818590622 ], [ 109.326020670417677, -0.021983140409532 ], [ 109.32602556003161, -0.021982009961732 ], [ 109.326025630178776, -0.021981619655946 ], [ 109.326020430298684, -0.021982810358338 ], [ 109.326050369628888, -0.02179999977011 ], [ 109.32613618024061, -0.021283680097724 ], [ 109.326190430044392, -0.021021880255546 ], [ 109.326194852010872, -0.021000543839989 ], [ 109.326196360173924, -0.020993270123256 ], [ 109.326225354316705, -0.020853335612912 ], [ 109.326225619616707, -0.020852049582402 ], [ 109.326227929975062, -0.02084091957272 ], [ 109.326262139286371, -0.020675825628814 ], [ 109.326400369581449, -0.020008730118775 ], [ 109.326484799733805, -0.019601320144773 ], [ 109.326484806928363, -0.019601287769149 ], [ 109.326511979943973, -0.019468650357908 ], [ 109.326561490320557, -0.019229490048872 ], [ 109.326563604626699, -0.019219188314821 ], [ 109.326564789933173, -0.019213420063238 ], [ 109.326768604187805, -0.019178860915645 ], [ 109.32712764322622, -0.019117981309762 ], [ 109.327163859824338, -0.019111839839468 ], [ 109.327585200296824, -0.019040449856845 ], [ 109.327585200296824, -0.019040299670053 ], [ 109.327585560025625, -0.019040236717501 ], [ 109.32772092957731, -0.019016570158556 ], [ 109.327954802772012, -0.018975297571899 ], [ 109.328085459876149, -0.018952239853945 ], [ 109.328116369574843, -0.018946780069768 ], [ 109.328400459113936, -0.018894824436529 ], [ 109.328488570191439, -0.018878710384115 ], [ 109.328489789672119, -0.018878490050213 ], [ 109.328754929596357, -0.018830000404137 ], [ 109.328804869848909, -0.018820800339597 ], [ 109.328809372754392, -0.018819971164703 ], [ 109.329001500319066, -0.018784590036773 ], [ 109.329001549781765, -0.018784580144199 ], [ 109.329082887165555, -0.018769607331478 ], [ 109.329083139875081, -0.018769559667419 ], [ 109.329083149767598, -0.018769770108747 ], [ 109.329187519688332, -0.018750270108853 ], [ 109.329640549571764, -0.018665109707001 ], [ 109.329640650295858, -0.018665519797878 ], [ 109.329814269812744, -0.018633660415048 ], [ 109.329818868945722, -0.018632904984543 ], [ 109.330032673768926, -0.01859782872674 ], [ 109.330117700171797, -0.018583880241806 ], [ 109.330429940289548, -0.018533679185907 ], [ 109.330488378236112, -0.018524283968475 ], [ 109.330504450020385, -0.01852170021624 ], [ 109.330683719977742, -0.018479239625151 ], [ 109.330684069814026, -0.018479159585524 ], [ 109.330839969988688, -0.018441749586998 ], [ 109.330843774120922, -0.018454383263133 ], [ 109.330850761853242, -0.018477587570544 ], [ 109.3308519399651, -0.018481499621487 ], [ 109.330850798725464, -0.018477638831939 ], [ 109.330842951241266, -0.018451090845133 ], [ 109.33084019032259, -0.018441749586998 ], [ 109.330840592319532, -0.018441655158199 ], [ 109.331058759754001, -0.018389900073771 ], [ 109.331151610258644, -0.01836787028094 ], [ 109.331658639934346, -0.018205830434681 ], [ 109.331721079863996, -0.018185869981892 ], [ 109.331721800220976, -0.018185430213407 ], [ 109.331744080025317, -0.018171739833861 ], [ 109.331949700118628, -0.018045379690477 ], [ 109.331977410029538, -0.018028360020764 ], [ 109.332002129694615, -0.018013270296137 ], [ 109.33204520991859, -0.017986879690682 ], [ 109.332206649916998, -0.017887740226968 ], [ 109.332211446001509, -0.017884783256079 ], [ 109.332294260072103, -0.017833719750342 ], [ 109.332297660408756, -0.017831619833316 ], [ 109.332560450404515, -0.017626040209564 ], [ 109.332640118646623, -0.017563707299189 ], [ 109.332647170230757, -0.017558189958436 ], [ 109.332647299733139, -0.017558279890636 ], [ 109.332749010358611, -0.017478920116048 ], [ 109.332782119799049, -0.017453089788205 ], [ 109.33281744966564, -0.017425809753263 ], [ 109.332817580067342, -0.017425719821063 ], [ 109.332817459558157, -0.017425780075655 ], [ 109.332818320209356, -0.017424330368499 ], [ 109.332962250407604, -0.01717897013333 ], [ 109.333107140182449, -0.016963769562267 ], [ 109.333123640043993, -0.016937350178523 ], [ 109.333180239776311, -0.01685518991502 ], [ 109.333184929740753, -0.016848220169152 ], [ 109.333185659990249, -0.016847319947829 ], [ 109.333187169951998, -0.016845130098602 ], [ 109.333518286839535, -0.016436741662233 ], [ 109.333522498364687, -0.016431548077435 ], [ 109.333526315087454, -0.016426889589241 ], [ 109.333526309691479, -0.016426850019059 ], [ 109.333526993176235, -0.016425848174322 ], [ 109.333527167644718, -0.016425591867517 ], [ 109.334671357996854, -0.01474691823563 ], [ 109.334836203727889, -0.014886403084972 ], [ 109.335326005091133, -0.015300850253993 ], [ 109.335675171372145, -0.015589813219265 ], [ 109.336083549016621, -0.015927780242805 ], [ 109.336168042121528, -0.015997704330516 ], [ 109.336183764069517, -0.016010714822585 ], [ 109.336551753160961, -0.016315256743667 ], [ 109.336856805896957, -0.016567712629808 ], [ 109.336917037091666, -0.016617559352824 ], [ 109.337873854594761, -0.017409404320517 ], [ 109.338254338866705, -0.017753482237367 ], [ 109.338530344399942, -0.018003069286181 ], [ 109.339379539134484, -0.018770984193509 ], [ 109.339627897709363, -0.01899557098875 ], [ 109.339696781281475, -0.019057859832344 ], [ 109.339864155006808, -0.019209214833324 ], [ 109.339997645874746, -0.019329928133629 ], [ 109.339998807798793, -0.019330979441122 ], [ 109.340689632820386, -0.019955681809222 ], [ 109.340703470688709, -0.019967186836141 ], [ 109.340703502164956, -0.01996721201715 ], [ 109.341253892653071, -0.020424834738265 ], [ 109.341254459225979, -0.020425305983053 ], [ 109.341495616929251, -0.020625817027792 ], [ 109.341497074730285, -0.020627030213234 ], [ 109.341728085382897, -0.020819102919234 ], [ 109.341945377777051, -0.020999771322352 ], [ 109.342189710087098, -0.021202920977998 ], [ 109.342194275945133, -0.021206717016355 ], [ 109.342765159284738, -0.021681378292953 ], [ 109.342772058883497, -0.021687115068232 ], [ 109.343272466850919, -0.022103179218277 ], [ 109.343290810322685, -0.0221241433145 ], [ 109.343330313043566, -0.022169289281237 ], [ 109.343808397139867, -0.022715664296413 ], [ 109.344135250341594, -0.023089204902817 ], [ 109.344161317191094, -0.023118995844925 ], [ 109.344247135896637, -0.02321707320931 ], [ 109.344331146964919, -0.023365955074723 ], [ 109.344333077809381, -0.023369377894426 ], [ 109.344629438597792, -0.023894579271371 ], [ 109.344632957644933, -0.023900816069784 ], [ 109.34508570604055, -0.024703165118922 ], [ 109.345086001917537, -0.024703689423689 ], [ 109.345296496336289, -0.025076721013818 ], [ 109.345411825395502, -0.025281102740678 ], [ 109.345503217199791, -0.025443065245213 ], [ 109.345586229121238, -0.025642908993007 ], [ 109.345435554007679, -0.025722890199177 ], [ 109.344763898934843, -0.026079414733147 ], [ 109.344759021012067, -0.026080020876236 ], [ 109.344758883415807, -0.026080040661327 ], [ 109.344756597339142, -0.026080299666035 ], [ 109.344756138684886, -0.026080351826749 ], [ 109.344754685380508, -0.026080519100617 ], [ 109.344723694742754, -0.026084085811874 ], [ 109.344714952433151, -0.02608509215321 ], [ 109.34449311216747, -0.026214534273265 ], [ 109.344460709594159, -0.02623343982134 ], [ 109.344429850257427, -0.026251490114134 ], [ 109.344429600245917, -0.026251589938852 ], [ 109.344427340249638, -0.026252910143626 ], [ 109.344426667556718, -0.026253199725318 ], [ 109.344171930090567, -0.026363159831931 ], [ 109.344151639586585, -0.026372000167612 ], [ 109.344149349912641, -0.026372990321192 ], [ 109.34408826975789, -0.026403679686041 ], [ 109.343894081846486, -0.026500812762265 ], [ 109.343892150102704, -0.026501780432795 ], [ 109.343847409730245, -0.026524689762596 ], [ 109.343826149757092, -0.026535370111219 ], [ 109.343792169772883, -0.02655244014295 ], [ 109.34357982994527, -0.026673860310382 ], [ 109.343498419716354, -0.026720240146915 ], [ 109.343492590310859, -0.026724369833744 ], [ 109.343454879938804, -0.026750889941582 ], [ 109.343454654208983, -0.026751048222252 ], [ 109.343423246285852, -0.026773008767293 ], [ 109.343273930047872, -0.026877410164275 ], [ 109.343241930370823, -0.026901760208034 ], [ 109.343033269669718, -0.027060500441678 ], [ 109.343033079912743, -0.027060649729151 ], [ 109.34296494007998, -0.027112500141698 ], [ 109.342907170329681, -0.027166540403471 ], [ 109.342885150429424, -0.02718722031392 ], [ 109.342884011887691, -0.027188267124757 ], [ 109.342883519958548, -0.027188720383094 ], [ 109.342883379664329, -0.027188420009509 ], [ 109.342754930395756, -0.027309559588446 ], [ 109.342753999597448, -0.027310449917309 ], [ 109.342595139753939, -0.027405619773504 ], [ 109.342317250141036, -0.02757208968012 ], [ 109.342311302924372, -0.027576022415474 ], [ 109.342230880151078, -0.027629190334835 ], [ 109.342230970083278, -0.027629339622251 ], [ 109.342231190417181, -0.027629700250429 ], [ 109.341876529278466, -0.02786253922477 ], [ 109.341865479308467, -0.027869793156356 ], [ 109.341715190004095, -0.027968459576698 ], [ 109.341713340098636, -0.027969482105846 ], [ 109.341563718990471, -0.028052111815441 ], [ 109.341562420369485, -0.028052830373781 ], [ 109.341562360114892, -0.028052709864596 ], [ 109.341562770205769, -0.028052479638177 ], [ 109.341562469832184, -0.028051930152401 ], [ 109.341562059741307, -0.028052160378877 ], [ 109.341238599681674, -0.028229760295176 ], [ 109.341199928833703, -0.028251074227626 ], [ 109.341074619997755, -0.028320140362155 ], [ 109.341044450441075, -0.028338939790217 ], [ 109.340928859679195, -0.028410979982709 ], [ 109.340709383731109, -0.028548518699154 ], [ 109.340704180253795, -0.02855177964085 ], [ 109.340703909557817, -0.028551169900538 ], [ 109.340622480443187, -0.028601920442213 ], [ 109.34062269987777, -0.028602346720902 ], [ 109.340622480443187, -0.028601969904912 ], [ 109.340606700039245, -0.028612279732897 ], [ 109.340589332331888, -0.028623059906238 ], [ 109.340486830303064, -0.028686679746443 ], [ 109.340156879836172, -0.028896550035711 ], [ 109.339816741849233, -0.029118026075992 ], [ 109.339721760850637, -0.029179870654445 ], [ 109.339719259836045, -0.029181500226002 ], [ 109.339719088065522, -0.029181171074129 ], [ 109.339172672580844, -0.029542053722764 ], [ 109.339160590189124, -0.029550039702542 ], [ 109.339155791406711, -0.029552858177794 ], [ 109.339154849816509, -0.02955341036153 ], [ 109.339145486075381, -0.029558918709085 ], [ 109.339126549950379, -0.029570060409924 ], [ 109.33912640965616, -0.02957014044955 ], [ 109.338819630221792, -0.029750629887587 ], [ 109.338819399995373, -0.029750770181863 ], [ 109.338778929603961, -0.029774579733044 ], [ 109.338524093212413, -0.029964193692535 ], [ 109.338523479874766, -0.029964649648832 ], [ 109.338523270332701, -0.029964809728142 ], [ 109.338313772362767, -0.030120692815672 ], [ 109.338281469614174, -0.030144729895312 ], [ 109.338188059731237, -0.030214240294924 ], [ 109.338187819612244, -0.030214410266751 ], [ 109.338139027793943, -0.03025071679707 ], [ 109.338138339812588, -0.03025122941068 ], [ 109.338094909752328, -0.030283540253151 ], [ 109.338049850120569, -0.030324380265881 ], [ 109.338049820442905, -0.030324400050972 ], [ 109.337949920152766, -0.030414909620333 ], [ 109.337949830220566, -0.030414989660017 ], [ 109.33783067004947, -0.030522959566895 ], [ 109.3377426210252, -0.030602734828278 ], [ 109.33774181163534, -0.030603467775791 ], [ 109.337741780159092, -0.030603430004248 ], [ 109.337668499801509, -0.030672210154307 ], [ 109.337132279930813, -0.031175430301801 ], [ 109.336951050350763, -0.031339320053519 ], [ 109.336551770248036, -0.031717100064043 ], [ 109.336488500244172, -0.031781729842919 ], [ 109.336234172868842, -0.032027795146575 ], [ 109.336036143053605, -0.032219392111188 ], [ 109.33594643028357, -0.032306190178474 ], [ 109.33592513973349, -0.032326790049297 ], [ 109.335270280399186, -0.032954800123889 ], [ 109.335184899663432, -0.033036679798897 ], [ 109.33511172992246, -0.033108620166615 ], [ 109.334769230315771, -0.03344532993799 ], [ 109.334769439857837, -0.033445540379319 ], [ 109.33466379020183, -0.033549029863764 ], [ 109.33462661042978, -0.033586090026006 ], [ 109.334242498292724, -0.033952429760802 ], [ 109.334209049807839, -0.033984329613077 ], [ 109.334207459806464, -0.03398588004427 ], [ 109.33345144023184, -0.034706989735753 ], [ 109.332963100266909, -0.035161419863584 ], [ 109.33295056012031, -0.035173090365788 ], [ 109.332950519650808, -0.035173229760687 ], [ 109.332875070128466, -0.035403479586876 ], [ 109.332874609675571, -0.035403570418396 ], [ 109.332874120444387, -0.035405030018069 ], [ 109.332873179753506, -0.035403820429906 ], [ 109.332871759724014, -0.035401990309538 ], [ 109.332871739938923, -0.03540195973261 ], [ 109.332687250316383, -0.035162990079868 ], [ 109.332203979829842, -0.034541549552841 ], [ 109.332024229634555, -0.03431099035987 ], [ 109.332024199956948, -0.034310949890369 ], [ 109.331719509647712, -0.033920119817651 ], [ 109.331531699728203, -0.033620239982042 ], [ 109.331481649758416, -0.033540919777579 ], [ 109.3314812378689, -0.033540255178593 ], [ 109.331481209989931, -0.033540210212493 ], [ 109.331415949786333, -0.033436789975838 ], [ 109.331289972754121, -0.033237133287003 ], [ 109.331288860292716, -0.033238090165696 ], [ 109.331229419602096, -0.033143229676284 ], [ 109.331229360246823, -0.03314312985151 ], [ 109.33122686282951, -0.033139144955555 ], [ 109.330906949696043, -0.032628609722508 ], [ 109.330806876736006, -0.032468900919014 ], [ 109.330734830248275, -0.032353919897446 ], [ 109.33076454025138, -0.032334439682586 ], [ 109.330734920180475, -0.032353829965245 ], [ 109.330637230423918, -0.032198290418705 ], [ 109.33062403557085, -0.032177273262505 ], [ 109.330623399750152, -0.032176259726555 ], [ 109.330623309817952, -0.032176120331656 ], [ 109.330613509905618, -0.032160509899541 ], [ 109.330606620199433, -0.032152710079458 ], [ 109.330423479560011, -0.031857940191742 ], [ 109.330402840119064, -0.031825079863495 ], [ 109.330401172775964, -0.031822419668913 ], [ 109.330380845399759, -0.031789970330806 ], [ 109.330192709925711, -0.031489649827449 ], [ 109.330051978615984, -0.031261731044026 ], [ 109.329902299951243, -0.031019319685811 ], [ 109.329902379990926, -0.031019239646128 ], [ 109.32990228736071, -0.031019090358711 ], [ 109.329641799629428, -0.030597339795349 ], [ 109.329641082869728, -0.030596178770566 ], [ 109.329589549917841, -0.030512739671167 ], [ 109.329526747561431, -0.030411470612819 ], [ 109.329161079620178, -0.029821830113349 ], [ 109.329161510395465, -0.029819919953297 ], [ 109.329159828663251, -0.029817198604803 ], [ 109.328885964415804, -0.029374072055759 ], [ 109.328765879741638, -0.029179769930408 ], [ 109.328765160283979, -0.029180010049402 ], [ 109.328764730408068, -0.029179313974112 ], [ 109.32865831992558, -0.029007149560243 ], [ 109.328658870310676, -0.02900675026126 ], [ 109.328657876559816, -0.029005144072073 ], [ 109.32864192978127, -0.02897934971719 ], [ 109.328644019805722, -0.028977409879531 ], [ 109.328526023357369, -0.028789266311549 ], [ 109.328415500275185, -0.028613039660002 ] ] ] ] } },
{ "type": "Feature", "properties": { "OBJECTID_1": 902402, "kdprov": "61", "kdkab": "71", "kdkec": "011", "kddesa": "001", "nmprov": "KALIMANTAN BARAT", "nmkab": "KOTA PONTIANAK", "nmkec": "PONTIANAK TENGGARA", "nmdesa": "BANGKA BELITUNG LAUT", "nmsls": "RT 004 RW 006", "RT": "RT 004 ", "RW": "RW 006", "KRW": "BBLRW 006", "Puskesmas": "Pkm Kampung Bangka" }, "geometry": { "type": "MultiPolygon", "coordinates": [ [ [ [ 109.353199269930428, -0.059959770227181 ], [ 109.353199029811435, -0.059959469853595 ], [ 109.353032749661736, -0.059757299559692 ], [ 109.353032669622053, -0.059757199734918 ], [ 109.352852600167409, -0.059538259782812 ], [ 109.3528525300203, -0.059538169850612 ], [ 109.352638199993009, -0.059277569704022 ], [ 109.352638030021126, -0.059277360162014 ], [ 109.352460629754319, -0.059061670359768 ], [ 109.352460479567526, -0.059061479703473 ], [ 109.352378009937297, -0.058961219684477 ], [ 109.352273030276194, -0.058830979865775 ], [ 109.352272759580273, -0.058830639922064 ], [ 109.352071789881279, -0.058581339756984 ], [ 109.35185781958279, -0.058315889566586 ], [ 109.351823930430101, -0.058274459598579 ], [ 109.351824239796883, -0.058274009937577 ], [ 109.351823930430101, -0.058273640316202 ], [ 109.351355130035301, -0.058904250330841 ], [ 109.350433559661099, -0.060256259618654 ], [ 109.350220503073842, -0.060578869818926 ], [ 109.349950569763052, -0.060987601796342 ], [ 109.349942217759178, -0.061000248062953 ], [ 109.349476690896608, -0.061705145675887 ], [ 109.349427929655292, -0.061778980015845 ], [ 109.349212419717446, -0.062107790142363 ], [ 109.349075290192559, -0.062322399858829 ], [ 109.349074110282004, -0.062324169724604 ], [ 109.349026070296986, -0.062399270310038 ], [ 109.348842890087383, -0.062614909750209 ], [ 109.34884152041991, -0.062616520435995 ], [ 109.348217280303288, -0.063351360077149 ], [ 109.348110670171366, -0.063471059841504 ], [ 109.348110510092056, -0.063471239705905 ], [ 109.347923180410532, -0.063681570448068 ], [ 109.347835939876802, -0.063783200134537 ], [ 109.347766619234164, -0.06385735912977 ], [ 109.34716986779523, -0.064495762669253 ], [ 109.34709007005074, -0.064581129915155 ], [ 109.346331080015375, -0.065392125046458 ], [ 109.346331062028923, -0.065392146630188 ], [ 109.346156859751318, -0.065595020193996 ], [ 109.346108799981209, -0.065651760220533 ], [ 109.346089040077175, -0.065675138097106 ], [ 109.345837409768706, -0.065972839774702 ], [ 109.345301140435367, -0.066483769810077 ], [ 109.345300990248575, -0.066483910104296 ], [ 109.344266356207413, -0.067587066190129 ], [ 109.343231769830368, -0.06869017011519 ], [ 109.343231589965967, -0.068690410234183 ], [ 109.343230308432055, -0.06868922133043 ], [ 109.34094831291435, -0.066572984355673 ], [ 109.340657709585685, -0.066303489914105 ], [ 109.340291270026171, -0.065963680179664 ], [ 109.34029125024108, -0.065963660394573 ], [ 109.338634820440689, -0.06444128983361 ], [ 109.337785550163062, -0.06368520011182 ], [ 109.33697667023722, -0.062778000004641 ], [ 109.336999409595137, -0.062751130060576 ], [ 109.33699955978193, -0.062750950196119 ], [ 109.337018003078413, -0.062729148831124 ], [ 109.337178210106345, -0.06253976959465 ], [ 109.337225886765339, -0.062483323646404 ], [ 109.337390069696028, -0.062288939682787 ], [ 109.337463665715688, -0.062207085188788 ], [ 109.337761930368856, -0.061875349567686 ], [ 109.337762819798343, -0.061874360313425 ], [ 109.337906720318927, -0.061704749974183 ], [ 109.33806152961597, -0.061557160434575 ], [ 109.338272370273728, -0.061356129581668 ], [ 109.33831642985939, -0.061303039903294 ], [ 109.338394539576427, -0.061208909663378 ], [ 109.338395449690324, -0.061207809792563 ], [ 109.338490765236713, -0.061098427050695 ], [ 109.338786509989518, -0.060759030105089 ], [ 109.339061529865774, -0.060455949582376 ], [ 109.339061680052566, -0.060455779610493 ], [ 109.339088716371236, -0.060425964386695 ], [ 109.339409800422004, -0.060071859928371 ], [ 109.339413580272549, -0.060067439760473 ], [ 109.339493852859107, -0.059973555934789 ], [ 109.33957044991638, -0.059883969969178 ], [ 109.339997655767263, -0.059387102632627 ], [ 109.340005559908718, -0.059377909762702 ], [ 109.340104890028726, -0.059251269930144 ], [ 109.340344959552283, -0.058945209054116 ], [ 109.340376460105631, -0.058905049828127 ], [ 109.340555357743654, -0.058701730200653 ], [ 109.340695400172649, -0.058542569983558 ], [ 109.340956973385687, -0.058240075818787 ], [ 109.340991680022057, -0.058199939975225 ], [ 109.34106121020676, -0.058119529792407 ], [ 109.341565089557321, -0.057544680442618 ], [ 109.341677670288334, -0.057424250428767 ], [ 109.341778665952745, -0.057316115046603 ], [ 109.341880819943924, -0.057206740398726 ], [ 109.342245500429556, -0.056795519997195 ], [ 109.342379367214107, -0.056644533718213 ], [ 109.342482509560227, -0.056528200116304 ], [ 109.342895890133263, -0.056048720272202 ], [ 109.343248320053988, -0.055639890268651 ], [ 109.343262223572822, -0.05562369707593 ], [ 109.343270490141094, -0.055614069833382 ], [ 109.34330128022998, -0.055578140118996 ], [ 109.343323860407907, -0.055551889807816 ], [ 109.343347749998713, -0.05552402971017 ], [ 109.343421870323141, -0.055437829692039 ], [ 109.343435805318222, -0.055421916188436 ], [ 109.344549069783795, -0.05415056979291 ], [ 109.344549089568886, -0.054150540115302 ], [ 109.345386790068346, -0.053193409648088 ], [ 109.345386760390738, -0.05319337997048 ], [ 109.345548009732909, -0.053009349901515 ], [ 109.345552429900806, -0.053004300208215 ], [ 109.345552519833006, -0.053004200383498 ], [ 109.34560095012381, -0.052950609782783 ], [ 109.346100340058683, -0.052406189893702 ], [ 109.346100390420759, -0.052406140431003 ], [ 109.346422790179702, -0.052033359751704 ], [ 109.346422809964793, -0.052033339966613 ], [ 109.34655782068694, -0.051895674445745 ], [ 109.346568750147753, -0.051884530047005 ], [ 109.346566716780615, -0.051881893234736 ], [ 109.34656302956023, -0.051877109740758 ], [ 109.346601980097375, -0.051829870152346 ], [ 109.347032060181505, -0.05130587026963 ], [ 109.347389029879878, -0.050942820254932 ], [ 109.347849822711225, -0.050185315899569 ], [ 109.34801807867143, -0.049908717713095 ], [ 109.348042860389739, -0.049867980223041 ], [ 109.348857904268925, -0.048650274790305 ], [ 109.348923259800642, -0.048552629999847 ], [ 109.348923829970829, -0.048551670423194 ], [ 109.348925039558992, -0.048549770155716 ], [ 109.349441600249691, -0.047695479862455 ], [ 109.34944464625346, -0.047691652347851 ], [ 109.349705480223804, -0.047363909716637 ], [ 109.349713260258795, -0.04735380043752 ], [ 109.349930409660715, -0.04707151044181 ], [ 109.35008406422827, -0.046943109736674 ], [ 109.35011245492592, -0.046919384721775 ], [ 109.350170439614146, -0.046870930149282 ], [ 109.350225600431202, -0.046824849786958 ], [ 109.350226370250823, -0.046824199577088 ], [ 109.350421550114504, -0.046598289879114 ], [ 109.350771880118259, -0.046193249618739 ], [ 109.351073900340282, -0.045863739819708 ], [ 109.351074049627755, -0.045863579740342 ], [ 109.351074070312166, -0.045863600424752 ], [ 109.351086092449293, -0.045851173592723 ], [ 109.351172980448723, -0.045761369991169 ], [ 109.351467510217503, -0.045473350414738 ], [ 109.351497499909726, -0.045440740098002 ], [ 109.351715339991017, -0.045203890147377 ], [ 109.351770070032785, -0.045146679775428 ], [ 109.351972957086389, -0.044934579167432 ], [ 109.35197309018605, -0.044934439772533 ], [ 109.351698910276525, -0.044641699654676 ], [ 109.35169893995419, -0.044641669977068 ], [ 109.351698812250447, -0.044641530582112 ], [ 109.352340289672668, -0.044016669933342 ], [ 109.352351977262003, -0.044004703554151 ], [ 109.35238935038825, -0.043966440099098 ], [ 109.352665360418086, -0.043688459654618 ], [ 109.352958429687817, -0.043424210059186 ], [ 109.352960660006488, -0.043422319684282 ], [ 109.353293859723919, -0.043139480202797 ], [ 109.353326989848767, -0.043111360201067 ], [ 109.353583959432228, -0.04286268506479 ], [ 109.353623179765975, -0.0428247300772 ], [ 109.353837329928922, -0.042641989636081 ], [ 109.353939849944197, -0.042554359695885 ], [ 109.354008489800037, -0.042493779564211 ], [ 109.354008631892896, -0.042493650961148 ], [ 109.354193977669979, -0.042329502204723 ], [ 109.354194062206261, -0.042329432057613 ], [ 109.354194099977803, -0.042329399681989 ], [ 109.354360779426486, -0.042206644920668 ], [ 109.35437285912019, -0.042197747927673 ], [ 109.35437394010529, -0.042196999691726 ], [ 109.354373920320199, -0.042196960121544 ], [ 109.354371940013095, -0.042196569815815 ], [ 109.354370367998172, -0.042196261348352 ], [ 109.354371761048014, -0.042195216336097 ], [ 109.355128704226388, -0.041501706838233 ], [ 109.355463011009192, -0.041854084598299 ], [ 109.355729154576863, -0.042134614620693 ], [ 109.355751902028715, -0.042158591445798 ], [ 109.355942425202841, -0.042359412756639 ], [ 109.356279057632491, -0.042714242967918 ], [ 109.35666073260677, -0.043116549289266 ], [ 109.357178480402581, -0.043662282188507 ], [ 109.357215824750597, -0.043701646413808 ], [ 109.357345345111639, -0.043838166198384 ], [ 109.357347660865912, -0.043840606958383 ], [ 109.35788050198363, -0.044402250663268 ], [ 109.358081572406718, -0.044574597639496 ], [ 109.358135459783682, -0.044620786819792 ], [ 109.358580128670042, -0.045001931194122 ], [ 109.358731078976177, -0.045131316656864 ], [ 109.358994383384129, -0.045357006020936 ], [ 109.359471328039433, -0.045765816239395 ], [ 109.359720403373956, -0.045979308997858 ], [ 109.360239124236273, -0.046423926622879 ], [ 109.360470005386503, -0.046621825137095 ], [ 109.360751207202497, -0.046862856035943 ], [ 109.36075198691475, -0.046863525131528 ], [ 109.360778194058469, -0.046885986598966 ], [ 109.360801290447284, -0.046911832215244 ], [ 109.360853446629335, -0.046970199115322 ], [ 109.360910642612112, -0.047034203865394 ], [ 109.360910844060243, -0.047034428695895 ], [ 109.36108771912302, -0.047232359585678 ], [ 109.361093347080384, -0.047238658437266 ], [ 109.361327989195388, -0.047501232595778 ], [ 109.3613485234157, -0.047524212072688 ], [ 109.36148557559892, -0.047677579756453 ], [ 109.361808337784623, -0.048038766375896 ], [ 109.361957010107972, -0.048205137357172 ], [ 109.362093114405752, -0.048357443840928 ], [ 109.362124007017371, -0.048392014679678 ], [ 109.362204160893384, -0.0484817112619 ], [ 109.362218709226113, -0.048497990789599 ], [ 109.362232349243584, -0.048513254982709 ], [ 109.362444356322044, -0.048750502433677 ], [ 109.362479330057113, -0.048789639130518 ], [ 109.362577524333346, -0.04889952279467 ], [ 109.362588584195862, -0.048911900164001 ], [ 109.36284612215087, -0.049200096007553 ], [ 109.36286811057488, -0.04922470325738 ], [ 109.36288936874945, -0.04924849122483 ], [ 109.36306599290134, -0.049446142425495 ], [ 109.363072864621074, -0.049453833427606 ], [ 109.363336145646656, -0.049748455826546 ], [ 109.363359699790351, -0.049774814056377 ], [ 109.36342892510487, -0.049852280758103 ], [ 109.363683536665917, -0.050137203968745 ], [ 109.363752526358041, -0.050214406269788 ], [ 109.363883135798119, -0.050360564988011 ], [ 109.363989325047385, -0.050479395107971 ], [ 109.364129963726896, -0.050636775566716 ], [ 109.364131989000157, -0.050639042757552 ], [ 109.364255425447595, -0.050777173227914 ], [ 109.364333959644568, -0.05089605730717 ], [ 109.364554979728609, -0.051230632087936 ], [ 109.364619836136569, -0.051328809277095 ], [ 109.364873075332241, -0.051712156091071 ], [ 109.364913539428358, -0.051773408915665 ], [ 109.364968139967743, -0.05185606290695 ], [ 109.365126936858701, -0.052096445394568 ], [ 109.365138521925303, -0.05211398217449 ], [ 109.36515347585231, -0.052136619909049 ], [ 109.365490306132756, -0.052646504032907 ], [ 109.36549326670098, -0.052650987153299 ], [ 109.365686361936127, -0.052943288401991 ], [ 109.365923461898319, -0.053302203333942 ], [ 109.365932801357758, -0.053316339777211 ], [ 109.365957815101126, -0.053354205731978 ], [ 109.366052537094959, -0.053497592739689 ], [ 109.366074735061034, -0.053531196807228 ], [ 109.366254129124798, -0.053802758790255 ], [ 109.366316158064308, -0.053896657005055 ], [ 109.366376695028521, -0.053988296122895 ], [ 109.366379940681782, -0.053993210018575 ], [ 109.36649000870699, -0.054159828313402 ], [ 109.366684246081149, -0.054453858059048 ], [ 109.366884415383538, -0.054756868434708 ], [ 109.366924868687818, -0.054818105970753 ], [ 109.366992416766664, -0.054920357988067 ], [ 109.36709228917789, -0.055071542117901 ], [ 109.367207432976727, -0.055245844220281 ], [ 109.367227849385813, -0.055276749422376 ], [ 109.36733234880893, -0.055434939270981 ], [ 109.367347112079642, -0.055457285625209 ], [ 109.367478928409867, -0.055656827200778 ], [ 109.367534702564512, -0.055741257353077 ], [ 109.367579730720081, -0.055807702863149 ], [ 109.367849763855588, -0.056206173576015 ], [ 109.368668848388722, -0.057414848016776 ], [ 109.368767237817849, -0.05756003636651 ], [ 109.368880957989859, -0.057727846263049 ], [ 109.368909111266532, -0.057769390444946 ], [ 109.368957857219414, -0.057841319121508 ], [ 109.36795591982991, -0.058598319856515 ], [ 109.367955890152246, -0.058598339641605 ], [ 109.367937169864547, -0.058614290017431 ], [ 109.367698089595194, -0.058817960380509 ], [ 109.366687169777151, -0.059679160165047 ], [ 109.366068840005028, -0.060168129655437 ], [ 109.366057450091319, -0.060177139963002 ], [ 109.366056021967893, -0.060178268612162 ], [ 109.366045419860313, -0.060186650293645 ], [ 109.366045359605721, -0.060186779796027 ], [ 109.36604396205928, -0.060189806914025 ], [ 109.366040569816505, -0.060197148979171 ], [ 109.365953480368887, -0.060385649577995 ], [ 109.36594986959085, -0.060393473679824 ], [ 109.365942321580917, -0.060409833247149 ], [ 109.365935018186576, -0.06042566401311 ], [ 109.365934548740483, -0.060425738656875 ], [ 109.365925934134623, -0.060444327643552 ], [ 109.36588235568621, -0.06053835805875 ], [ 109.365819794348113, -0.060673349895126 ], [ 109.3655757111502, -0.061200011771064 ], [ 109.365330808669967, -0.061724887593414 ], [ 109.365272611741716, -0.061849617265977 ], [ 109.365108207577805, -0.062203442035184 ], [ 109.364960713366315, -0.062520875737789 ], [ 109.364743596339963, -0.062984899833225 ], [ 109.364315699809765, -0.063923463796755 ], [ 109.364264146173468, -0.064034690148787 ], [ 109.364172888368159, -0.064231576026373 ], [ 109.364121849144055, -0.064344298850244 ], [ 109.364074879352245, -0.064448035648297 ], [ 109.364017890213518, -0.064574566662884 ], [ 109.363865641286395, -0.064912601135575 ], [ 109.363761036642586, -0.065149971793744 ], [ 109.363461832197856, -0.065828936556102 ], [ 109.363275292121102, -0.06625308381274 ], [ 109.363234327102589, -0.066346230194313 ], [ 109.363212478972798, -0.066395905146862 ], [ 109.363182196101548, -0.066464761739326 ], [ 109.363153557190969, -0.06652863518832 ], [ 109.363137874813106, -0.066560974809079 ], [ 109.363128146846577, -0.066581035985962 ], [ 109.363099302890589, -0.066640979397619 ], [ 109.363069575800353, -0.066702757426242 ], [ 109.363013062402956, -0.066813472963361 ], [ 109.363002173411644, -0.066834805781639 ], [ 109.36297162793835, -0.066894645771242 ], [ 109.362954630751688, -0.066927944968654 ], [ 109.362895624433577, -0.067043544723788 ], [ 109.36279525289865, -0.067240179690486 ], [ 109.362688596901307, -0.06744912997334 ], [ 109.362657959697117, -0.067509148928025 ], [ 109.362653142928252, -0.067518587312918 ], [ 109.362581556893417, -0.067658831190045 ], [ 109.362472210124452, -0.06787305239942 ], [ 109.362444862640359, -0.067926626812323 ], [ 109.362366060445368, -0.068081008931358 ], [ 109.362347961589194, -0.068116463803733 ], [ 109.362318355907462, -0.068174464679771 ], [ 109.36226237311007, -0.068284142399193 ], [ 109.362221254307485, -0.068364695574189 ], [ 109.362165394717238, -0.068474131376036 ], [ 109.362096287213944, -0.068609518914116 ], [ 109.362077466202152, -0.068646391118023 ], [ 109.36207300286685, -0.068655134326946 ], [ 109.362072484857379, -0.068656149661535 ], [ 109.362067057448826, -0.068666784144739 ], [ 109.361982827845281, -0.068831796250322 ], [ 109.361963833264326, -0.068869009297316 ], [ 109.361871934242458, -0.069049048174975 ], [ 109.361856912866301, -0.069078473992306 ], [ 109.361772889207543, -0.069243085000323 ], [ 109.361772360406178, -0.069244121019324 ], [ 109.361772329829193, -0.069244183971875 ], [ 109.361767263048819, -0.069254107990616 ], [ 109.361758723985986, -0.069270836279998 ], [ 109.361754770566279, -0.069278579442823 ], [ 109.361750176829275, -0.069287579857871 ], [ 109.361749741557389, -0.069288432415192 ], [ 109.361740670095912, -0.069306204817451 ], [ 109.36173602599689, -0.069315304157897 ], [ 109.361735597020242, -0.069316143225365 ], [ 109.361732089664258, -0.069323014045835 ], [ 109.361731881920889, -0.069323971823792 ], [ 109.361703549679135, -0.069379060695042 ], [ 109.361704181902553, -0.06937768832961 ], [ 109.361694339722078, -0.069396969794298 ], [ 109.361691148927434, -0.069402250613336 ], [ 109.361670454627813, -0.069436503092106 ], [ 109.361540120380312, -0.069652229766518 ], [ 109.361504929908676, -0.069616589633881 ], [ 109.361504810298811, -0.069616839645391 ], [ 109.361476148005863, -0.069584063853426 ], [ 109.361390207891816, -0.06948578683955 ], [ 109.359302031563573, -0.067097858379441 ], [ 109.359300320153693, -0.06709589965601 ], [ 109.358588636256627, -0.066274904063505 ], [ 109.358588146126124, -0.066274338389974 ], [ 109.35849450961399, -0.06616631991966 ], [ 109.358479149193442, -0.066148600577435 ], [ 109.357719919938404, -0.06527279040688 ], [ 109.356262219625819, -0.063675099825957 ], [ 109.356253648187362, -0.063665708205804 ], [ 109.356249780203257, -0.063661469701003 ], [ 109.356249760418166, -0.063661440023395 ], [ 109.354619136663871, -0.061681188635873 ], [ 109.354610055309877, -0.061670160249662 ], [ 109.354472729732777, -0.061503389969403 ], [ 109.354263649947541, -0.061250470033144 ], [ 109.35378114208612, -0.060667219216725 ], [ 109.3537794333742, -0.0606651525747 ], [ 109.353620870306997, -0.060472390088705 ], [ 109.353620849622587, -0.06047236041104 ], [ 109.353405130142676, -0.060210070438359 ], [ 109.353405099565748, -0.060210029968857 ], [ 109.353199269930428, -0.059959770227181 ] ] ] ] } },
{ "type": "Feature", "properties": { "OBJECTID_1": 899693, "kdprov": "61", "kdkab": "71", "kdkec": "020", "kddesa": "006", "nmprov": "KALIMANTAN BARAT", "nmkab": "KOTA PONTIANAK", "nmkec": "PONTIANAK TIMUR", "nmdesa": "DALAM BUGIS", "nmsls": "RT 003 RW 011", "RT": "RT 003 ", "RW": "RW 011", "KRW": "DBRW 011", "Puskesmas": "Pkm Kampung Dalam" }, "geometry": { "type": "MultiPolygon", "coordinates": [ [ [ [ 109.347542400261602, -0.022381653390539 ], [ 109.34761151675815, -0.022371624151106 ], [ 109.347634668904902, -0.022368265183218 ], [ 109.347985203954067, -0.022317401326973 ], [ 109.348067061146025, -0.0223055230814 ], [ 109.348126505433925, -0.022296897683646 ], [ 109.348214862026339, -0.022284076948552 ], [ 109.348331903394694, -0.022267094151005 ], [ 109.348644975385355, -0.022221670293789 ], [ 109.348652777004133, -0.022220533550751 ], [ 109.349401361883395, -0.022111911635363 ], [ 109.349468731896536, -0.022102689087774 ], [ 109.349587078181173, -0.022085078563464 ], [ 109.349601325241053, -0.022082958861404 ], [ 109.34960859805841, -0.022074540307756 ], [ 109.349841196913758, -0.022027652354211 ], [ 109.349873568910141, -0.022021126873483 ], [ 109.350135842695067, -0.021968258428331 ], [ 109.350697495393149, -0.0218550409773 ], [ 109.350703832016279, -0.021853763939987 ], [ 109.350746405921939, -0.021845181709693 ], [ 109.351580287900049, -0.021677089426078 ], [ 109.351962890974676, -0.021599963567439 ], [ 109.352384890650228, -0.021514897594386 ], [ 109.352643888204909, -0.021462690150997 ], [ 109.352693091013407, -0.021452772427438 ], [ 109.352955051834215, -0.021399966035574 ], [ 109.353380926688487, -0.021314118551686 ], [ 109.35393596577228, -0.021202234795226 ], [ 109.353943542560501, -0.021200707746402 ], [ 109.35452533377719, -0.021083430755652 ], [ 109.354601105256847, -0.021068156670026 ], [ 109.354658266166098, -0.021056633656656 ], [ 109.354730091420663, -0.021042156370356 ], [ 109.355440645769249, -0.020898923146717 ], [ 109.355534595245445, -0.020879985223075 ], [ 109.356135301902725, -0.020758895106894 ], [ 109.35614325101028, -0.020757293414306 ], [ 109.356816549144469, -0.020621570429057 ], [ 109.356877612212088, -0.020609261408254 ], [ 109.357133096115547, -0.020557760831935 ], [ 109.357148863029693, -0.02055531377664 ], [ 109.358270132360758, -0.020381266182426 ], [ 109.35841793683835, -0.020358322678419 ], [ 109.358425251024585, -0.020357187733964 ], [ 109.358759465177229, -0.020305310341769 ], [ 109.359281223949381, -0.020224320995567 ], [ 109.359403922053446, -0.020205275153273 ], [ 109.360496205335664, -0.020035726867263 ], [ 109.360877479212377, -0.019976544282031 ], [ 109.361408551363638, -0.019894108826009 ], [ 109.361615245247435, -0.019862024612678 ], [ 109.36178857158535, -0.019856158335017 ], [ 109.362986457758893, -0.01981561419916 ], [ 109.362986018889728, -0.020069676274488 ], [ 109.362984587169024, -0.020898624571828 ], [ 109.362984117722931, -0.020912142281475 ], [ 109.362984290392774, -0.020912119798425 ], [ 109.362971913023443, -0.021263912999132 ], [ 109.362968624202722, -0.0213573849353 ], [ 109.362953463431666, -0.021788304086897 ], [ 109.362916532771806, -0.022837967598093 ], [ 109.362890490203995, -0.023578168997233 ], [ 109.362880219946248, -0.023870079940195 ], [ 109.362870650260334, -0.024142220187287 ], [ 109.362737342854132, -0.024661189262417 ], [ 109.362724979873974, -0.024709320079012 ], [ 109.362653579998778, -0.024990764711958 ], [ 109.36260586017238, -0.025178869609078 ], [ 109.362595079998982, -0.025221090081175 ], [ 109.362472030260051, -0.025584769621389 ], [ 109.362471479874955, -0.02558639739425 ], [ 109.362471150723081, -0.025587367762739 ], [ 109.362470409681748, -0.025589560309925 ], [ 109.36206869511426, -0.026777050320561 ], [ 109.361503428040805, -0.028447987984237 ], [ 109.362330842094764, -0.028532418136535 ], [ 109.364225288266482, -0.028377418183254 ], [ 109.364225758611951, -0.028378064795788 ], [ 109.364462300095113, -0.028702899918869 ], [ 109.364547997392208, -0.028820567215348 ], [ 109.364628830256379, -0.028931557045667 ], [ 109.364636370172434, -0.028941910041056 ], [ 109.364877634894981, -0.029273186108583 ], [ 109.365064487036534, -0.029529749198502 ], [ 109.365066089628385, -0.029531949839566 ], [ 109.365272452561669, -0.029815289344072 ], [ 109.365310209698464, -0.029867129864101 ], [ 109.365412619996448, -0.030007749657898 ], [ 109.365412649674113, -0.030007790127343 ], [ 109.365495280283028, -0.030111999968767 ], [ 109.365515556397895, -0.030137573989805 ], [ 109.365836546019864, -0.030542427191222 ], [ 109.365977660440763, -0.030720410218692 ], [ 109.36597769011837, -0.030720430003782 ], [ 109.366044099655539, -0.030781482279508 ], [ 109.366046436094223, -0.030783629860593 ], [ 109.366071400374892, -0.030806579659895 ], [ 109.365567879853813, -0.03115146336927 ], [ 109.365402089834618, -0.031265019864748 ], [ 109.365291369800957, -0.031336310022652 ], [ 109.365279909740082, -0.031343680866144 ], [ 109.36523144977167, -0.031374849569602 ], [ 109.365230609804883, -0.031375380169607 ], [ 109.364950749777336, -0.031559760074799 ], [ 109.36492510021327, -0.031576689812312 ], [ 109.364860107108314, -0.031619588373246 ], [ 109.364848126340007, -0.03162749611198 ], [ 109.364119519899987, -0.03210839958291 ], [ 109.363577240397376, -0.032466319864739 ], [ 109.363461522831074, -0.032540842186052 ], [ 109.363297519764785, -0.032646460365811 ], [ 109.361901600178783, -0.033545419985103 ], [ 109.36189207006305, -0.033551789883177 ], [ 109.361877133223174, -0.033561777753789 ], [ 109.361865915979308, -0.033569278099662 ], [ 109.361784330382591, -0.033623830075669 ], [ 109.360964850147752, -0.034171849950894 ], [ 109.360369030406503, -0.034570350341369 ], [ 109.360116609593945, -0.034738969627711 ], [ 109.359978610424605, -0.034826079759739 ], [ 109.359589624861371, -0.035071762851544 ], [ 109.359020630098087, -0.03543114003503 ], [ 109.359008753651096, -0.035438643978182 ], [ 109.358901739723592, -0.035506260405555 ], [ 109.358728809986644, -0.035615529832796 ], [ 109.358619259970908, -0.035684120225937 ], [ 109.358519999998066, -0.035745540324399 ], [ 109.358312660400998, -0.035875469876999 ], [ 109.358249230317767, -0.035915210018857 ], [ 109.358240149863093, -0.035920890136936 ], [ 109.357928809966666, -0.036115310073455 ], [ 109.357671340360127, -0.036276580100036 ], [ 109.357451629689024, -0.036069489615215 ], [ 109.357297580319141, -0.035924810281699 ], [ 109.356984750246113, -0.035630999970635 ], [ 109.35696600028075, -0.035612539586964 ], [ 109.356915589682785, -0.035562889815481 ], [ 109.356887288018015, -0.03553488762492 ], [ 109.356609169977276, -0.035259724756429 ], [ 109.356600219924246, -0.035250870031575 ], [ 109.356387703829512, -0.035040684080286 ], [ 109.356126740356842, -0.03478257955237 ], [ 109.356012530054272, -0.034669620206785 ], [ 109.355990636958381, -0.03464796722983 ], [ 109.355862860382786, -0.034521589999315 ], [ 109.355675049563956, -0.034276059792262 ], [ 109.355471234410004, -0.034009609555767 ], [ 109.355464350099737, -0.034000610040096 ], [ 109.355412549149889, -0.033932927062892 ], [ 109.355283130412204, -0.033763830236524 ], [ 109.355283039580684, -0.033763709727396 ], [ 109.355235281083424, -0.033693469977607 ], [ 109.3551418496167, -0.033556059864225 ], [ 109.355074080304632, -0.033456409585597 ], [ 109.354906882846421, -0.033210548428031 ], [ 109.35485292981889, -0.033131211136435 ], [ 109.354680279771173, -0.032877329824885 ], [ 109.354677132143991, -0.032872706410217 ], [ 109.354676890226358, -0.032872350278694 ], [ 109.354661449766127, -0.032849649591583 ], [ 109.354657509836272, -0.032843874145442 ], [ 109.354597519659876, -0.032755930341864 ], [ 109.354360238933964, -0.032408094158143 ], [ 109.354161489661067, -0.03211674259353 ], [ 109.354156869843735, -0.032109969799194 ], [ 109.354044729780526, -0.031945630386474 ], [ 109.354035543205839, -0.031932134260558 ], [ 109.353940750165521, -0.031792890429529 ], [ 109.35391881030489, -0.031766149987789 ], [ 109.353907209949853, -0.031751859760448 ], [ 109.353885439161729, -0.031725113023526 ], [ 109.353850200126715, -0.031681819660207 ], [ 109.353706910245762, -0.031505379869316 ], [ 109.35370668991186, -0.031505110072715 ], [ 109.353676075190776, -0.031467475243744 ], [ 109.353608609849516, -0.031384539764645 ], [ 109.353608609849516, -0.031384389577852 ], [ 109.353563799329947, -0.031329272827634 ], [ 109.353551260082668, -0.031313850353854 ], [ 109.353381528334921, -0.031135575946053 ], [ 109.353329689613531, -0.031081130090058 ], [ 109.353301869985387, -0.031051949787582 ], [ 109.353301899662995, -0.031051930002548 ], [ 109.353184559719693, -0.030928319985946 ], [ 109.353091520357452, -0.030830319963229 ], [ 109.35309146010286, -0.03083024981612 ], [ 109.353091409740841, -0.030830210245938 ], [ 109.353004948019986, -0.030739177271187 ], [ 109.352962220330255, -0.03069418958512 ], [ 109.352837468174698, -0.030559488229756 ], [ 109.352764230085199, -0.030480409942925 ], [ 109.352759069775288, -0.03047482964962 ], [ 109.352755505762048, -0.030476847728266 ], [ 109.352414960382191, -0.030669710039035 ], [ 109.352414480144205, -0.030669969943119 ], [ 109.352221188856845, -0.030776257218463 ], [ 109.352209199994661, -0.030782850148341 ], [ 109.35190616983391, -0.030932470357186 ], [ 109.351638220427617, -0.031075680198455 ], [ 109.351433719990268, -0.031185140281934 ], [ 109.351386174632296, -0.031210586599229 ], [ 109.351152582026089, -0.031335611249403 ], [ 109.351152080204372, -0.031335880146685 ], [ 109.351115180121553, -0.031286719606385 ], [ 109.350791079744567, -0.030854990165608 ], [ 109.350644439889038, -0.030680459635448 ], [ 109.350578967445472, -0.030601796835413 ], [ 109.350559610437756, -0.030578540367287 ], [ 109.350559370318763, -0.030578239993758 ], [ 109.350528859918995, -0.03053948011285 ], [ 109.350318229702623, -0.030272230379069 ], [ 109.350318209917532, -0.030272199802141 ], [ 109.350269550299572, -0.030210480229414 ], [ 109.350166970029704, -0.03011247031418 ], [ 109.349862429907262, -0.029731330436505 ], [ 109.349840150102921, -0.029703445157793 ], [ 109.349832853903138, -0.02969431344178 ], [ 109.349828049724749, -0.029688299675229 ], [ 109.349828020047141, -0.029688269997621 ], [ 109.349672979624359, -0.029508380407378 ], [ 109.349394640350454, -0.029185399686412 ], [ 109.349357350861112, -0.029142129705463 ], [ 109.34932573969121, -0.029105449956489 ], [ 109.349244240429414, -0.029010860162998 ], [ 109.349118589851116, -0.029072069820131 ], [ 109.348966320239526, -0.028899810078144 ], [ 109.348841086946663, -0.028758130882977 ], [ 109.348627999782423, -0.028517060413947 ], [ 109.348627960212241, -0.028517019944445 ], [ 109.348280224752614, -0.028096405224858 ], [ 109.348166050422947, -0.027958299935563 ], [ 109.348166009953445, -0.027958249573487 ], [ 109.347975590201372, -0.027684659619297 ], [ 109.347607056120808, -0.027829942397886 ], [ 109.347529489594308, -0.027860520246747 ], [ 109.347529450024183, -0.02786048966982 ], [ 109.347529424843117, -0.027860469884729 ], [ 109.347528238637381, -0.027860935733543 ], [ 109.347528175684829, -0.027860960914552 ], [ 109.346621325413878, -0.028133650647419 ], [ 109.346620898235926, -0.028133779250481 ], [ 109.346602514294659, -0.028089521813911 ], [ 109.346531628831656, -0.02791887185839 ], [ 109.346530507377054, -0.027916171194306 ], [ 109.346476290848216, -0.027785651686429 ], [ 109.346474111790883, -0.027780405940916 ], [ 109.346255181731294, -0.027253351061233 ], [ 109.346253864224536, -0.027250179152418 ], [ 109.345986013743584, -0.026605353554203 ], [ 109.345985487640178, -0.026604089107366 ], [ 109.34592333729222, -0.026454465301299 ], [ 109.345602827908237, -0.025682870368144 ], [ 109.345601909700406, -0.025680660733883 ], [ 109.345586229121238, -0.025642908993007 ], [ 109.345503217199791, -0.025443065245213 ], [ 109.345411825395502, -0.025281102740678 ], [ 109.345296496336289, -0.025076721013818 ], [ 109.345086001917537, -0.024703689423689 ], [ 109.34508570604055, -0.024703165118922 ], [ 109.344632957644933, -0.023900816069784 ], [ 109.344629438597792, -0.023894579271371 ], [ 109.344333077809381, -0.023369377894426 ], [ 109.344331146964919, -0.023365955074723 ], [ 109.344247135896637, -0.02321707320931 ], [ 109.344250695413336, -0.023216112733394 ], [ 109.344615506300613, -0.023117672042872 ], [ 109.345588240005327, -0.022855186917297 ], [ 109.345669995573871, -0.022833125648162 ], [ 109.345709114284261, -0.022822570305323 ], [ 109.346092899967402, -0.022730266588496 ], [ 109.346453571275333, -0.022643523379827 ], [ 109.346542593366053, -0.022622113219882 ], [ 109.346550848243112, -0.022620128416122 ], [ 109.346730968059774, -0.022576808073211 ], [ 109.347311630627303, -0.022437155050625 ], [ 109.347314903260212, -0.022436368143815 ], [ 109.347542400261602, -0.022381653390539 ] ] ] ] } },
{ "type": "Feature", "properties": { "OBJECTID_1": 898751, "kdprov": "61", "kdkab": "71", "kdkec": "031", "kddesa": "005", "nmprov": "KALIMANTAN BARAT", "nmkab": "KOTA PONTIANAK", "nmkec": "PONTIANAK KOTA", "nmdesa": "SUNGAI JAWI", "nmsls": "RT 001 RW 038", "RT": "RT 001 ", "RW": "RW 038", "KRW": "SJRW 038", "Puskesmas": "Pkm Karya Mulia" }, "geometry": { "type": "MultiPolygon", "coordinates": [ [ [ [ 109.295777137305095, -0.035401633278695 ], [ 109.295777192163769, -0.035401697130567 ], [ 109.296115491936462, -0.035831493928242 ], [ 109.297839746806915, -0.038022005910818 ], [ 109.297953883365096, -0.038251637003384 ], [ 109.300410088354965, -0.03717352883524 ], [ 109.300410449882406, -0.037173370554569 ], [ 109.301078962724034, -0.038271254814504 ], [ 109.301296365734743, -0.038091896723586 ], [ 109.301957630939967, -0.039049345550836 ], [ 109.302561377305778, -0.039923517156524 ], [ 109.303782039709404, -0.042095387991708 ], [ 109.303782003736558, -0.042095411374078 ], [ 109.304284725659613, -0.042945126816107 ], [ 109.304561829265083, -0.045212484968147 ], [ 109.304153770879907, -0.045486977841733 ], [ 109.304327422772417, -0.04561880766181 ], [ 109.304343019714622, -0.045607079602973 ], [ 109.304343140223807, -0.045606989670773 ], [ 109.304355100307703, -0.045597990155102 ], [ 109.304360669809114, -0.045593239936011 ], [ 109.304660269955548, -0.045368639650974 ], [ 109.304721170245898, -0.045309400408428 ], [ 109.304882210046003, -0.045152740306662 ], [ 109.304919350247872, -0.045116610043465 ], [ 109.305663259551864, -0.044392969659782 ], [ 109.305672661064534, -0.044383825353236 ], [ 109.306052329651379, -0.044014499869206 ], [ 109.306255740110373, -0.043812979785116 ], [ 109.306260070346013, -0.043815960138375 ], [ 109.306260850058266, -0.043815169634343 ], [ 109.306481919604948, -0.043593820398428 ], [ 109.306550820264192, -0.043527630295841 ], [ 109.306677100367949, -0.043626490070437 ], [ 109.307065780161679, -0.04317681016164 ], [ 109.307083190137178, -0.043118409986562 ], [ 109.307316110050522, -0.042848029712729 ], [ 109.307677266992357, -0.042428807143665 ], [ 109.307692611225093, -0.042410996070544 ], [ 109.307693183193919, -0.042410332370878 ], [ 109.307910320005305, -0.042158290172893 ], [ 109.307945649871897, -0.042116440221491 ], [ 109.307946190364476, -0.042116790057776 ], [ 109.308114580323661, -0.041921999600561 ], [ 109.308150619755338, -0.041880309728469 ], [ 109.308281239987309, -0.04172079967509 ], [ 109.308280239941155, -0.041720080217488 ], [ 109.308333649778149, -0.041656810213567 ], [ 109.308671300240349, -0.041240739768284 ], [ 109.308673517968543, -0.041238319692638 ], [ 109.308925338033987, -0.040963551626533 ], [ 109.30905054974312, -0.0408269302186 ], [ 109.309075430386883, -0.040798949611769 ], [ 109.309269049926797, -0.040587310356045 ], [ 109.309268770237622, -0.04058155019834 ], [ 109.309263000187343, -0.040459719940088 ], [ 109.309331381937795, -0.040379357421386 ], [ 109.310989607684292, -0.041669087758123 ], [ 109.311923266745453, -0.040555137109834 ], [ 109.313230058120723, -0.041657978432909 ], [ 109.31366298455913, -0.041133313951207 ], [ 109.313705414573292, -0.041081894313947 ], [ 109.31453371625804, -0.041987847960741 ], [ 109.316549649147078, -0.044312204244761 ], [ 109.316549605080297, -0.044312244714263 ], [ 109.316756287272881, -0.044551589384298 ], [ 109.317099902938253, -0.044265241647508 ], [ 109.317406203033897, -0.044009996963723 ], [ 109.318442176165547, -0.045200708345988 ], [ 109.318457965562743, -0.045218843175007 ], [ 109.320111430298311, -0.047107581349735 ], [ 109.320082529685067, -0.047136669921315 ], [ 109.319990150425156, -0.047229829792741 ], [ 109.319990086573284, -0.047229756947672 ], [ 109.319926109702237, -0.047294300391627 ], [ 109.319921829828672, -0.047298430078456 ], [ 109.319907730257626, -0.047312619581703 ], [ 109.319876680264656, -0.04734196985595 ], [ 109.319869470399794, -0.047348919816727 ], [ 109.319708800221008, -0.047501190327637 ], [ 109.319668564552671, -0.047539312589151 ], [ 109.319311700074934, -0.047877449584576 ], [ 109.319311159582412, -0.047877960399489 ], [ 109.319306959748474, -0.047881939899582 ], [ 109.31928412955898, -0.047903580285947 ], [ 109.31924273196654, -0.047943933765509 ], [ 109.319220542993719, -0.047965563360037 ], [ 109.319189779884482, -0.047995550354301 ], [ 109.318987130251912, -0.048215100046775 ], [ 109.31866482042517, -0.048530819641542 ], [ 109.318426832832131, -0.048776053072345 ], [ 109.318245750740857, -0.048962648007773 ], [ 109.318204231739969, -0.049005432354761 ], [ 109.318135950713611, -0.049075797110277 ], [ 109.318133230264436, -0.049078600297094 ], [ 109.318132800388469, -0.049078290030991 ], [ 109.317836848791615, -0.049374909824166 ], [ 109.317800679857555, -0.049411159697229 ], [ 109.31775838833903, -0.049453310022216 ], [ 109.317506321859355, -0.049704532038447 ], [ 109.317262000341088, -0.049948035173657 ], [ 109.317189059927216, -0.050020730072561 ], [ 109.317189009565197, -0.050020689603116 ], [ 109.317122990333814, -0.050085179987036 ], [ 109.316961668146519, -0.050242721424411 ], [ 109.316849060435857, -0.050352689624901 ], [ 109.316528319926078, -0.050663159876876 ], [ 109.316485049945186, -0.05070474992425 ], [ 109.316464039983543, -0.050728650306894 ], [ 109.316437298642484, -0.050759068076502 ], [ 109.31638113957797, -0.050822949619374 ], [ 109.316380189893891, -0.050824019812637 ], [ 109.316341340080839, -0.050868209800001 ], [ 109.31632684031149, -0.050868690037987 ], [ 109.31633409963905, -0.050875899902792 ], [ 109.316334030391261, -0.050875950264867 ], [ 109.316326789949471, -0.050868760185097 ], [ 109.316270620093121, -0.05092510001333 ], [ 109.316168145043946, -0.051027885328608 ], [ 109.316166892288322, -0.051029141681511 ], [ 109.316049310427388, -0.051147089566484 ], [ 109.315716129595785, -0.051456459947644 ], [ 109.315343223011382, -0.051828323318432 ], [ 109.315339325349669, -0.051832210188309 ], [ 109.315339303765938, -0.05183222907408 ], [ 109.315206820138712, -0.051960869898153 ], [ 109.315036397711651, -0.052126376630952 ], [ 109.315003620121047, -0.052158209933395 ], [ 109.314921877142979, -0.052236226120897 ], [ 109.314900979596587, -0.052256170385931 ], [ 109.314900750269487, -0.052256389820514 ], [ 109.31474544994262, -0.052404599892327 ], [ 109.314719550367045, -0.052433840449339 ], [ 109.31471951979006, -0.052433819764929 ], [ 109.314677290324767, -0.052482509959816 ], [ 109.314669119084613, -0.052491928559618 ], [ 109.314576370203383, -0.052598839964446 ], [ 109.314545238372091, -0.052626766611922 ], [ 109.314475920427469, -0.052688950234824 ], [ 109.314267069969389, -0.052904200268586 ], [ 109.314267669817184, -0.052904610359406 ], [ 109.314259244068921, -0.052913252844291 ], [ 109.314168134651766, -0.053006707693385 ], [ 109.314149599624386, -0.053025720260734 ], [ 109.314084989630601, -0.053085400171028 ], [ 109.314061656720128, -0.053106956920487 ], [ 109.313915110394078, -0.053242349854543 ], [ 109.313808959815731, -0.053342410223991 ], [ 109.313682561900748, -0.053469600441645 ], [ 109.313657409661801, -0.053494910062 ], [ 109.313674090287122, -0.053504920415719 ], [ 109.313673479647434, -0.053505549941121 ], [ 109.313657409661801, -0.053495920000671 ], [ 109.313342220667039, -0.053810374249338 ], [ 109.313323229683363, -0.053829320266857 ], [ 109.313343229706334, -0.053841099587032 ], [ 109.313342250344647, -0.05384209963313 ], [ 109.313322240429102, -0.053830320313011 ], [ 109.313025587361039, -0.054127534558006 ], [ 109.312705176902455, -0.054448552059 ], [ 109.312693890410799, -0.054459860134386 ], [ 109.31269342006533, -0.054459569653375 ], [ 109.312491319918536, -0.054661950388663 ], [ 109.31249081539886, -0.054662454908339 ], [ 109.31249067960124, -0.05466258980664 ], [ 109.312249038962022, -0.054904573087526 ], [ 109.312083813717095, -0.055070032156209 ], [ 109.312081040207886, -0.055072810162017 ], [ 109.311946313671513, -0.055223290122683 ], [ 109.311935830274422, -0.055235000195069 ], [ 109.3119365101619, -0.055235389601478 ], [ 109.311933539701158, -0.055238930232406 ], [ 109.311843450115191, -0.055323130158285 ], [ 109.311673269605762, -0.05547128986808 ], [ 109.311632946703185, -0.055510013776086 ], [ 109.311483294118773, -0.055653735331589 ], [ 109.311413690189738, -0.055720580140587 ], [ 109.311414309822624, -0.055720939869445 ], [ 109.311297930355238, -0.055831569970906 ], [ 109.311298110219695, -0.055831679688197 ], [ 109.311297960032903, -0.055831819982473 ], [ 109.311143967320277, -0.055987564574423 ], [ 109.310878751852954, -0.056255799065809 ], [ 109.310836689661585, -0.056298339696582 ], [ 109.31083632004021, -0.056298700324703 ], [ 109.310653063388202, -0.056484043403827 ], [ 109.31059657876915, -0.056541170138871 ], [ 109.310348800256975, -0.056791769824258 ], [ 109.310152560092661, -0.056983259769595 ], [ 109.310144489576601, -0.056991180098862 ], [ 109.310064070400585, -0.057070850139553 ], [ 109.310064709818562, -0.057071240445339 ], [ 109.310063333855851, -0.057072589428401 ], [ 109.310052682285516, -0.057083025161432 ], [ 109.310024670202438, -0.05711046977234 ], [ 109.309939290366003, -0.057194100427353 ], [ 109.309758569802227, -0.057371130173465 ], [ 109.309756292718816, -0.057373350599619 ], [ 109.309683019555791, -0.057444829615122 ], [ 109.309683540263222, -0.057445239705999 ], [ 109.309542260367095, -0.057582589564788 ], [ 109.309442909562677, -0.057679280174568 ], [ 109.309286299822929, -0.057831740442396 ], [ 109.309271509572568, -0.057846140387028 ], [ 109.309102419940814, -0.058030960060705 ], [ 109.309080418926271, -0.058054799289494 ], [ 109.309065148437924, -0.058071346815154 ], [ 109.308818363676608, -0.05833871795744 ], [ 109.308774750154669, -0.058385970136385 ], [ 109.308767839764073, -0.058393459690365 ], [ 109.308767720154208, -0.058393390442575 ], [ 109.308748700392243, -0.058412789718432 ], [ 109.30857559708619, -0.058591044341199 ], [ 109.307927377446561, -0.059258550841378 ], [ 109.307469889623746, -0.059729649903375 ], [ 109.307236738584663, -0.059962023928222 ], [ 109.307211750022304, -0.059986929752938 ], [ 109.307201033700778, -0.059997779174125 ], [ 109.307195639567169, -0.060003239857565 ], [ 109.307195519957361, -0.060003110355183 ], [ 109.307195420132587, -0.06000320028744 ], [ 109.307195639567169, -0.06000342961454 ], [ 109.307182149736491, -0.060016899660127 ], [ 109.307181149690393, -0.060017899706281 ], [ 109.307098670167534, -0.060100259619219 ], [ 109.306860250000625, -0.060339679832339 ], [ 109.306780880333406, -0.060419369658121 ], [ 109.306363935747072, -0.060846955922216 ], [ 109.306355379597164, -0.060855729708123 ], [ 109.306023879598399, -0.06120056035752 ], [ 109.306023789666199, -0.061200660182294 ], [ 109.306014717305402, -0.061210097667811 ], [ 109.30546548964071, -0.061781419876581 ], [ 109.305377499971712, -0.061868649618418 ], [ 109.305371639989232, -0.061874270381225 ], [ 109.305359070165025, -0.061886330289838 ], [ 109.305185247401312, -0.062055047602314 ], [ 109.305157520403327, -0.06208195981452 ], [ 109.305078050012071, -0.06215639040505 ], [ 109.305077719960877, -0.062156189856239 ], [ 109.305007083610064, -0.062221825077131 ], [ 109.304827730015802, -0.062388480244124 ], [ 109.304781969812097, -0.06243469190747 ], [ 109.304349861756748, -0.062871069943867 ], [ 109.30432775462225, -0.062893394714365 ], [ 109.303870329751987, -0.063355339577186 ], [ 109.303864750358002, -0.063360980125083 ], [ 109.303853749850759, -0.063352149681918 ], [ 109.303853439584657, -0.063351909562925 ], [ 109.303836430706781, -0.063333468964402 ], [ 109.30370578709244, -0.063191832037376 ], [ 109.303628129734477, -0.063107640205374 ], [ 109.303432209728783, -0.062868123764872 ], [ 109.303372370638442, -0.062794969312336 ], [ 109.303234300422673, -0.062626175557511 ], [ 109.303208120258603, -0.062594169585225 ], [ 109.303205489741629, -0.062590950012293 ], [ 109.30312121966864, -0.062477829688021 ], [ 109.302979089913151, -0.062287019630219 ], [ 109.302957671659271, -0.062264189440725 ], [ 109.302903150260249, -0.062206069854199 ], [ 109.302895860355704, -0.062198299711724 ], [ 109.302730039759581, -0.062021529869639 ], [ 109.302722480058492, -0.062013480038047 ], [ 109.302642616663491, -0.061914910744463 ], [ 109.302642454785541, -0.061914944918726 ], [ 109.302621749694026, -0.061890043590608 ], [ 109.30261768026179, -0.06188507933291 ], [ 109.302609829180312, -0.061875499754478 ], [ 109.302600727141908, -0.061863363403461 ], [ 109.30260080898023, -0.061863307645467 ], [ 109.303076315619535, -0.061526632947732 ], [ 109.302955092403636, -0.061364317908897 ], [ 109.302958519719994, -0.061361670304791 ], [ 109.30295825981591, -0.061361319569187 ], [ 109.302954015915191, -0.061355741973841 ], [ 109.302840230092613, -0.061206201804737 ], [ 109.302808118899634, -0.061164001117731 ], [ 109.302576475124283, -0.060859568913941 ], [ 109.302572969566938, -0.060854962586404 ], [ 109.30246271987869, -0.060710070113601 ], [ 109.302341209779058, -0.060550380195821 ], [ 109.302272919759503, -0.060470169662551 ], [ 109.302199839950731, -0.060384330272598 ], [ 109.302185559615964, -0.060361570230214 ], [ 109.302131173115185, -0.060274869289742 ], [ 109.302129248566018, -0.060271802601562 ], [ 109.302059960299005, -0.060161349666487 ], [ 109.302030190041307, -0.06011389963669 ], [ 109.301980099601963, -0.060090779865561 ], [ 109.30191710029402, -0.060061710179752 ], [ 109.301915899699054, -0.060059880059384 ], [ 109.301856996802996, -0.059970150202219 ], [ 109.301853216952452, -0.059964390943833 ], [ 109.301774389576451, -0.059844309866946 ], [ 109.30177420971205, -0.059844030177828 ], [ 109.301769195991653, -0.059836391336319 ], [ 109.301650599695506, -0.059655710342724 ], [ 109.301646841428635, -0.059649984359226 ], [ 109.301558959678289, -0.059516099588279 ], [ 109.301618949854685, -0.059304741820313 ], [ 109.301624879984274, -0.059283849669896 ], [ 109.301624940238867, -0.05928364012783 ], [ 109.301321741904928, -0.058930253328469 ], [ 109.301313936688871, -0.058921155786663 ], [ 109.30083066620233, -0.058357886107501 ], [ 109.300580273360993, -0.058066044412385 ], [ 109.300535259594596, -0.058013579762871 ], [ 109.300473629954126, -0.057941699649689 ], [ 109.300473579592108, -0.057941650186933 ], [ 109.300444276082544, -0.057907475049888 ], [ 109.300323108624639, -0.057766166375416 ], [ 109.300044757659521, -0.057441544391736 ], [ 109.299964770158056, -0.057348260413846 ], [ 109.299776775877547, -0.05714188399071 ], [ 109.299617875564593, -0.056967446090709 ], [ 109.299509379554308, -0.056848339878911 ], [ 109.299342836802509, -0.056665512203551 ], [ 109.299319654078829, -0.056640062288977 ], [ 109.298962669991283, -0.05624817101625 ], [ 109.298754840263712, -0.056020020207711 ], [ 109.298757665034259, -0.056016961613466 ], [ 109.298748889449769, -0.056008370389918 ], [ 109.298538686411291, -0.055802634284078 ], [ 109.298315918045262, -0.055584599049951 ], [ 109.298066363372016, -0.05534034767885 ], [ 109.297907418992281, -0.055184780253342 ], [ 109.297774917378604, -0.055048570734925 ], [ 109.297772368699896, -0.055045950110468 ], [ 109.297577938870859, -0.054846070389772 ], [ 109.297570234378895, -0.054838150060505 ], [ 109.297562248399117, -0.054829940149546 ], [ 109.297433258638023, -0.05469733961047 ], [ 109.296451498437989, -0.053688070048338 ], [ 109.296449028000325, -0.053685531262204 ], [ 109.296445549422629, -0.053688069149018 ], [ 109.296132200440752, -0.053365940085996 ], [ 109.295871440214853, -0.053097880063092 ], [ 109.295710770036067, -0.052877610013638 ], [ 109.295648000055223, -0.052791550289783 ], [ 109.295111960048985, -0.052194529953567 ], [ 109.295101529711872, -0.052182909813382 ], [ 109.294082633806568, -0.0510481110814 ], [ 109.29370141388921, -0.050623525854974 ], [ 109.292909149837442, -0.049741139841672 ], [ 109.292689805190435, -0.049496838108553 ], [ 109.292448349811536, -0.049227910239836 ], [ 109.292293275214547, -0.049055191843593 ], [ 109.292232820088657, -0.048987859601993 ], [ 109.289773439592636, -0.04624871980252 ], [ 109.287355810122619, -0.043556059664354 ], [ 109.287349020241152, -0.043548490070691 ], [ 109.287347566936717, -0.043546872190348 ], [ 109.287212090365756, -0.043673080348356 ], [ 109.284973863053381, -0.040903425652516 ], [ 109.284971570681478, -0.040900590090132 ], [ 109.285036509827137, -0.040839619652672 ], [ 109.285198400385923, -0.040686359887559 ], [ 109.285355699905665, -0.040537435754004 ], [ 109.285533809737615, -0.040368810172424 ], [ 109.285943520177398, -0.039968770142593 ], [ 109.286370740417397, -0.039548909954192 ], [ 109.286362470251845, -0.039537270028916 ], [ 109.286362990060013, -0.039536760113322 ], [ 109.286371020106571, -0.03954806009483 ], [ 109.286373449175414, -0.03954566789821 ], [ 109.286641820363798, -0.039281310384126 ], [ 109.28728004313956, -0.03865937702858 ], [ 109.287455169920236, -0.038488719878444 ], [ 109.287467909716327, -0.038503430089179 ], [ 109.287462440039633, -0.038481400296348 ], [ 109.287679090317852, -0.038259540245519 ], [ 109.288050569678092, -0.037893599809763 ], [ 109.28857779003306, -0.037362649966269 ], [ 109.288787559598234, -0.037154910170898 ], [ 109.28878713871552, -0.03715379770955 ], [ 109.28878675020843, -0.037152769784427 ], [ 109.289195233972919, -0.036741374015151 ], [ 109.289212600780957, -0.036723884000025 ], [ 109.289214820307791, -0.036721650084019 ], [ 109.289237011978571, -0.036699309125765 ], [ 109.289403950432018, -0.036531250117037 ], [ 109.289711860314185, -0.036234939690644 ], [ 109.289712419692478, -0.036235470290649 ], [ 109.289758109749016, -0.036190550053789 ], [ 109.289942450084084, -0.036013169572072 ], [ 109.289953467678458, -0.036002546780082 ], [ 109.290170299619717, -0.035793449907715 ], [ 109.290442719555926, -0.03551757027958 ], [ 109.290449270217721, -0.035511140126971 ], [ 109.290458460389686, -0.035502199966515 ], [ 109.291047037890564, -0.034905119375708 ], [ 109.291675959877693, -0.034267109739289 ], [ 109.292561269586997, -0.03346806030271 ], [ 109.292569349995574, -0.033460280267661 ], [ 109.292820635863734, -0.033233932599842 ], [ 109.293006860278467, -0.03306619015251 ], [ 109.294098542813572, -0.032172749672611 ], [ 109.29439065070801, -0.03259981073262 ], [ 109.294554247280757, -0.032838988128731 ], [ 109.294135745967935, -0.03315965669276 ], [ 109.294689859649338, -0.033916518032811 ], [ 109.295777137305095, -0.035401633278695 ] ] ] ] } },
{ "type": "Feature", "properties": { "OBJECTID_1": 902408, "kdprov": "61", "kdkab": "71", "kdkec": "040", "kddesa": "001", "nmprov": "KALIMANTAN BARAT", "nmkab": "KOTA PONTIANAK", "nmkec": "PONTIANAK UTARA", "nmdesa": "BATU LAYANG", "nmsls": "RT 002 RW 008", "RT": "RT 002 ", "RW": "RW 008", "KRW": "BLRW 008", "Puskesmas": "Pkm Khatulistiwa" }, "geometry": { "type": "MultiPolygon", "coordinates": [ [ [ [ 109.31006640234267, 0.000988311861136 ], [ 109.310065360028375, 0.0009885258998 ], [ 109.309631515382193, 0.001077672096926 ], [ 109.309626268737361, 0.001078750384067 ], [ 109.30926686187621, 0.001152600911837 ], [ 109.309261658398896, 0.001153670205781 ], [ 109.308937898864997, 0.001220195755479 ], [ 109.308928010819102, 0.001222228223298 ], [ 109.308922622081411, 0.001223335288728 ], [ 109.308547949228512, 0.001300322651844 ], [ 109.308544672998323, 0.001300996244026 ], [ 109.308529701984241, 0.001304071925404 ], [ 109.308340461243347, 0.001331826802414 ], [ 109.307999877192628, 0.001381779645442 ], [ 109.307993301349825, 0.001382743718693 ], [ 109.307573343135346, 0.001444338285637 ], [ 109.307189986428796, 0.001500563899924 ], [ 109.306760352408389, 0.001563576697777 ], [ 109.306753579614053, 0.001564570448636 ], [ 109.305372979079777, 0.0017670582032 ], [ 109.305369338624132, 0.00176759240054 ], [ 109.304354361964272, 0.001916455380183 ], [ 109.304353016578489, 0.001916652331715 ], [ 109.304202508738854, 0.001938727090646 ], [ 109.303412551448162, 0.002054586749807 ], [ 109.303378686577162, 0.002059553705465 ], [ 109.301940446694346, 0.002270495986636 ], [ 109.30193885759229, 0.002270784669008 ], [ 109.301484179251531, 0.002353453948785 ], [ 109.301480422783357, 0.002354137433542 ], [ 109.300902755857578, 0.002459166557344 ], [ 109.300655417113887, 0.002504138055599 ], [ 109.300206551091549, 0.002586114857365 ], [ 109.299988904364511, 0.002626498913855 ], [ 109.29998870201706, 0.002625358573482 ], [ 109.299821279728349, 0.002655798826083 ], [ 109.299820251803226, 0.002655985885099 ], [ 109.299637093177353, 0.00268928778047 ], [ 109.299539520332644, 0.002707027807162 ], [ 109.29953990883979, 0.002709810309568 ], [ 109.298931855620708, 0.002822632958214 ], [ 109.298608135656991, 0.002882698677638 ], [ 109.298259506271279, 0.00294738691241 ], [ 109.298126029792513, 0.002972153342228 ], [ 109.29805212170811, 0.002985867104144 ], [ 109.296702855352578, 0.003236221274619 ], [ 109.2961610920608, 0.003336744794979 ], [ 109.295715016634745, 0.003457396941371 ], [ 109.29523075599468, 0.003588377801464 ], [ 109.294702814383413, 0.003731173954577 ], [ 109.294456765267569, 0.003797723785965 ], [ 109.293914619763939, 0.003944361842855 ], [ 109.293754646559762, 0.003987630924485 ], [ 109.293519639319982, 0.004051195006696 ], [ 109.293419427864364, 0.004078298774516 ], [ 109.293245275948777, 0.004125404363947 ], [ 109.293068033063321, 0.004173342725608 ], [ 109.292825011964794, 0.004239075073315 ], [ 109.292454286236364, 0.004339347682787 ], [ 109.290159630062931, 0.004959996806463 ], [ 109.289814865064045, 0.005053248408728 ], [ 109.289647152294322, 0.005098610212713 ], [ 109.288851923177788, 0.005313701066484 ], [ 109.288582622989736, 0.005386539857 ], [ 109.288578506792703, 0.005376269599196 ], [ 109.288566320978987, 0.005382003676573 ], [ 109.288564344269162, 0.005382933575561 ], [ 109.28857522426722, 0.005411762243057 ], [ 109.288788494893197, 0.00594792275848 ], [ 109.288881581020235, 0.00618193894536 ], [ 109.289021644133641, 0.00646984790518 ], [ 109.289983487947666, 0.008406524441625 ], [ 109.289989140186719, 0.008419400934656 ], [ 109.290003231663889, 0.00845301129749 ], [ 109.290009320074148, 0.00846758031463 ], [ 109.291133841353769, 0.011159709852791 ], [ 109.291169489580341, 0.011245050119044 ], [ 109.291290720890117, 0.011524029710245 ], [ 109.291344357356252, 0.011647449070551 ], [ 109.291367850346091, 0.011701510016735 ], [ 109.291551019763801, 0.012103849613027 ], [ 109.291575660288572, 0.012157979806943 ], [ 109.291633789767673, 0.012311619985326 ], [ 109.291802359591259, 0.012757090167611 ], [ 109.291802359591259, 0.012757979597154 ], [ 109.291802359591259, 0.0129282599313 ], [ 109.291802589817735, 0.012928910141113 ], [ 109.29203598457309, 0.013588145576477 ], [ 109.292038416339892, 0.01359501100103 ], [ 109.292107400636098, 0.013789859914141 ], [ 109.292142410344013, 0.013888740373091 ], [ 109.292162398675828, 0.01395183141193 ], [ 109.292155353386931, 0.013980294954706 ], [ 109.292158252801187, 0.013987958077848 ], [ 109.292254104343499, 0.014241280011106 ], [ 109.292261215282906, 0.014263726190052 ], [ 109.292276129639731, 0.014310801202555 ], [ 109.292284941197124, 0.014338619931436 ], [ 109.292371060276253, 0.014610440019851 ], [ 109.292393439905368, 0.014682660076744 ], [ 109.292448492803771, 0.014860322046275 ], [ 109.292534660446279, 0.015138389724939 ], [ 109.292644375937243, 0.015492454613138 ], [ 109.292657288403177, 0.01553412110286 ], [ 109.293023837680039, 0.016717011081255 ], [ 109.293370359954224, 0.017835270381454 ], [ 109.293379174209576, 0.017862489262541 ], [ 109.293426240228882, 0.01800784128892 ], [ 109.293426709674975, 0.018009350351292 ], [ 109.293686366432723, 0.018811262329962 ], [ 109.293897886977959, 0.019464511877743 ], [ 109.293938270135129, 0.019589229859093 ], [ 109.293960378169004, 0.019652952222032 ], [ 109.293982568041145, 0.019716910207308 ], [ 109.294083168903171, 0.020006866024119 ], [ 109.294269949098918, 0.020545212791376 ], [ 109.294389631776141, 0.020890170245195 ], [ 109.294506019337405, 0.021225626361627 ], [ 109.294648292085071, 0.021635693832252 ], [ 109.294679136133311, 0.021724593615147 ], [ 109.294715799694472, 0.021830270250803 ], [ 109.294715850056491, 0.021830249566392 ], [ 109.294826245434933, 0.022148428806986 ], [ 109.294902791230868, 0.022369048692667 ], [ 109.294941454884281, 0.022480483687445 ], [ 109.295002838110577, 0.022657401018307 ], [ 109.295016603133774, 0.022697073711015 ], [ 109.295063924560509, 0.022833462194569 ], [ 109.295120065638571, 0.02299527001577 ], [ 109.295163571241858, 0.023120659790663 ], [ 109.295165827640915, 0.023127161889079 ], [ 109.295250059942362, 0.023369923083521 ], [ 109.295290120242896, 0.02349089898587 ], [ 109.295630427302456, 0.02451857137504 ], [ 109.29572790122171, 0.02481293027256 ], [ 109.295858040316375, 0.025205930409413 ], [ 109.29599707010874, 0.025592569641447 ], [ 109.29646335959643, 0.026889320086127 ], [ 109.296715470142885, 0.027631269767312 ], [ 109.296728337642719, 0.027669138420038 ], [ 109.296850360355904, 0.028028240411004 ], [ 109.296915771645615, 0.028216900189818 ], [ 109.297373540056867, 0.029537089664984 ], [ 109.297471601233497, 0.029819900368182 ], [ 109.299779840767087, 0.03211195210497 ], [ 109.302111712685473, 0.03401552010024 ], [ 109.305109833851816, 0.036371187180578 ], [ 109.307774207613647, 0.037754221280352 ], [ 109.308226927230976, 0.037989220426255 ], [ 109.309255810107629, 0.038096200179552 ], [ 109.309807155675742, 0.03797331321789 ], [ 109.310503080752653, 0.037818200849358 ], [ 109.311659609803201, 0.037560429969915 ], [ 109.312741263098872, 0.037279972792533 ], [ 109.312741331447342, 0.037279962900016 ], [ 109.312854240430909, 0.037259000602432 ], [ 109.314560329895357, 0.036942170344958 ], [ 109.314665320348297, 0.036919420195147 ], [ 109.314766803445309, 0.036897427274482 ], [ 109.315737580225232, 0.036687049767579 ], [ 109.316312679586531, 0.03656241991979 ], [ 109.317282729714293, 0.036352199794237 ], [ 109.31746583977673, 0.036312700670635 ], [ 109.318606109984046, 0.036066729795778 ], [ 109.318870427028628, 0.036008529270248 ], [ 109.318887860386496, 0.03600469096375 ], [ 109.31921109021971, 0.035933520415711 ], [ 109.319615789637055, 0.035828759289871 ], [ 109.319872779904927, 0.035762230142836 ], [ 109.320514080160706, 0.035634249421094 ], [ 109.320591349910956, 0.03561882874601 ], [ 109.320823130383246, 0.035572570317925 ], [ 109.321381999679602, 0.035461139819802 ], [ 109.32138774994479, 0.035417820376153 ], [ 109.321438170435272, 0.035034010411323 ], [ 109.321456046259584, 0.034897919603338 ], [ 109.321459589588471, 0.034870939941982 ], [ 109.32146487040751, 0.034830760031582 ], [ 109.321464980124802, 0.034737209854427 ], [ 109.321465019694983, 0.034702309863746 ], [ 109.321473491308666, 0.034648007899307 ], [ 109.321477540056492, 0.034622049867778 ], [ 109.321496950124185, 0.034497660138925 ], [ 109.321530680096885, 0.034294169640248 ], [ 109.321547699766597, 0.034189879759197 ], [ 109.321561489970861, 0.034105390251625 ], [ 109.321608969678266, 0.033894529808776 ], [ 109.321626109857164, 0.033817449815501 ], [ 109.32162774032804, 0.033804819736702 ], [ 109.32162783205888, 0.03380489258177 ], [ 109.321635919662015, 0.033743930238245 ], [ 109.321638640111189, 0.033723410407106 ], [ 109.321643135822114, 0.03368948618089 ], [ 109.321643240143487, 0.0336887001734 ], [ 109.321648449916097, 0.033668840444705 ], [ 109.321692770305162, 0.033500079964767 ], [ 109.321764729558708, 0.033227669921075 ], [ 109.321780840013844, 0.033167609597569 ], [ 109.321846793594716, 0.032858553079791 ], [ 109.321865539962744, 0.032770710000307 ], [ 109.321902990430715, 0.032594540006073 ], [ 109.321903039893414, 0.032594309779597 ], [ 109.321904160448696, 0.032590289810059 ], [ 109.3219276498412, 0.032504540352306 ], [ 109.322251730433095, 0.031306330422865 ], [ 109.322284310172847, 0.031183760022543 ], [ 109.322419730985871, 0.030674350740753 ], [ 109.322463269864102, 0.030510569807007 ], [ 109.322556630284339, 0.030130869743914 ], [ 109.322569479797721, 0.030078600247236 ], [ 109.322643180138698, 0.029841740404038 ], [ 109.322693730131618, 0.0296728899919 ], [ 109.322724899734396, 0.029595489840005 ], [ 109.322752075447966, 0.029527118881504 ], [ 109.322752098830335, 0.029527047835018 ], [ 109.322752169876821, 0.029526869769256 ], [ 109.323091381562051, 0.028378621676097 ], [ 109.323766232825449, 0.026200798228331 ], [ 109.323800927770662, 0.026089364132872 ], [ 109.324314267989109, 0.02444061993873 ], [ 109.324368238103773, 0.024269972681168 ], [ 109.324385578831482, 0.024215141015986 ], [ 109.324685974877923, 0.023305019910765 ], [ 109.324920518067529, 0.022545567623922 ], [ 109.324927969849966, 0.02252174008629 ], [ 109.325029559966254, 0.022192968630634 ], [ 109.325081678376819, 0.022024299881593 ], [ 109.325314039811133, 0.021272310169024 ], [ 109.325570469801391, 0.020533359726812 ], [ 109.325578236346587, 0.020510680623488 ], [ 109.325654360360488, 0.020288379904855 ], [ 109.325840000215919, 0.01966120979705 ], [ 109.3258601603182, 0.019605989624779 ], [ 109.325880879798831, 0.019548139834853 ], [ 109.32588307144664, 0.019542026243585 ], [ 109.325934320212752, 0.019398989971478 ], [ 109.325948465649219, 0.019334899785861 ], [ 109.325976799689613, 0.019206529657652 ], [ 109.325981879959841, 0.019191350000824 ], [ 109.325982841335133, 0.019188481163496 ], [ 109.326173283570256, 0.018619643781562 ], [ 109.32628730771313, 0.018279066026139 ], [ 109.326575839903171, 0.017448703095226 ], [ 109.326576883116729, 0.017440300729334 ], [ 109.326578481211982, 0.017427440424058 ], [ 109.326584326805289, 0.017380314150216 ], [ 109.326584328603928, 0.017380260190919 ], [ 109.326569333308157, 0.017120410078917 ], [ 109.326563118992794, 0.017012632626916 ], [ 109.326563092013146, 0.017012440172039 ], [ 109.326410202768727, 0.015873900260317 ], [ 109.326358633843938, 0.015565773641583 ], [ 109.326340692369115, 0.015397055429787 ], [ 109.32633833974262, 0.015373569634562 ], [ 109.326328403133346, 0.015281488050277 ], [ 109.32630759821717, 0.015085834243905 ], [ 109.326274229771968, 0.014762730315795 ], [ 109.326267269918617, 0.014722459573875 ], [ 109.326235427622919, 0.014538132728717 ], [ 109.326227300449602, 0.014491080199264 ], [ 109.326206250018458, 0.014369249940955 ], [ 109.32618297016802, 0.014126039984831 ], [ 109.326182630224253, 0.014125590323772 ], [ 109.326172289819397, 0.014014610386027 ], [ 109.326154749442196, 0.013930342111621 ], [ 109.326134351918881, 0.013830830328629 ], [ 109.326129884986244, 0.013563934927674 ], [ 109.326087409106719, 0.013328764011305 ], [ 109.326038780065687, 0.013056219968632 ], [ 109.326038750388079, 0.01305593038694 ], [ 109.326037989561655, 0.013049279900372 ], [ 109.326036545250417, 0.01304120488777 ], [ 109.325961916809092, 0.012376905369933 ], [ 109.325959028186674, 0.012351184759439 ], [ 109.32592746827811, 0.012157043612717 ], [ 109.325922175767857, 0.012124492651253 ], [ 109.325893310228139, 0.011771685015276 ], [ 109.325892025096948, 0.01175597655714 ], [ 109.325881653215788, 0.011743323095914 ], [ 109.32583618888907, 0.011687858308051 ], [ 109.32580414874252, 0.011407504552722 ], [ 109.325798429953636, 0.011358239691049 ], [ 109.325722591924148, 0.010803714120186 ], [ 109.325717710404092, 0.010768020028138 ], [ 109.325636999847745, 0.010173519592286 ], [ 109.325587529041286, 0.009882975618893 ], [ 109.325563039602685, 0.009741291927128 ], [ 109.325562140280624, 0.009736084852477 ], [ 109.325560361421594, 0.00972579391032 ], [ 109.32555759420768, 0.009653840952069 ], [ 109.325556059964242, 0.009627659888622 ], [ 109.325556229936126, 0.009618388777653 ], [ 109.325556309975809, 0.009614019871151 ], [ 109.325560589849431, 0.009386700036202 ], [ 109.325560589849431, 0.009386670358595 ], [ 109.325577460231671, 0.009271540049554 ], [ 109.325577460231671, 0.009271479795018 ], [ 109.325569500332222, 0.009202400170693 ], [ 109.325568267361689, 0.009191690144405 ], [ 109.325560361421594, 0.009120534884801 ], [ 109.325552543615061, 0.00899881434384 ], [ 109.325565945312178, 0.008865925122393 ], [ 109.325581019748313, 0.008754535093772 ], [ 109.325582959585972, 0.008740940042401 ], [ 109.325586049656522, 0.00871925019328 ], [ 109.325610166775846, 0.008648846766903 ], [ 109.325628480570003, 0.008596796704865 ], [ 109.325630953705627, 0.008575668931996 ], [ 109.325641259936276, 0.008492659708509 ], [ 109.325687989609094, 0.00825742044367 ], [ 109.325693201180343, 0.008103478093062 ], [ 109.325700730304504, 0.007881049670743 ], [ 109.32570077976726, 0.00788049029245 ], [ 109.325700789659777, 0.007879959692445 ], [ 109.325707209919869, 0.00780287969917 ], [ 109.325715180611155, 0.007706586589734 ], [ 109.325726229681834, 0.007573100218451 ], [ 109.325726229681834, 0.007354980448042 ], [ 109.325742850052563, 0.007288019626458 ], [ 109.32576022225652, 0.007218109927862 ], [ 109.325755970261866, 0.00711973039131 ], [ 109.325755960369349, 0.007119699814325 ], [ 109.325755829967648, 0.007119262743856 ], [ 109.325755785900867, 0.00711826899294 ], [ 109.325754775062876, 0.00711486056241 ], [ 109.325751887339777, 0.007105126300587 ], [ 109.326229124274732, 0.005587166914268 ], [ 109.326208643114455, 0.005521082032374 ], [ 109.325796232909909, 0.004190374086534 ], [ 109.325797113346141, 0.004186601430547 ], [ 109.325925698412334, 0.003634900630232 ], [ 109.325934329206007, 0.003505437825766 ], [ 109.325923989700414, 0.003470279729697 ], [ 109.325919150448499, 0.003453834726713 ], [ 109.325902695552998, 0.003397931969005 ], [ 109.325900297061139, 0.003389962177039 ], [ 109.325882297130363, 0.003355013623036 ], [ 109.325840940007424, 0.003274720352124 ], [ 109.325840850075224, 0.003274400193447 ], [ 109.325839990323345, 0.003271480094782 ], [ 109.325819699819363, 0.003202020057245 ], [ 109.325796161863423, 0.003184777355614 ], [ 109.3257729413682, 0.003167638076093 ], [ 109.325772536673298, 0.003167340400466 ], [ 109.325770813572262, 0.003155856057958 ], [ 109.325765835824711, 0.003122671074436 ], [ 109.32576452821047, 0.003121027113764 ], [ 109.325756856993394, 0.003111382784141 ], [ 109.325726229681834, 0.003073710183628 ], [ 109.325713780366755, 0.002998474699893 ], [ 109.325694455734606, 0.002960309270918 ], [ 109.325671010408882, 0.002915460080487 ], [ 109.325669797223441, 0.002911613680055 ], [ 109.325650516658072, 0.002850613564988 ], [ 109.32564641934681, 0.002837649837716 ], [ 109.325642953359647, 0.002826662820269 ], [ 109.325641285117285, 0.002821385598509 ], [ 109.325640190642332, 0.002807235665443 ], [ 109.325632790121233, 0.002711965984474 ], [ 109.325625860844866, 0.002652119699633 ], [ 109.325620381275655, 0.002604795574882 ], [ 109.325620139358023, 0.002604423255605 ], [ 109.32561999007055, 0.002603180392498 ], [ 109.325589553415227, 0.002557214244064 ], [ 109.3255690497719, 0.002526249686696 ], [ 109.325568556943381, 0.002524807174154 ], [ 109.325568487695591, 0.002524700154822 ], [ 109.325566106290808, 0.002517641376073 ], [ 109.325521842559056, 0.002386987869215 ], [ 109.325521106913641, 0.002384815107177 ], [ 109.325499675169908, 0.002279900197266 ], [ 109.325499220112988, 0.002279132176284 ], [ 109.325484779698911, 0.002254929621358 ], [ 109.325462929770481, 0.002218320019495 ], [ 109.325417159674259, 0.002162369597727 ], [ 109.325344069972914, 0.002073010261256 ], [ 109.325342190389847, 0.002067119701849 ], [ 109.325341159766765, 0.002063859659415 ], [ 109.325336690136226, 0.002049060415857 ], [ 109.325317989633561, 0.001987230226518 ], [ 109.325314150427744, 0.001974520108092 ], [ 109.325306859623936, 0.001948310266357 ], [ 109.325305759753064, 0.001944360443929 ], [ 109.325291352613874, 0.001892554098163 ], [ 109.325284203902925, 0.001868141101852 ], [ 109.325267731920349, 0.0018508003742 ], [ 109.325239739622361, 0.001822620117878 ], [ 109.325237680174837, 0.001820539985999 ], [ 109.325237559665709, 0.001820420376134 ], [ 109.325173949718078, 0.001752119564742 ], [ 109.325118725049208, 0.001735000969575 ], [ 109.325117064900667, 0.00173375271055 ], [ 109.325087863014517, 0.001711710327243 ], [ 109.325068079728169, 0.001696769890088 ], [ 109.325060351853836, 0.001686101232622 ], [ 109.325051130205566, 0.001673370429728 ], [ 109.325048899886895, 0.001670419754134 ], [ 109.325026228877448, 0.001640585644566 ], [ 109.325024500380437, 0.001638310359795 ], [ 109.324991259638978, 0.001598390353479 ], [ 109.324989260446046, 0.001591909838794 ], [ 109.324985709922657, 0.001580379630866 ], [ 109.324984389717883, 0.001575970254862 ], [ 109.324970920571616, 0.001532580664104 ], [ 109.324970039236007, 0.001529702833579 ], [ 109.324970228992925, 0.001526500347779 ], [ 109.324974280438767, 0.001461279714363 ], [ 109.324974409941149, 0.00146113042689 ], [ 109.324993174295628, 0.00143955389234 ], [ 109.325003490418794, 0.001427670250848 ], [ 109.325004020119479, 0.00142705961116 ], [ 109.324998338202818, 0.00140419344882 ], [ 109.324995519727509, 0.001392850299851 ], [ 109.32499343959563, 0.001390299822503 ], [ 109.324936043963305, 0.001320139213078 ], [ 109.324929710038134, 0.001269099989031 ], [ 109.324927146070991, 0.001251571303044 ], [ 109.324927100205571, 0.001251260137565 ], [ 109.324925539881804, 0.001249580203989 ], [ 109.324914851439303, 0.001238095861481 ], [ 109.324908111020591, 0.001230855419692 ], [ 109.324863821208453, 0.001183272290234 ], [ 109.324855523163933, 0.001080720798655 ], [ 109.324817093334275, 0.000965064386264 ], [ 109.324814145356584, 0.000961405044848 ], [ 109.324736370187395, 0.000862500304208 ], [ 109.324664848903694, 0.000776097039306 ], [ 109.324630209716474, 0.000734249785864 ], [ 109.32461321882505, 0.000722843684343 ], [ 109.324489960443373, 0.000640099760858 ], [ 109.324354019822238, 0.000464740055747 ], [ 109.324347801909596, 0.000457031966505 ], [ 109.324627766258459, -0.000251628409899 ], [ 109.32412929543068, -0.000503941303805 ], [ 109.324128881742581, -0.000504149946494 ], [ 109.323787128573201, -0.000238342725311 ], [ 109.32378411134772, -0.000242076710435 ], [ 109.323784078972153, -0.000242117179937 ], [ 109.323620019248551, -0.000445068984675 ], [ 109.323619059671955, -0.000446253391829 ], [ 109.323618982330231, -0.000446356813882 ], [ 109.323442708014625, -0.00068197379403 ], [ 109.323283379624343, -0.000894849617566 ], [ 109.323034961694191, -0.00122676330443 ], [ 109.323035003063012, -0.001226934175634 ], [ 109.322841667708872, -0.00148535616421 ], [ 109.32283143612193, -0.001494640765031 ], [ 109.322813181683046, -0.001511203579128 ], [ 109.321433520040955, -0.003376074646098 ], [ 109.320978857888065, -0.003140536806256 ], [ 109.320509749925066, -0.00289751480841 ], [ 109.320314318251235, -0.002796270931128 ], [ 109.3201257070358, -0.002698561389423 ], [ 109.318996621696783, -0.002113636934723 ], [ 109.318973411993454, -0.002101612099693 ], [ 109.318972444322924, -0.002101111177296 ], [ 109.318965735380459, -0.002097636196879 ], [ 109.318955021756892, -0.002092085581239 ], [ 109.318664208886219, -0.001941430252771 ], [ 109.318625643258883, -0.001921450914153 ], [ 109.318592205565892, -0.001904129072273 ], [ 109.318191343555725, -0.00169646212197 ], [ 109.318171071038137, -0.001685958939788 ], [ 109.318170339889321, -0.001685580325216 ], [ 109.317399745901639, -0.001286373067614 ], [ 109.316630766196965, -0.000888002179522 ], [ 109.31619732084971, -0.000663454954463 ], [ 109.316190247681845, -0.000659791116391 ], [ 109.316073688350116, -0.00059940703693 ], [ 109.315915889706616, -0.000517659562263 ], [ 109.315743781950061, -0.000428498976021 ], [ 109.31545281439594, -0.000277762708549 ], [ 109.31543658343162, -0.000269354047418 ], [ 109.314995145809405, -0.000040667242956 ], [ 109.314994446136836, -0.000040303916819 ], [ 109.314943243236144, -0.00001377931244 ], [ 109.314753367573928, 0.000025236875217 ], [ 109.314350392156939, 0.000108040153975 ], [ 109.314106740633633, 0.000158105412311 ], [ 109.314097627803335, 0.000159977800763 ], [ 109.313806584706185, 0.000219780918201 ], [ 109.313628958709558, 0.000256279903454 ], [ 109.313613233164233, 0.000259511167542 ], [ 109.313494356279591, 0.000283937653649 ], [ 109.313264434705957, 0.000331181738716 ], [ 109.31321502325477, 0.000341335084613 ], [ 109.313045164702658, 0.000376236873876 ], [ 109.313011873599123, 0.000383078016682 ], [ 109.312721825152153, 0.000442676987973 ], [ 109.312574935285113, 0.000472860034506 ], [ 109.312482486777412, 0.000491856414101 ], [ 109.312356996278425, 0.000517641775787 ], [ 109.31179041889277, 0.000634061712617 ], [ 109.311789347800243, 0.000634282046519 ], [ 109.311297507673885, 0.000735345160081 ], [ 109.310897899318661, 0.000817455960885 ], [ 109.310587100814132, 0.000881318617985 ], [ 109.310575066985791, 0.000883791753608 ], [ 109.310572199947103, 0.000884380809566 ], [ 109.310236131392401, 0.000953436152201 ], [ 109.310235915555097, 0.000953480218982 ], [ 109.31006640234267, 0.000988311861136 ] ] ] ] } },
{ "type": "Feature", "properties": { "OBJECTID_1": 917993, "kdprov": "61", "kdkab": "71", "kdkec": "030", "kddesa": "006", "nmprov": "KALIMANTAN BARAT", "nmkab": "KOTA PONTIANAK", "nmkec": "PONTIANAK BARAT", "nmdesa": "SUNGAI JAWI DALAM", "nmsls": "RT 006 RW 004", "RT": "RT 006 ", "RW": "RW 014", "KRW": "SJDRW 014", "Puskesmas": "Pkm Komyos Sudarso" }, "geometry": { "type": "MultiPolygon", "coordinates": [ [ [ [ 109.305412550149128, -0.025091478888612 ], [ 109.30540765603854, -0.025093611181148 ], [ 109.305184150228399, -0.025190951101479 ], [ 109.305177952100848, -0.025193649966923 ], [ 109.304941282913944, -0.025296723065253 ], [ 109.304931410156541, -0.02530127993009 ], [ 109.304915439096305, -0.025308645377606 ], [ 109.304624170269278, -0.025442959125201 ], [ 109.304609074249413, -0.025449919877872 ], [ 109.304233279042649, -0.025623209343564 ], [ 109.304197709956384, -0.025639611179088 ], [ 109.304191968684449, -0.025642257883874 ], [ 109.304008104090769, -0.025727045966335 ], [ 109.303531526358938, -0.025946815992711 ], [ 109.3034800698494, -0.025970544604888 ], [ 109.303476999563941, -0.025971960137781 ], [ 109.303458733433843, -0.025980397577257 ], [ 109.303457218975552, -0.025981097249769 ], [ 109.303024510173088, -0.026180910420635 ], [ 109.30273917237497, -0.02632453395006 ], [ 109.302458279925759, -0.026465919966199 ], [ 109.302153793762614, -0.026619184227911 ], [ 109.302033090354882, -0.026679939727387 ], [ 109.302027760073145, -0.026668059683175 ], [ 109.301821520346948, -0.026194310319113 ], [ 109.301785419761359, -0.026022959791703 ], [ 109.301759559755965, -0.025900199634464 ], [ 109.301618299644872, -0.025635149642369 ], [ 109.301564799875678, -0.025534770013564 ], [ 109.301540894097059, -0.025498681119188 ], [ 109.301538310344824, -0.025494779860139 ], [ 109.30153484975358, -0.025489553000398 ], [ 109.301534630318997, -0.025489220251245 ], [ 109.301532852359287, -0.025486534875654 ], [ 109.301387739552581, -0.025267389878081 ], [ 109.301223474783569, -0.024920103180193 ], [ 109.301210680128861, -0.024893059666908 ], [ 109.301123898249386, -0.024703750577601 ], [ 109.301085179737299, -0.024619289848317 ], [ 109.301084929725789, -0.024618740362541 ], [ 109.300958379825431, -0.024342689863204 ], [ 109.300958330362732, -0.02434259003843 ], [ 109.300945100436081, -0.024313729894686 ], [ 109.300815660114665, -0.024079149832858 ], [ 109.300815570182465, -0.024078999646065 ], [ 109.300679519844039, -0.02383243971525 ], [ 109.300662221384471, -0.023799136021239 ], [ 109.3002474774392, -0.023996670310055 ], [ 109.300244268658105, -0.023998198258198 ], [ 109.300243954794723, -0.023997584021231 ], [ 109.299374187169064, -0.022298343793466 ], [ 109.299301600188755, -0.0223378600042 ], [ 109.298962679883857, -0.0216938599836 ], [ 109.298910789901072, -0.021589880368651 ], [ 109.298908299678374, -0.021590529679145 ], [ 109.298503569684044, -0.020821469934845 ], [ 109.298486273023116, -0.02081460181239 ], [ 109.29753388018446, -0.020436460274368 ], [ 109.296923558875221, -0.020145651900293 ], [ 109.296926889964084, -0.020146999984036 ], [ 109.296927819863072, -0.020144429721597 ], [ 109.296928381040004, -0.020143191355146 ], [ 109.297347560441608, -0.019217760191452 ], [ 109.297381429809207, -0.019136219560835 ], [ 109.297414399854745, -0.019067850400916 ], [ 109.297523599134877, -0.018841378626689 ], [ 109.297650579810465, -0.01888853008154 ], [ 109.299538149765851, -0.019589530032761 ], [ 109.299686699781432, -0.019644699842956 ], [ 109.299903690003362, -0.019725279997601 ], [ 109.300041103714022, -0.019776312926467 ], [ 109.300307130369845, -0.019875109748455 ], [ 109.300361210201743, -0.019895189811109 ], [ 109.300373719771414, -0.019889470122905 ], [ 109.300793490027615, -0.019697589871839 ], [ 109.300854712275225, -0.019669606567049 ], [ 109.301172219722218, -0.019524480270491 ], [ 109.301172920294107, -0.019524160111871 ], [ 109.301764845970922, -0.019253599973638 ], [ 109.301809390291169, -0.019233240221809 ], [ 109.30180927068136, -0.019228153656343 ], [ 109.301809230211859, -0.019226419763413 ], [ 109.301803499731761, -0.018980510042468 ], [ 109.301803489839244, -0.018980049589572 ], [ 109.301841950245887, -0.018805769970243 ], [ 109.301842009601103, -0.018805500173642 ], [ 109.301859729842704, -0.01872520510409 ], [ 109.30194945969987, -0.018318599124029 ], [ 109.301958360290143, -0.018278269926157 ], [ 109.301958579724726, -0.018277269880059 ], [ 109.302034462720314, -0.017933423988268 ], [ 109.302047629694414, -0.017873760265786 ], [ 109.302060210310515, -0.017816700080573 ], [ 109.302060429745097, -0.017815700034475 ], [ 109.302100103337182, -0.017635852712374 ], [ 109.30211905115334, -0.017549953967148 ], [ 109.302157599693544, -0.017375200405127 ], [ 109.302157999891847, -0.017373380177332 ], [ 109.302194399951645, -0.017208340192724 ], [ 109.302196880281883, -0.017196970064049 ], [ 109.30219754038427, -0.017193919563681 ], [ 109.302200539623243, -0.017192819692809 ], [ 109.302200910143938, -0.01719268029791 ], [ 109.30220060887109, -0.017192191066727 ], [ 109.302203208811079, -0.017191235087409 ], [ 109.302564887359722, -0.017058278416755 ], [ 109.302624890126651, -0.017036219845636 ], [ 109.302856550089757, -0.016951060343104 ], [ 109.302894819840105, -0.016936989550402 ], [ 109.302900892062553, -0.016934758332411 ], [ 109.303067649752279, -0.01687344974988 ], [ 109.30315592540569, -0.016837450787648 ], [ 109.303408060233835, -0.016734630398844 ], [ 109.303439153394265, -0.016721949957969 ], [ 109.303867076004792, -0.016547443709499 ], [ 109.304050019692738, -0.016472840449183 ], [ 109.30416052928507, -0.016427922910282 ], [ 109.304535712952827, -0.016275427568871 ], [ 109.304683612758595, -0.016215313286011 ], [ 109.305088980372204, -0.016050550292618 ], [ 109.305122169852325, -0.01603705956262 ], [ 109.30515580000025, -0.016033500045921 ], [ 109.30539507002652, -0.016008179633729 ], [ 109.305594689843133, -0.016378579807565 ], [ 109.305606479955145, -0.016400089792285 ], [ 109.305606765040238, -0.016397030298663 ], [ 109.305607390069042, -0.016390319557559 ], [ 109.305637690027424, -0.015916660125697 ], [ 109.305638940085089, -0.015889611216551 ], [ 109.30565364040325, -0.015571610041718 ], [ 109.305655054137503, -0.015543531408809 ], [ 109.305672084599109, -0.01520532066894 ], [ 109.305672350798432, -0.015200029957384 ], [ 109.305675159381167, -0.015144299869519 ], [ 109.305689169919333, -0.014866070312848 ], [ 109.305689199596941, -0.014865480357571 ], [ 109.305689624076933, -0.014865584678944 ], [ 109.306467159931572, -0.015058589981891 ], [ 109.308905650075758, -0.015663990200949 ], [ 109.308964050250779, -0.015678669834699 ], [ 109.308963220176508, -0.015690469839285 ], [ 109.308964339832471, -0.015678669834699 ], [ 109.308986500027004, -0.015683859822218 ], [ 109.308997460064802, -0.015686590163966 ], [ 109.308997469957319, -0.015686430084656 ], [ 109.30899748974241, -0.015686191764303 ], [ 109.308997496037648, -0.015686118919177 ], [ 109.308999190360396, -0.015666389592184 ], [ 109.309032517436776, -0.015277225963132 ], [ 109.309034180283277, -0.0152578096002 ], [ 109.309058833398524, -0.014818728201703 ], [ 109.309062577276165, -0.0147520362774 ], [ 109.309065019834861, -0.01470851988222 ], [ 109.309079964768614, -0.014426450220469 ], [ 109.309083119590355, -0.014366899812501 ], [ 109.309089279946363, -0.014250648948234 ], [ 109.309093127246058, -0.01417804757881 ], [ 109.309109990433797, -0.013859780204655 ], [ 109.30911061816056, -0.013848232010275 ], [ 109.309120200436951, -0.013671910030553 ], [ 109.309121946920357, -0.013649320859429 ], [ 109.309140859662989, -0.013404760121546 ], [ 109.309154102180116, -0.013237990740606 ], [ 109.309167260160962, -0.013072279861774 ], [ 109.309167860008813, -0.013063089689808 ], [ 109.309167889686421, -0.013062679598931 ], [ 109.309168020088123, -0.01306272996095 ], [ 109.309168350139316, -0.013058576891751 ], [ 109.30917431983903, -0.012983380078879 ], [ 109.309182689829356, -0.012887310001304 ], [ 109.309226395981455, -0.012548574057405 ], [ 109.309263480425329, -0.012261159724687 ], [ 109.309263594639219, -0.01226027299316 ], [ 109.30928492026294, -0.012095609824485 ], [ 109.30928519365682, -0.012094071983768 ], [ 109.309285410393443, -0.012092859697646 ], [ 109.309309979871728, -0.011955269719863 ], [ 109.309314720198245, -0.011928739719508 ], [ 109.309320938110886, -0.011894033982458 ], [ 109.309321117975287, -0.011893031238344 ], [ 109.30933114991268, -0.011837040347075 ], [ 109.309331539319146, -0.011834870282996 ], [ 109.309347399762771, -0.011746340121476 ], [ 109.309364729698586, -0.011693559809885 ], [ 109.309381580295735, -0.011643380337659 ], [ 109.309421500302051, -0.011500669620148 ], [ 109.309707220312021, -0.011606630441577 ], [ 109.312601680223452, -0.012686600206393 ], [ 109.312602464432246, -0.012687179369777 ], [ 109.312602623612236, -0.012687297180946 ], [ 109.312612778756773, -0.01264344623803 ], [ 109.312704273083796, -0.012261736190112 ], [ 109.312704560866848, -0.012260531997924 ], [ 109.312704721845478, -0.012260633621281 ], [ 109.312747203120978, -0.012287572813193 ], [ 109.312773800570483, -0.012304439598154 ], [ 109.313195535845352, -0.012570807097006 ], [ 109.313388504276134, -0.012692685019374 ], [ 109.313390044814753, -0.012690014032898 ], [ 109.313471900208071, -0.012548086624861 ], [ 109.313786408416092, -0.012773769693695 ], [ 109.314411428244853, -0.013222266993978 ], [ 109.314590682014398, -0.013351499572025 ], [ 109.314820664741944, -0.013167997405105 ], [ 109.314836233805181, -0.013155574170355 ], [ 109.314836412770319, -0.013156948334426 ], [ 109.314837894853042, -0.013156237870021 ], [ 109.314838089106615, -0.013156145239861 ], [ 109.314838116985584, -0.013156131750009 ], [ 109.314870274943303, -0.013209806887005 ], [ 109.315266073770374, -0.013870430875613 ], [ 109.31531772093615, -0.013956633591704 ], [ 109.315422438894473, -0.014131417730709 ], [ 109.31565537139835, -0.014520201845812 ], [ 109.31588127120375, -0.014896202997306 ], [ 109.315880984320017, -0.014896416136651 ], [ 109.315947078195165, -0.015006670321554 ], [ 109.315947008048056, -0.0150067062944 ], [ 109.315962103168602, -0.015031773097803 ], [ 109.315970440783303, -0.015045386135625 ], [ 109.315970456971058, -0.015045644241013 ], [ 109.315998014896536, -0.015091405344037 ], [ 109.31599785121989, -0.015092274988433 ], [ 109.31600032525489, -0.015096270676281 ], [ 109.316466602152047, -0.015849496956662 ], [ 109.316466656111345, -0.015849585090223 ], [ 109.316466999652391, -0.015850139971917 ], [ 109.31646705001441, -0.0158502200116 ], [ 109.316756549874924, -0.015721839990874 ], [ 109.316926340078567, -0.015646549648523 ], [ 109.317021222151766, -0.015604285109646 ], [ 109.317082879671204, -0.015576819814328 ], [ 109.317125069566373, -0.015558020386266 ], [ 109.317177480256589, -0.015541300190819 ], [ 109.317264340377051, -0.015513330375825 ], [ 109.317265190236412, -0.015513299798897 ], [ 109.317265419563512, -0.015513229651788 ], [ 109.317335949794312, -0.015511359961238 ], [ 109.317478049872193, -0.01550745510491 ], [ 109.317489096244856, -0.015507151134045 ], [ 109.317864000223494, -0.015496850299371 ], [ 109.317873729988719, -0.015475309737724 ], [ 109.317864000223494, -0.015497010378681 ], [ 109.318066834217063, -0.01549153170879 ], [ 109.318127364886038, -0.015489896741315 ], [ 109.318186999830232, -0.015488286954849 ], [ 109.318240630001128, -0.015486839945652 ], [ 109.318240780187921, -0.015486529679549 ], [ 109.318241040092005, -0.015485949616846 ], [ 109.318528907683003, -0.015473570448876 ], [ 109.318528899589126, -0.015473399577672 ], [ 109.318530592113177, -0.015473325833284 ], [ 109.318586743983133, -0.015470856294939 ], [ 109.318698519820884, -0.015465939701301 ], [ 109.318886425967833, -0.015457670435069 ], [ 109.318886649899014, -0.015457659643232 ], [ 109.318886620221406, -0.015457469886258 ], [ 109.318904540112499, -0.015456670388971 ], [ 109.319106365066773, -0.015447680765817 ], [ 109.319259897326447, -0.01544084322029 ], [ 109.319264220367529, -0.015440649866036 ], [ 109.319314229867871, -0.015438329615165 ], [ 109.319523789891036, -0.015428949686225 ], [ 109.319570110372354, -0.015370189782402 ], [ 109.31963417987356, -0.015288919847706 ], [ 109.319634949693238, -0.015288980102298 ], [ 109.319665830613644, -0.015307927918514 ], [ 109.320029332088041, -0.015530930108298 ], [ 109.319823212871029, -0.015834253447963 ], [ 109.319846579955765, -0.015853387423817 ], [ 109.319882108572529, -0.015882481391372 ], [ 109.320294918975378, -0.016220516763383 ], [ 109.320371820902892, -0.016283489091677 ], [ 109.320500366398846, -0.016388750240594 ], [ 109.320500497699868, -0.016388775421603 ], [ 109.320518342947253, -0.016392113705024 ], [ 109.320658218102324, -0.016418284875897 ], [ 109.320693913093692, -0.01622956394317 ], [ 109.320743695964836, -0.01617652912347 ], [ 109.32099821669442, -0.015933340751019 ], [ 109.321206710121658, -0.016054962366582 ], [ 109.321353090073103, -0.016140350296894 ], [ 109.321427313819527, -0.016183644559476 ], [ 109.321518919662481, -0.016237079577536 ], [ 109.32151885401197, -0.016237191992786 ], [ 109.321518970024499, -0.016237260341256 ], [ 109.321519100426201, -0.016237079577536 ], [ 109.321520372966916, -0.016235441912045 ], [ 109.321548471384915, -0.016489550752112 ], [ 109.321895558433312, -0.016469137940305 ], [ 109.321908970922323, -0.016608519367651 ], [ 109.32193696142167, -0.016604991327256 ], [ 109.321939693562058, -0.01661912237455 ], [ 109.322364128601691, -0.016582610798821 ], [ 109.32238333901995, -0.016580958744214 ], [ 109.322702884330681, -0.016553471865166 ], [ 109.322656069222262, -0.016255986024873 ], [ 109.322591675065837, -0.01584679089666 ], [ 109.322660150345712, -0.015841769981648 ], [ 109.322739436375969, -0.015835668980912 ], [ 109.322740146840374, -0.015835614122238 ], [ 109.322771400080114, -0.015833210234405 ], [ 109.322771550266907, -0.015833339736787 ], [ 109.322771579944515, -0.015833599640871 ], [ 109.322771591635728, -0.015833718351359 ], [ 109.322771598830286, -0.015833793894444 ], [ 109.32278886581355, -0.015831372919479 ], [ 109.322818469696699, -0.0158272207496 ], [ 109.322862863830153, -0.015821283425453 ], [ 109.322913135033218, -0.015814505235198 ], [ 109.322998905175382, -0.015802939953687 ], [ 109.32309850778995, -0.015789511276864 ], [ 109.323098604017446, -0.015789977125678 ], [ 109.323157361223309, -0.0157813526273 ], [ 109.323158545630463, -0.015781182655417 ], [ 109.323158594193842, -0.015781438962165 ], [ 109.323241267070898, -0.015770095813195 ], [ 109.323328808877477, -0.015758082669322 ], [ 109.323332156154152, -0.015757626713082 ], [ 109.323554045882588, -0.015727184661785 ], [ 109.323668275070872, -0.015711513075814 ], [ 109.323668250789183, -0.015712005004957 ], [ 109.323668248990543, -0.01571203917922 ], [ 109.32402892389581, -0.01566303871823 ], [ 109.324054140885949, -0.015659611401873 ], [ 109.324401980666948, -0.01561235202837 ], [ 109.32440199955272, -0.015612402390389 ], [ 109.324415810441337, -0.015610530901256 ], [ 109.324415831125748, -0.015610642417187 ], [ 109.32441586979661, -0.015610845663957 ], [ 109.324416923802062, -0.015610854657155 ], [ 109.324429695074457, -0.015684302288662 ], [ 109.324430965816475, -0.015691611978241 ], [ 109.324431490121242, -0.015693836900994 ], [ 109.324431571060245, -0.01569418134136 ], [ 109.324439804353574, -0.015737802057856 ], [ 109.324459194636177, -0.01584100106129 ], [ 109.324459168555848, -0.015841016349782 ], [ 109.324459324138559, -0.015841716022351 ], [ 109.324459515694173, -0.015842582968787 ], [ 109.324535546178595, -0.016244123967113 ], [ 109.324583498929371, -0.016501455078014 ], [ 109.324594824991266, -0.016561629615467 ], [ 109.324723587223843, -0.01724574029862 ], [ 109.324791876344079, -0.0176085555903 ], [ 109.324795899910896, -0.017608186868301 ], [ 109.325150900094002, -0.017575673678323 ], [ 109.325353822221189, -0.017557081993687 ], [ 109.325353895965577, -0.017557060409956 ], [ 109.325459118443632, -0.017542263864357 ], [ 109.325613774855867, -0.017529623892983 ], [ 109.325815866009464, -0.017513106944307 ], [ 109.325836982990438, -0.017511381145255 ], [ 109.325838346362673, -0.017508560871363 ], [ 109.325897401244106, -0.017386334012031 ], [ 109.325907594160185, -0.017365238614843 ], [ 109.325912013428763, -0.017356091610282 ], [ 109.325920906824479, -0.017337685185964 ], [ 109.325923371866168, -0.017332583332006 ], [ 109.325923806238734, -0.017331685808585 ], [ 109.325929167097456, -0.017320589973224 ], [ 109.325929184184588, -0.017320554899641 ], [ 109.325930111385617, -0.017318635746392 ], [ 109.325931544904961, -0.017314890070054 ], [ 109.32593170588359, -0.01731446918734 ], [ 109.325936900367708, -0.017316998980277 ], [ 109.326045899099029, -0.017317000778917 ], [ 109.326046275914962, -0.01731908810541 ], [ 109.326058745015132, -0.017388146146004 ], [ 109.326059414110716, -0.017391848654825 ], [ 109.326061769435171, -0.017400974075656 ], [ 109.326072078363779, -0.01744092286026 ], [ 109.326073148557043, -0.017446889862015 ], [ 109.326118879083083, -0.017439599957527 ], [ 109.32612407536584, -0.017438771681896 ], [ 109.326134797083284, -0.017437062070712 ], [ 109.326137079562614, -0.017438189820552 ], [ 109.326137290003999, -0.017437859769359 ], [ 109.32616682823658, -0.017438248276505 ], [ 109.326184802986347, -0.017438482999523 ], [ 109.326184829066676, -0.017438481200884 ], [ 109.32618921685895, -0.01743778692429 ], [ 109.326211082975135, -0.017434043945912 ], [ 109.326213625358605, -0.017433608674025 ], [ 109.326233298927662, -0.017430239813677 ], [ 109.326236413279901, -0.017429454705507 ], [ 109.3262362783816, -0.017429019433678 ], [ 109.326386547900938, -0.01740759308592 ], [ 109.32646161161415, -0.017399688944465 ], [ 109.326670329871888, -0.017377710412973 ], [ 109.326679921141533, -0.017376699574982 ], [ 109.326694472172221, -0.017374893736303 ], [ 109.326728140990951, -0.017365979656176 ], [ 109.326848912747209, -0.017334004260817 ], [ 109.326851176340767, -0.01733383788627 ], [ 109.326854190868289, -0.017333616653048 ], [ 109.327142525207421, -0.017312499672073 ], [ 109.327212846795476, -0.017306479610284 ], [ 109.32721824632506, -0.017306018258068 ], [ 109.327219685240323, -0.017305895050981 ], [ 109.327224799684814, -0.017305457081136 ], [ 109.327446362060016, -0.017263364312782 ], [ 109.327517476850119, -0.017257373029281 ], [ 109.327598863696664, -0.01725051569872 ], [ 109.327602137228894, -0.017250239606824 ], [ 109.327639819721981, -0.017268010210444 ], [ 109.327702179611947, -0.017259620435084 ], [ 109.327702460200442, -0.017259189659853 ], [ 109.327702620279751, -0.017259179767279 ], [ 109.327719360260346, -0.017256819946226 ], [ 109.32804437974437, -0.017211059742579 ], [ 109.328085719780177, -0.017205179975008 ], [ 109.328154109624506, -0.017195469994874 ], [ 109.328154300280801, -0.017195450209783 ], [ 109.328236209633417, -0.017299900170201 ], [ 109.328291939721282, -0.017370960101687 ], [ 109.328296868905454, -0.017392054599611 ], [ 109.328335150346959, -0.017555890391975 ], [ 109.328353000090942, -0.017632720373683 ], [ 109.328353090023143, -0.017632689796756 ], [ 109.328534165819178, -0.017582583169656 ], [ 109.328554652375374, -0.01757691384347 ], [ 109.328577110245476, -0.017570700427427 ], [ 109.328595440227446, -0.017566630095871 ], [ 109.328732579644907, -0.017536420069689 ], [ 109.328779029628549, -0.017526190281387 ], [ 109.328781768963552, -0.017522388847112 ], [ 109.328781869687589, -0.017522479678632 ], [ 109.328779029628549, -0.01752640971597 ], [ 109.328784829356437, -0.01752514436987 ], [ 109.328794560020981, -0.017523010278637 ], [ 109.329329240252321, -0.017406059741802 ], [ 109.329329459686903, -0.01740602017162 ], [ 109.329594060917259, -0.017348146100005 ], [ 109.329808380152656, -0.017301269837674 ], [ 109.329902772994615, -0.017341950670414 ], [ 109.329944559993521, -0.017359959594387 ], [ 109.330028699664808, -0.01739607007255 ], [ 109.330214549961568, -0.01747611962719 ], [ 109.330214719933451, -0.017475900192608 ], [ 109.330230610054684, -0.017482719751683 ], [ 109.330281331818071, -0.01750448964043 ], [ 109.330439620592074, -0.017572426226423 ], [ 109.330489700239525, -0.01759392002333 ], [ 109.330856729754316, -0.017591380337876 ], [ 109.33090458987499, -0.017591050286683 ], [ 109.331012473446947, -0.017590304748694 ], [ 109.331027609936314, -0.017590200427378 ], [ 109.33103354995842, -0.01759090009989 ], [ 109.331194159882614, -0.017609620387645 ], [ 109.331590150265299, -0.017656229551278 ], [ 109.331591219559186, -0.017655910291978 ], [ 109.331591510040198, -0.01765594986216 ], [ 109.331659579725908, -0.017635439923538 ], [ 109.331798122085729, -0.01759394430502 ], [ 109.332062858214385, -0.017282995613698 ], [ 109.332232758135319, -0.017427138951234 ], [ 109.332240368198484, -0.017433595184229 ], [ 109.332287133844204, -0.017363046067658 ], [ 109.332334951696737, -0.017290909647727 ], [ 109.332341130938516, -0.017295786671184 ], [ 109.332360943003152, -0.017268483253872 ], [ 109.332680248194947, -0.017520751181678 ], [ 109.332768030120576, -0.017452870353623 ], [ 109.332800289701652, -0.017435199574777 ], [ 109.332814210307617, -0.017427569726522 ], [ 109.33281744966564, -0.017425809753263 ], [ 109.332782119799049, -0.017453089788205 ], [ 109.332749010358611, -0.017478920116048 ], [ 109.332647299733139, -0.017558279890636 ], [ 109.332647170230757, -0.017558189958436 ], [ 109.332640118646623, -0.017563707299189 ], [ 109.332560450404515, -0.017626040209564 ], [ 109.332297660408756, -0.017831619833316 ], [ 109.332294260072103, -0.017833719750342 ], [ 109.332211446001509, -0.017884783256079 ], [ 109.332206649916998, -0.017887740226968 ], [ 109.33204520991859, -0.017986879690682 ], [ 109.332002129694615, -0.018013270296137 ], [ 109.331977410029538, -0.018028360020764 ], [ 109.331949700118628, -0.018045379690477 ], [ 109.331744080025317, -0.018171739833861 ], [ 109.331721800220976, -0.018185430213407 ], [ 109.331721079863996, -0.018185869981892 ], [ 109.331658639934346, -0.018205830434681 ], [ 109.331151610258644, -0.01836787028094 ], [ 109.331058759754001, -0.018389900073771 ], [ 109.330840592319532, -0.018441655158199 ], [ 109.33084019032259, -0.018441749586998 ], [ 109.330842951241266, -0.018451090845133 ], [ 109.330850798725464, -0.018477638831939 ], [ 109.3308519399651, -0.018481499621487 ], [ 109.330850761853242, -0.018477587570544 ], [ 109.330843774120922, -0.018454383263133 ], [ 109.330839969988688, -0.018441749586998 ], [ 109.330684069814026, -0.018479159585524 ], [ 109.330683719977742, -0.018479239625151 ], [ 109.330504450020385, -0.01852170021624 ], [ 109.330488378236112, -0.018524283968475 ], [ 109.330429940289548, -0.018533679185907 ], [ 109.330117700171797, -0.018583880241806 ], [ 109.330032673768926, -0.01859782872674 ], [ 109.329818868945722, -0.018632904984543 ], [ 109.329814269812744, -0.018633660415048 ], [ 109.329640650295858, -0.018665519797878 ], [ 109.329640549571764, -0.018665109707001 ], [ 109.329187519688332, -0.018750270108853 ], [ 109.329083149767598, -0.018769770108747 ], [ 109.329083139875081, -0.018769559667419 ], [ 109.329082887165555, -0.018769607331478 ], [ 109.329001549781765, -0.018784580144199 ], [ 109.329001500319066, -0.018784590036773 ], [ 109.328809372754392, -0.018819971164703 ], [ 109.328804869848909, -0.018820800339597 ], [ 109.328754929596357, -0.018830000404137 ], [ 109.328489789672119, -0.018878490050213 ], [ 109.328488570191439, -0.018878710384115 ], [ 109.328400459113936, -0.018894824436529 ], [ 109.328116369574843, -0.018946780069768 ], [ 109.328085459876149, -0.018952239853945 ], [ 109.327954802772012, -0.018975297571899 ], [ 109.32772092957731, -0.019016570158556 ], [ 109.327585560025625, -0.019040236717501 ], [ 109.327585200296824, -0.019040299670053 ], [ 109.327585200296824, -0.019040449856845 ], [ 109.327163859824338, -0.019111839839468 ], [ 109.32712764322622, -0.019117981309762 ], [ 109.326768604187805, -0.019178860915645 ], [ 109.326564789933173, -0.019213420063238 ], [ 109.326563604626699, -0.019219188314821 ], [ 109.326561490320557, -0.019229490048872 ], [ 109.326521269940713, -0.019237289869011 ], [ 109.326514037592801, -0.019238845696123 ], [ 109.326513945861961, -0.019238862783254 ], [ 109.326497796735964, -0.019241790975798 ], [ 109.326439904677898, -0.019251573801057 ], [ 109.326436471066359, -0.019252153863761 ], [ 109.32631747816913, -0.019272260906064 ], [ 109.326316640000982, -0.019272459656236 ], [ 109.326165895639633, -0.019292641342304 ], [ 109.326028428868938, -0.019311045068605 ], [ 109.32602600519607, -0.01931136972388 ], [ 109.326025997102136, -0.0193113256571 ], [ 109.326025665252303, -0.01931136972388 ], [ 109.326005973696795, -0.019206488088912 ], [ 109.326025119363806, -0.019311536098485 ], [ 109.325855196060502, -0.019356013868901 ], [ 109.325792167074894, -0.019367435258857 ], [ 109.325792030377954, -0.019367460439923 ], [ 109.325688476142318, -0.019386224794403 ], [ 109.325680500055114, -0.019387670004903 ], [ 109.325613450200649, -0.019401210197657 ], [ 109.325613520347758, -0.01940170032816 ], [ 109.325560370414848, -0.019412750298159 ], [ 109.325486643094166, -0.019428083739001 ], [ 109.325330689859527, -0.019460519587255 ], [ 109.325329479372044, -0.019460772296782 ], [ 109.32490239043301, -0.01954958034878 ], [ 109.324895650014298, -0.019550979693918 ], [ 109.32489559965228, -0.019550760259335 ], [ 109.324895470149897, -0.019551020163419 ], [ 109.324890921378994, -0.019551966250219 ], [ 109.324727400349332, -0.019585969616742 ], [ 109.324545099676698, -0.019613630064953 ], [ 109.324545040321425, -0.019613190296468 ], [ 109.324513660277262, -0.019617809214481 ], [ 109.324461479813522, -0.019625490324074 ], [ 109.324376916561505, -0.019637937840514 ], [ 109.324375765429295, -0.019638107812398 ], [ 109.324375687188251, -0.019638118604234 ], [ 109.32437562243706, -0.019638129396128 ], [ 109.324167845769523, -0.019668712640907 ], [ 109.324167269304098, -0.019668798076509 ], [ 109.324167190163735, -0.019668809767722 ], [ 109.324129861104268, -0.019674336101673 ], [ 109.324129620985275, -0.019674372074576 ], [ 109.323809660187749, -0.019721760051141 ], [ 109.323722360298746, -0.019734540316733 ], [ 109.323721860275668, -0.019729940284492 ], [ 109.323721460077365, -0.019730010431601 ], [ 109.323721919630941, -0.019734239943148 ], [ 109.323721841389954, -0.019734251634361 ], [ 109.323517920115989, -0.019764690088323 ], [ 109.323504709974429, -0.01976666140223 ], [ 109.323490710228157, -0.019768749628042 ], [ 109.323472169804859, -0.019772328030456 ], [ 109.323465629934958, -0.019773589779277 ], [ 109.32326375012201, -0.019812609564212 ], [ 109.323158310008068, -0.019832990000452 ], [ 109.323158292920937, -0.019832849706177 ], [ 109.323131026375847, -0.019838127827313 ], [ 109.322978920440903, -0.019867569832456 ], [ 109.322977469834427, -0.019867850420894 ], [ 109.322845050059072, -0.019893487394484 ], [ 109.322447889658463, -0.019970380328743 ], [ 109.322363189709506, -0.019986769573734 ], [ 109.322359579830788, -0.019957850074661 ], [ 109.322363050314607, -0.019986630178778 ], [ 109.322279783884994, -0.020002888122747 ], [ 109.322236432965042, -0.020011353441134 ], [ 109.322182979960644, -0.020021790073486 ], [ 109.322181440321287, -0.020022090447071 ], [ 109.32213094968364, -0.020031949714678 ], [ 109.322087081653535, -0.020040516656479 ], [ 109.321745568603149, -0.020107206782143 ], [ 109.321744629710963, -0.020107390243822 ], [ 109.321744609925872, -0.02010724005703 ], [ 109.321596889984562, -0.020135789934727 ], [ 109.321596229882175, -0.02013024021835 ], [ 109.321596889984562, -0.020136090308256 ], [ 109.321592229697728, -0.020136995925554 ], [ 109.321525150165598, -0.02015003969251 ], [ 109.321522354173339, -0.020150583782367 ], [ 109.321315674678715, -0.020190778981203 ], [ 109.320970693842526, -0.020257870204489 ], [ 109.320961929049872, -0.020259575319074 ], [ 109.320958999058632, -0.02026014458994 ], [ 109.32090871976169, -0.020269920220585 ], [ 109.320640921441452, -0.020324507270175 ], [ 109.320633299687074, -0.020326060399327 ], [ 109.320632660269098, -0.020326189901709 ], [ 109.320495199793697, -0.020354200186148 ], [ 109.320494760025213, -0.020354059891929 ], [ 109.32048547812235, -0.020355952065472 ], [ 109.320209680332539, -0.020412181277095 ], [ 109.320205264661297, -0.020413080599155 ], [ 109.320023449622568, -0.020450149754538 ], [ 109.32002235964427, -0.020443060398861 ], [ 109.320023449622568, -0.020450290048814 ], [ 109.320009320373913, -0.020452955639371 ], [ 109.31989940433408, -0.020473691307757 ], [ 109.31968567955056, -0.020514009713736 ], [ 109.319685639980378, -0.020513730024561 ], [ 109.31968380806137, -0.020514070867648 ], [ 109.319517500032646, -0.020545028230401 ], [ 109.319510160665459, -0.020546394300595 ], [ 109.319347316825258, -0.020576713144749 ], [ 109.319347330315111, -0.020576849841689 ], [ 109.319347224195099, -0.02057686692882 ], [ 109.319345330222859, -0.020577179892882 ], [ 109.319098628199185, -0.020622976069433 ], [ 109.319063951240423, -0.020629413416657 ], [ 109.318977357319227, -0.020645488798209 ], [ 109.318885509558697, -0.020662539944226 ], [ 109.318879083902686, -0.020663733344577 ], [ 109.318763484147553, -0.020685191168582 ], [ 109.318442451358123, -0.020744782945314 ], [ 109.318376649762627, -0.020757000235335 ], [ 109.318375969875149, -0.020757119845143 ], [ 109.318359407061052, -0.020760194627258 ], [ 109.318343329880804, -0.020763180376434 ], [ 109.318142671347289, -0.020809248148225 ], [ 109.318066287429303, -0.020826784928147 ], [ 109.317957550400706, -0.020851750108136 ], [ 109.31783737669366, -0.020880859364127 ], [ 109.317808100163745, -0.020887949619123 ], [ 109.317802234785347, -0.020889369648614 ], [ 109.317523461138876, -0.020956880855294 ], [ 109.317420329584593, -0.020981856827177 ], [ 109.317218239330316, -0.021030798832271 ], [ 109.317012076046524, -0.02108072739361 ], [ 109.316896979911746, -0.021108600081789 ], [ 109.3168576201831, -0.021118131096841 ], [ 109.316731364361033, -0.021148707147063 ], [ 109.316474619608073, -0.021210885373989 ], [ 109.316245127910406, -0.021266462577159 ], [ 109.316187330281139, -0.021280459625473 ], [ 109.316182383110572, -0.021281658421742 ], [ 109.315990889567956, -0.021328030164398 ], [ 109.31599016021778, -0.021328210028798 ], [ 109.315933680095327, -0.021341888717131 ], [ 109.315826588826098, -0.02136782336629 ], [ 109.315733070125134, -0.021390470094047 ], [ 109.315732939723432, -0.021390499771712 ], [ 109.315627790090502, -0.021415970370697 ], [ 109.315609169627521, -0.021420479571418 ], [ 109.315577635799286, -0.021428114815592 ], [ 109.315509049902801, -0.021444719897829 ], [ 109.315444632363949, -0.021462766593345 ], [ 109.315353139835622, -0.021488399969655 ], [ 109.31528338032382, -0.021507800144832 ], [ 109.315252959856252, -0.02151624028221 ], [ 109.315253011117647, -0.021516459716793 ], [ 109.315134449895027, -0.021549669881324 ], [ 109.315108269730899, -0.021557010147831 ], [ 109.314952702305447, -0.021600591294202 ], [ 109.314928610367133, -0.021607339806849 ], [ 109.314928380140714, -0.021607409953958 ], [ 109.314753819932889, -0.021656309690911 ], [ 109.314753759678354, -0.021656330375322 ], [ 109.31472021676467, -0.021665728290657 ], [ 109.314590230554757, -0.021702145437587 ], [ 109.314568189970032, -0.021708320182768 ], [ 109.314567769986638, -0.021706890260702 ], [ 109.314496649800617, -0.021728359775921 ], [ 109.314353814976641, -0.02176838140565 ], [ 109.314353459744439, -0.021768480331048 ], [ 109.314353590146141, -0.021768890421924 ], [ 109.31430718962514, -0.02178188922278 ], [ 109.314296374378216, -0.021784919038737 ], [ 109.313927961706156, -0.021888124337408 ], [ 109.313763199612026, -0.021934280242817 ], [ 109.31376368974253, -0.021935829774691 ], [ 109.313678076082397, -0.021959419891289 ], [ 109.313320589273815, -0.022057921735666 ], [ 109.313243219698904, -0.022079240164771 ], [ 109.313089959933791, -0.022121469630065 ], [ 109.312920244373856, -0.022174972097218 ], [ 109.312459911995404, -0.022320086702564 ], [ 109.312327948176346, -0.022361688441094 ], [ 109.312325719656315, -0.022362389912303 ], [ 109.31232437966645, -0.022366980052027 ], [ 109.312324389558967, -0.022367030414102 ], [ 109.312324359881359, -0.022367040306619 ], [ 109.31232103958439, -0.022378410435238 ], [ 109.312188689956145, -0.022410230247885 ], [ 109.312052549685461, -0.022453570375944 ], [ 109.312051049616286, -0.022448970343646 ], [ 109.312050609847802, -0.022449109738602 ], [ 109.312051810442767, -0.022452830233874 ], [ 109.312043712047739, -0.022455378912582 ], [ 109.311741861797543, -0.022550402179263 ], [ 109.311738820290373, -0.022551359957276 ], [ 109.311730050101801, -0.022554119976633 ], [ 109.31161376776123, -0.022590725981161 ], [ 109.311600699712585, -0.022594840379554 ], [ 109.31159633979928, -0.022583669900371 ], [ 109.311596009748087, -0.022583769725145 ], [ 109.311599970362408, -0.022594100237484 ], [ 109.311357448387582, -0.022672548099592 ], [ 109.311355309799751, -0.022673239678227 ], [ 109.31134999030985, -0.022659980073968 ], [ 109.311349099981044, -0.022660249870569 ], [ 109.311354569657738, -0.02267397982024 ], [ 109.311279680413008, -0.02269720031552 ], [ 109.31127776036044, -0.02269779027074 ], [ 109.311273666646457, -0.022699059214176 ], [ 109.311180450117718, -0.022727969719995 ], [ 109.311098059627795, -0.022761723075007 ], [ 109.31086022042291, -0.022859158323456 ], [ 109.310777829932988, -0.022892909879829 ], [ 109.310604984732322, -0.022963682927582 ], [ 109.310604429850628, -0.022963909556722 ], [ 109.310600200339024, -0.022952249846412 ], [ 109.310598059952554, -0.022953070028109 ], [ 109.310602230108884, -0.02296465959131 ], [ 109.31043940965111, -0.023032740068857 ], [ 109.31043443010492, -0.023034820200735 ], [ 109.310431173659822, -0.02303618177433 ], [ 109.310378459898061, -0.023058231352252 ], [ 109.310363450213117, -0.023064510418749 ], [ 109.310360260317793, -0.023056650344074 ], [ 109.310359340311379, -0.023057049643057 ], [ 109.31036197982155, -0.023063770276735 ], [ 109.310105690125567, -0.023169050311367 ], [ 109.310104420282812, -0.02316960968966 ], [ 109.310088534658234, -0.02317630064573 ], [ 109.310085263823908, -0.0231776793064 ], [ 109.309854038233311, -0.023275074984667 ], [ 109.309691671933194, -0.023343465728317 ], [ 109.309688839068713, -0.023344659128668 ], [ 109.309394669028791, -0.023468565022199 ], [ 109.309386799960919, -0.02347187992325 ], [ 109.309389820783679, -0.023462471216021 ], [ 109.309176587929244, -0.023547735939189 ], [ 109.308767603242359, -0.023711276754 ], [ 109.308764720015859, -0.023712429684849 ], [ 109.308746499751237, -0.023663820428908 ], [ 109.308763989766362, -0.023710950300085 ], [ 109.30875008085161, -0.023716612431656 ], [ 109.308707875668006, -0.023733792180735 ], [ 109.30870615166765, -0.023734493651887 ], [ 109.308569241577288, -0.023790235430965 ], [ 109.308564149615847, -0.023792310166925 ], [ 109.308415544741649, -0.023851442390082 ], [ 109.307821797937663, -0.024087702385486 ], [ 109.30768172583106, -0.024143438768647 ], [ 109.30750836981548, -0.024212420366837 ], [ 109.307221411439059, -0.024325293377558 ], [ 109.306914710245735, -0.024445932034098 ], [ 109.306911079682664, -0.024447360157524 ], [ 109.306729580305955, -0.024517890388267 ], [ 109.30670760986834, -0.024527460074182 ], [ 109.306240439045098, -0.024730919995932 ], [ 109.305979054689658, -0.024844757079848 ], [ 109.305808929938223, -0.02491884862593 ], [ 109.305796858338397, -0.024924106961919 ], [ 109.305412550149128, -0.025091478888612 ] ] ] ] } },
{ "type": "Feature", "properties": { "OBJECTID_1": 902881, "kdprov": "61", "kdkab": "71", "kdkec": "030", "kddesa": "001", "nmprov": "KALIMANTAN BARAT", "nmkab": "KOTA PONTIANAK", "nmkec": "PONTIANAK BARAT", "nmdesa": "PAL LIMA", "nmsls": "RT 003 RW 010", "RT": "RT 003 ", "RW": "RW 010", "KRW": "PLRW 010", "Puskesmas": "Pkm Pal Lima" }, "geometry": { "type": "MultiPolygon", "coordinates": [ [ [ [ 109.292752710968898, -0.015497145276981 ], [ 109.29302020981487, -0.015385329869048 ], [ 109.29303865311141, -0.015377611887232 ], [ 109.293735678059136, -0.015086265718537 ], [ 109.294296099585381, -0.014866067614889 ], [ 109.298117058155754, -0.013364758276907 ], [ 109.298116138149339, -0.013354815372395 ], [ 109.298123208619245, -0.013352203741135 ], [ 109.298142880389662, -0.013344939916976 ], [ 109.298144625973748, -0.013441069349824 ], [ 109.298146029815484, -0.013518369676945 ], [ 109.298150250333833, -0.013751189765571 ], [ 109.298151080408104, -0.013893150448496 ], [ 109.29815171982608, -0.01400175977335 ], [ 109.298152559792868, -0.014009129717522 ], [ 109.298152579577959, -0.014011319566691 ], [ 109.298163625950622, -0.014130376315791 ], [ 109.298184269888225, -0.01435287038862 ], [ 109.298205189917667, -0.014534629669356 ], [ 109.298230519323056, -0.014743794890194 ], [ 109.298242250079852, -0.014840669860973 ], [ 109.298272139947358, -0.015060650328678 ], [ 109.298272479891068, -0.015060629644267 ], [ 109.29833252042954, -0.015491869853861 ], [ 109.298332599569903, -0.015491879746378 ], [ 109.298333052828184, -0.015495175761714 ], [ 109.298338740140821, -0.015536569756819 ], [ 109.298376479291164, -0.015807407785587 ], [ 109.298376749987085, -0.015809350321206 ], [ 109.298430800141375, -0.015816249919965 ], [ 109.2983764496135, -0.015809350321206 ], [ 109.298380639554921, -0.015837630402245 ], [ 109.298381840149887, -0.015850180441419 ], [ 109.298382920235667, -0.015858060301184 ], [ 109.298419780748361, -0.016235646058192 ], [ 109.298434220263118, -0.016383550360501 ], [ 109.298434290410228, -0.016396589630858 ], [ 109.298435671768914, -0.016663681083969 ], [ 109.298435929874302, -0.016713560182609 ], [ 109.298317439698167, -0.017014982355477 ], [ 109.298272190309376, -0.017130090181467 ], [ 109.298218659063934, -0.017266277216891 ], [ 109.298189979683855, -0.017339240113813 ], [ 109.298084362403472, -0.017600673931895 ], [ 109.297928952359314, -0.017985358037777 ], [ 109.297909841765829, -0.018032659679477 ], [ 109.297893269958479, -0.018073679556608 ], [ 109.297826310036214, -0.018213570000228 ], [ 109.297823260435166, -0.018219939898245 ], [ 109.297611839714705, -0.018658387274684 ], [ 109.297558679889221, -0.018768629768374 ], [ 109.297537660035061, -0.018811520235431 ], [ 109.297537949616753, -0.018811629952722 ], [ 109.297537880368964, -0.018811760354424 ], [ 109.297523599134877, -0.018841378626689 ], [ 109.297414399854745, -0.019067850400916 ], [ 109.297381429809207, -0.019136219560835 ], [ 109.297347560441608, -0.019217760191452 ], [ 109.296928381040004, -0.020143191355146 ], [ 109.296927819863072, -0.020144429721597 ], [ 109.296926889964084, -0.020146999984036 ], [ 109.296923558875221, -0.020145651900293 ], [ 109.29753388018446, -0.020436460274368 ], [ 109.298486273023116, -0.02081460181239 ], [ 109.298503569684044, -0.020821469934845 ], [ 109.298908299678374, -0.021590529679145 ], [ 109.298910789901072, -0.021589880368651 ], [ 109.298962679883857, -0.0216938599836 ], [ 109.299301600188755, -0.0223378600042 ], [ 109.299374187169064, -0.022298343793466 ], [ 109.300243954794723, -0.023997584021231 ], [ 109.300244268658105, -0.023998198258198 ], [ 109.3002474774392, -0.023996670310055 ], [ 109.300662221384471, -0.023799136021239 ], [ 109.300679519844039, -0.02383243971525 ], [ 109.300815570182465, -0.024078999646065 ], [ 109.300815660114665, -0.024079149832858 ], [ 109.300945100436081, -0.024313729894686 ], [ 109.300958330362732, -0.02434259003843 ], [ 109.300958379825431, -0.024342689863204 ], [ 109.301084929725789, -0.024618740362541 ], [ 109.301085179737299, -0.024619289848317 ], [ 109.301123898249386, -0.024703750577601 ], [ 109.301210680128861, -0.024893059666908 ], [ 109.301223474783569, -0.024920103180193 ], [ 109.301387739552581, -0.025267389878081 ], [ 109.301532852359287, -0.025486534875654 ], [ 109.301534630318997, -0.025489220251245 ], [ 109.30153484975358, -0.025489553000398 ], [ 109.301538310344824, -0.025494779860139 ], [ 109.301540894097059, -0.025498681119188 ], [ 109.301564799875678, -0.025534770013564 ], [ 109.301618299644872, -0.025635149642369 ], [ 109.301759559755965, -0.025900199634464 ], [ 109.301785419761359, -0.026022959791703 ], [ 109.301821520346948, -0.026194310319113 ], [ 109.302027760073145, -0.026668059683175 ], [ 109.302033090354882, -0.026679939727387 ], [ 109.301826079909745, -0.026784139676238 ], [ 109.301743533837055, -0.02682569015343 ], [ 109.301280339815889, -0.027058840293193 ], [ 109.300524529783274, -0.027575779598521 ], [ 109.300280273016256, -0.027737495688825 ], [ 109.300242190324866, -0.027762709981005 ], [ 109.299792781112046, -0.028073834040185 ], [ 109.299252079919597, -0.028448159754703 ], [ 109.298891399618469, -0.028696639738087 ], [ 109.298742815428625, -0.02879900686861 ], [ 109.298735059675323, -0.028804349740881 ], [ 109.298152920420989, -0.029205399709383 ], [ 109.298152790019287, -0.029205200059891 ], [ 109.297828087096605, -0.029423852228945 ], [ 109.29776661034083, -0.029465249821385 ], [ 109.297650409838582, -0.029543499832585 ], [ 109.297154508373922, -0.029874794785883 ], [ 109.296997779923686, -0.029979500153786 ], [ 109.296940360009671, -0.030017869728852 ], [ 109.296907970026837, -0.030041590247151 ], [ 109.296805268348521, -0.030116833824763 ], [ 109.296540180584941, -0.030311046017914 ], [ 109.296539780386638, -0.030311340096205 ], [ 109.296540210262549, -0.030311969621664 ], [ 109.296437850326583, -0.03038776987961 ], [ 109.295358389578098, -0.031183490026024 ], [ 109.294685559990683, -0.031693910145805 ], [ 109.294399900235248, -0.031926119594686 ], [ 109.294109629655736, -0.032163680009774 ], [ 109.294098690302349, -0.032172630062803 ], [ 109.294098542813572, -0.032172749672611 ], [ 109.293006860278467, -0.03306619015251 ], [ 109.292820635863734, -0.033233932599842 ], [ 109.292569349995574, -0.033460280267661 ], [ 109.292561269586997, -0.03346806030271 ], [ 109.291675959877693, -0.034267109739289 ], [ 109.291047037890564, -0.034905119375708 ], [ 109.290458460389686, -0.035502199966515 ], [ 109.290449270217721, -0.035511140126971 ], [ 109.290442719555926, -0.03551757027958 ], [ 109.290170299619717, -0.035793449907715 ], [ 109.289953467678458, -0.036002546780082 ], [ 109.289942450084084, -0.036013169572072 ], [ 109.289758109749016, -0.036190550053789 ], [ 109.289712419692478, -0.036235470290649 ], [ 109.289711860314185, -0.036234939690644 ], [ 109.289403950432018, -0.036531250117037 ], [ 109.289237011978571, -0.036699309125765 ], [ 109.289214820307791, -0.036721650084019 ], [ 109.289212600780957, -0.036723884000025 ], [ 109.289195233972919, -0.036741374015151 ], [ 109.28878675020843, -0.037152769784427 ], [ 109.28878713871552, -0.03715379770955 ], [ 109.288787559598234, -0.037154910170898 ], [ 109.28857779003306, -0.037362649966269 ], [ 109.288050569678092, -0.037893599809763 ], [ 109.287679090317852, -0.038259540245519 ], [ 109.287462440039633, -0.038481400296348 ], [ 109.287467909716327, -0.038503430089179 ], [ 109.287455169920236, -0.038488719878444 ], [ 109.28728004313956, -0.03865937702858 ], [ 109.286641820363798, -0.039281310384126 ], [ 109.286373449175414, -0.03954566789821 ], [ 109.286371020106571, -0.03954806009483 ], [ 109.286362990060013, -0.039536760113322 ], [ 109.286362470251845, -0.039537270028916 ], [ 109.286370740417397, -0.039548909954192 ], [ 109.285943520177398, -0.039968770142593 ], [ 109.285533809737615, -0.040368810172424 ], [ 109.285355699905665, -0.040537435754004 ], [ 109.285198400385923, -0.040686359887559 ], [ 109.285036509827137, -0.040839619652672 ], [ 109.284971570681478, -0.040900590090132 ], [ 109.284973863053381, -0.040903425652516 ], [ 109.28485707889115, -0.041013650159755 ], [ 109.284441298926879, -0.041406050448813 ], [ 109.283801258621224, -0.041969839936144 ], [ 109.28379871893577, -0.041972080147332 ], [ 109.283742228920801, -0.04202892989116 ], [ 109.283536339030888, -0.042236130093272 ], [ 109.283123998973451, -0.042651109660937 ], [ 109.282730918796915, -0.043046699845263 ], [ 109.282423887552454, -0.043355689813211 ], [ 109.282382808319994, -0.043409179689831 ], [ 109.282331978637956, -0.043475379684992 ], [ 109.282329334631129, -0.043471076429 ], [ 109.282326029622652, -0.043475379684992 ], [ 109.28205034964401, -0.043026680037201 ], [ 109.282007710087839, -0.042905359694544 ], [ 109.281984879898346, -0.042840409757048 ], [ 109.281869729804271, -0.042682669569501 ], [ 109.281811249589566, -0.042602559760269 ], [ 109.281774249681916, -0.042502250278574 ], [ 109.281352580057558, -0.041800920276216 ], [ 109.280363719709953, -0.040102600054922 ], [ 109.279966939722556, -0.039425229790481 ], [ 109.279743996887987, -0.039044632203968 ], [ 109.279361240029289, -0.038391209986287 ], [ 109.279360320022818, -0.038389629877486 ], [ 109.279165800261524, -0.038099239688108 ], [ 109.275196149582712, -0.032173120193306 ], [ 109.27519606414711, -0.032172990690924 ], [ 109.274622213044779, -0.031316319892198 ], [ 109.274140889590456, -0.030597779563834 ], [ 109.273863400175856, -0.030183530245665 ], [ 109.273682950307943, -0.029896210341803 ], [ 109.273073039988844, -0.028925129591016 ], [ 109.272114606404045, -0.02739911317849 ], [ 109.272112630593483, -0.027395969148586 ], [ 109.27210794422632, -0.027388505674935 ], [ 109.272098670417392, -0.027373739706263 ], [ 109.272100299988892, -0.027372159597462 ], [ 109.272138399767414, -0.027335350346107 ], [ 109.272406449897801, -0.026683390426058 ], [ 109.272585149684971, -0.025829100132796 ], [ 109.272875529981775, -0.025312030425823 ], [ 109.273634979570716, -0.02439029997231 ], [ 109.274260399597836, -0.024075569631805 ], [ 109.274975169968172, -0.023873250050428 ], [ 109.275265550264976, -0.023603469624391 ], [ 109.27557826972145, -0.022704220423407 ], [ 109.275682507441843, -0.022483908105812 ], [ 109.275758888661869, -0.022322469006667 ], [ 109.27580163973397, -0.022232109624099 ], [ 109.27631538015072, -0.021917370290339 ], [ 109.276650439666128, -0.021602639949833 ], [ 109.276851469619714, -0.021242939909712 ], [ 109.276918479903998, -0.020860749623864 ], [ 109.277186520141868, -0.020658420149914 ], [ 109.277753192855641, -0.020623092981282 ], [ 109.277761749904869, -0.020622559683318 ], [ 109.278324370273538, -0.020400099784752 ], [ 109.278525310294867, -0.020036070408253 ], [ 109.278577200277653, -0.019931609655998 ], [ 109.278826719877259, -0.019429359876995 ], [ 109.278916119683231, -0.019343470125023 ], [ 109.279268779830375, -0.019004660436678 ], [ 109.279489809806932, -0.018377719655973 ], [ 109.279811310243815, -0.017993469922658 ], [ 109.280414120415401, -0.017508100418468 ], [ 109.280786419957394, -0.017133379901509 ], [ 109.281078089881987, -0.017055330439121 ], [ 109.281135300253936, -0.017053469741768 ], [ 109.281389413590603, -0.017045205871511 ], [ 109.281683279659717, -0.017035649675449 ], [ 109.285353975905309, -0.016916222405712 ], [ 109.285349142948633, -0.016944682351152 ], [ 109.285608975973503, -0.01850368139975 ], [ 109.285687229582038, -0.018470747327058 ], [ 109.291912883572763, -0.015850596827534 ], [ 109.292752710968898, -0.015497145276981 ] ] ] ] } },
{ "type": "Feature", "properties": { "OBJECTID_1": 906605, "kdprov": "61", "kdkab": "71", "kdkec": "011", "kddesa": "004", "nmprov": "KALIMANTAN BARAT", "nmkab": "KOTA PONTIANAK", "nmkec": "PONTIANAK TENGGARA", "nmdesa": "BANSIR DARAT", "nmsls": "RT 002 RW 008", "RT": "RT 002 ", "RW": "RW 008", "KRW": "BDRW 008", "Puskesmas": "Pkm Paris 2" }, "geometry": { "type": "MultiPolygon", "coordinates": [ [ [ [ 109.325475739713681, -0.078202589877549 ], [ 109.325819689926789, -0.077675960377235 ], [ 109.326416429674566, -0.076801959642694 ], [ 109.326883940441576, -0.076116779665597 ], [ 109.327179540403506, -0.075661940346208 ], [ 109.328193240026053, -0.074086669863902 ], [ 109.328193300280645, -0.074086579931645 ], [ 109.328551959805168, -0.073605650380387 ], [ 109.328953759808257, -0.072999619736606 ], [ 109.329229119628224, -0.072552029852261 ], [ 109.329283970179119, -0.072462190277804 ], [ 109.32955324968276, -0.072042769857887 ], [ 109.32955629478721, -0.07203803043069 ], [ 109.329748690349845, -0.071796610125432 ], [ 109.330205359789602, -0.071044320039277 ], [ 109.330518080145339, -0.070590919635208 ], [ 109.330548002388468, -0.070544545194537 ], [ 109.330549792938655, -0.070541769886745 ], [ 109.330929099998002, -0.069953900152314 ], [ 109.331156189606531, -0.069653549971292 ], [ 109.331564710243242, -0.06912460022005 ], [ 109.331907180172266, -0.068737010404675 ], [ 109.332049829735922, -0.068582759586661 ], [ 109.332192220294814, -0.068428780363888 ], [ 109.332903789977991, -0.067594749997681 ], [ 109.333006370247858, -0.067463100042005 ], [ 109.333122790184689, -0.067340119550806 ], [ 109.333515380230665, -0.066885530242985 ], [ 109.333657349906844, -0.066697150153288 ], [ 109.333999389959956, -0.06631282038029 ], [ 109.334296950443957, -0.065978269881214 ], [ 109.334865849879122, -0.06529398023298 ], [ 109.336342089715743, -0.063517689689604 ], [ 109.336526509191117, -0.063302893813443 ], [ 109.336944259569975, -0.062816330009582 ], [ 109.336958649622034, -0.062799320232386 ], [ 109.33697667023722, -0.062778000004641 ], [ 109.337785550163062, -0.06368520011182 ], [ 109.338634820440689, -0.06444128983361 ], [ 109.34029125024108, -0.065963660394573 ], [ 109.340291270026171, -0.065963680179664 ], [ 109.340657709585685, -0.066303489914105 ], [ 109.34094831291435, -0.066572984355673 ], [ 109.343230308432055, -0.06868922133043 ], [ 109.343231589965967, -0.068690410234183 ], [ 109.343231769830368, -0.06869017011519 ], [ 109.344266356207413, -0.067587066190129 ], [ 109.345300990248575, -0.066483910104296 ], [ 109.345301140435367, -0.066483769810077 ], [ 109.345837409768706, -0.065972839774702 ], [ 109.346089040077175, -0.065675138097106 ], [ 109.346108799981209, -0.065651760220533 ], [ 109.346156859751318, -0.065595020193996 ], [ 109.346331062028923, -0.065392146630188 ], [ 109.346331080015375, -0.065392125046458 ], [ 109.34709007005074, -0.064581129915155 ], [ 109.34716986779523, -0.064495762669253 ], [ 109.347766619234164, -0.06385735912977 ], [ 109.347835939876802, -0.063783200134537 ], [ 109.347923180410532, -0.063681570448068 ], [ 109.348110510092056, -0.063471239705905 ], [ 109.348110670171366, -0.063471059841504 ], [ 109.348217280303288, -0.063351360077149 ], [ 109.34884152041991, -0.062616520435995 ], [ 109.348842890087383, -0.062614909750209 ], [ 109.349026070296986, -0.062399270310038 ], [ 109.349074110282004, -0.062324169724604 ], [ 109.349075290192559, -0.062322399858829 ], [ 109.349212419717446, -0.062107790142363 ], [ 109.349427929655292, -0.061778980015845 ], [ 109.349476690896608, -0.061705145675887 ], [ 109.349942217759178, -0.061000248062953 ], [ 109.349950569763052, -0.060987601796342 ], [ 109.350220503073842, -0.060578869818926 ], [ 109.350433559661099, -0.060256259618654 ], [ 109.351355130035301, -0.058904250330841 ], [ 109.351823930430101, -0.058273640316202 ], [ 109.351824239796883, -0.058274009937577 ], [ 109.351823930430101, -0.058274459598579 ], [ 109.35185781958279, -0.058315889566586 ], [ 109.352071789881279, -0.058581339756984 ], [ 109.352272759580273, -0.058830639922064 ], [ 109.352273030276194, -0.058830979865775 ], [ 109.352378009937297, -0.058961219684477 ], [ 109.352460479567526, -0.059061479703473 ], [ 109.352460629754319, -0.059061670359768 ], [ 109.352638030021126, -0.059277360162014 ], [ 109.352638199993009, -0.059277569704022 ], [ 109.3528525300203, -0.059538169850612 ], [ 109.352852600167409, -0.059538259782812 ], [ 109.353032669622053, -0.059757199734918 ], [ 109.353032749661736, -0.059757299559692 ], [ 109.353199029811435, -0.059959469853595 ], [ 109.353199269930428, -0.059959770227181 ], [ 109.353405099565748, -0.060210029968857 ], [ 109.353405130142676, -0.060210070438359 ], [ 109.353620849622587, -0.06047236041104 ], [ 109.353620870306997, -0.060472390088705 ], [ 109.3537794333742, -0.0606651525747 ], [ 109.35378114208612, -0.060667219216725 ], [ 109.354263649947541, -0.061250470033144 ], [ 109.354472729732777, -0.061503389969403 ], [ 109.354610055309877, -0.061670160249662 ], [ 109.354619136663871, -0.061681188635873 ], [ 109.356249760418166, -0.063661440023395 ], [ 109.356249780203257, -0.063661469701003 ], [ 109.356253648187362, -0.063665708205804 ], [ 109.356262219625819, -0.063675099825957 ], [ 109.357719919938404, -0.06527279040688 ], [ 109.358479149193442, -0.066148600577435 ], [ 109.35849450961399, -0.06616631991966 ], [ 109.358588146126124, -0.066274338389974 ], [ 109.358588636256627, -0.066274904063505 ], [ 109.359300320153693, -0.06709589965601 ], [ 109.359302031563573, -0.067097858379441 ], [ 109.361390207891816, -0.06948578683955 ], [ 109.361476148005863, -0.069584063853426 ], [ 109.361504810298811, -0.069616839645391 ], [ 109.361504929908676, -0.069616589633881 ], [ 109.361540120380312, -0.069652229766518 ], [ 109.361465857063706, -0.069775152701084 ], [ 109.361309618743974, -0.070033749158142 ], [ 109.360889352062031, -0.070729361270935 ], [ 109.36047048292653, -0.071422661226791 ], [ 109.360426364884916, -0.071495684378306 ], [ 109.360285587709768, -0.071728698720449 ], [ 109.360278980390717, -0.07173963717446 ], [ 109.360090567925454, -0.072051486087162 ], [ 109.360061691593842, -0.072099279658005 ], [ 109.359777772026632, -0.072577231553964 ], [ 109.359758388938587, -0.072609862555055 ], [ 109.359690968563427, -0.072723357896621 ], [ 109.359663041915894, -0.072770827711508 ], [ 109.359620361890222, -0.072843381416874 ], [ 109.359587362167076, -0.072899482025434 ], [ 109.359576476773043, -0.072917988274469 ], [ 109.35954367040415, -0.072973760630475 ], [ 109.359457637659887, -0.073120019173473 ], [ 109.359453697730032, -0.07312671912274 ], [ 109.359339400193221, -0.073321023046731 ], [ 109.359329138029352, -0.073338468995075 ], [ 109.359247477788927, -0.073477289245432 ], [ 109.35924451542212, -0.073482328146895 ], [ 109.359143272444101, -0.07365443320549 ], [ 109.359130300622951, -0.073676481884092 ], [ 109.358924670637123, -0.074026051960686 ], [ 109.358899078629634, -0.074069559362613 ], [ 109.358724162290343, -0.074366910304605 ], [ 109.358710379280637, -0.074390343939172 ], [ 109.35870361008358, -0.07440184986541 ], [ 109.358602814068661, -0.074542351848038 ], [ 109.358601877874435, -0.07454365496568 ], [ 109.358483620622678, -0.074708499797396 ], [ 109.358273831272356, -0.075000937743027 ], [ 109.358247331848929, -0.075043794935141 ], [ 109.358029287621605, -0.075396432599234 ], [ 109.35792014230077, -0.075572953329072 ], [ 109.357920081146915, -0.075573051355207 ], [ 109.357721732072321, -0.075893840428364 ], [ 109.357656530324675, -0.075999291334199 ], [ 109.357152411754441, -0.076814596016732 ], [ 109.357099510034402, -0.076900153019608 ], [ 109.356807920149436, -0.077371737715453 ], [ 109.35680006457136, -0.077384442438017 ], [ 109.3565931521523, -0.077719079272015 ], [ 109.356591369695991, -0.077721960699876 ], [ 109.356402253061617, -0.078027817429756 ], [ 109.356355079123659, -0.078104111415541 ], [ 109.356265290810597, -0.078249321349062 ], [ 109.356263830311605, -0.078251682968755 ], [ 109.356073217205278, -0.078559959774282 ], [ 109.356068588394692, -0.078567448428942 ], [ 109.356067251102843, -0.078569611298462 ], [ 109.355864438692947, -0.078897619229679 ], [ 109.355863283963458, -0.078899487121589 ], [ 109.355661549840704, -0.07922574767008 ], [ 109.355660568680378, -0.079227670420607 ], [ 109.355654721288431, -0.07923914127332 ], [ 109.355573761619837, -0.079397940862236 ], [ 109.355439211350586, -0.079661870299049 ], [ 109.355406999433512, -0.079725053967991 ], [ 109.355399892990704, -0.079738990761768 ], [ 109.355279221059277, -0.079975698619535 ], [ 109.355217913376066, -0.080095957762182 ], [ 109.355102540250073, -0.080322270356419 ], [ 109.355007609613551, -0.080450060421924 ], [ 109.355003643603311, -0.080455398797596 ], [ 109.354996697239869, -0.080464750847511 ], [ 109.354893029689606, -0.080604302246684 ], [ 109.354787510435301, -0.08074634836521 ], [ 109.354764977921434, -0.080776681598536 ], [ 109.354549091167712, -0.081067298417054 ], [ 109.354540258925852, -0.081079186555144 ], [ 109.354306656427127, -0.081393650696384 ], [ 109.35428450972239, -0.081423462322903 ], [ 109.354280252331819, -0.081429191903624 ], [ 109.354232661108483, -0.08149326140483 ], [ 109.354068606780856, -0.08171410162447 ], [ 109.354016586396426, -0.081784130033554 ], [ 109.35370373833689, -0.082205270856491 ], [ 109.353632171187826, -0.082301610730724 ], [ 109.353552075767766, -0.08240942955149 ], [ 109.353129987958653, -0.082977629314087 ], [ 109.353031219015634, -0.083110584186045 ], [ 109.352835202782444, -0.083374448871666 ], [ 109.352736038137721, -0.083507943336883 ], [ 109.352734717932947, -0.083509721296537 ], [ 109.352532641168523, -0.083781747329738 ], [ 109.352464041782184, -0.083874088818106 ], [ 109.352285627979427, -0.084114263562356 ], [ 109.35226320878013, -0.08414444301161 ], [ 109.352202787828446, -0.08422578129472 ], [ 109.352108246598391, -0.084374019245558 ], [ 109.351668342320181, -0.085063771375928 ], [ 109.351667309898517, -0.085065388356952 ], [ 109.351591906241538, -0.085183620427699 ], [ 109.351372569688408, -0.085527531070682 ], [ 109.351135619913009, -0.085899059893677 ], [ 109.351054390447814, -0.086026427277773 ], [ 109.351039821430675, -0.086049270057742 ], [ 109.350933238278401, -0.086223679179398 ], [ 109.35072989796646, -0.086556420242573 ], [ 109.350724011903708, -0.086566049283704 ], [ 109.350716109560892, -0.086578979736089 ], [ 109.350357482411937, -0.087165820646078 ], [ 109.349914550116466, -0.087890620255848 ], [ 109.34958435413472, -0.088373217150206 ], [ 109.349559789153034, -0.088409118985624 ], [ 109.349558370022805, -0.088411191922944 ], [ 109.349392062893457, -0.088654256188931 ], [ 109.349253212066117, -0.088857191805914 ], [ 109.349192490740904, -0.088945939603377 ], [ 109.349190003216108, -0.088949577361063 ], [ 109.349111858425601, -0.089063792160232 ], [ 109.349079763420434, -0.089110698100171 ], [ 109.348946778870811, -0.089305059580795 ], [ 109.34894362494839, -0.08930967040493 ], [ 109.348905539559041, -0.089365332144325 ], [ 109.348606101290613, -0.089802971929544 ], [ 109.348428702822446, -0.0900622491734 ], [ 109.348327639708884, -0.090209960121513 ], [ 109.348275520399, -0.090302619070542 ], [ 109.348269349251154, -0.090313588101537 ], [ 109.348139711978206, -0.09054405106707 ], [ 109.348055331288549, -0.090694061581644 ], [ 109.34794778766036, -0.090885252952035 ], [ 109.347919727913165, -0.090935139245232 ], [ 109.347743262041945, -0.091248851553189 ], [ 109.347726540047859, -0.091278581341385 ], [ 109.34771932029048, -0.091291418264291 ], [ 109.347508821375072, -0.091665631563615 ], [ 109.346634833231008, -0.093219387564659 ], [ 109.346130370220465, -0.094116210394759 ], [ 109.345912421321259, -0.094410440689217 ], [ 109.344613820971119, -0.096163545810953 ], [ 109.344565351110134, -0.096228981382353 ], [ 109.34455960893888, -0.096236738934294 ], [ 109.343695034898019, -0.09740391056198 ], [ 109.343692049148785, -0.097407938625395 ], [ 109.343688959977555, -0.097412109681045 ], [ 109.34366549666538, -0.097402000401928 ], [ 109.3431167888088, -0.097165633387249 ], [ 109.340830456760216, -0.096180750740984 ], [ 109.336822202682583, -0.095484956965151 ], [ 109.33530907805158, -0.095222292874496 ], [ 109.334237979199429, -0.094309448622084 ], [ 109.331744449646692, -0.092184339835342 ], [ 109.329992374248718, -0.090691134288363 ], [ 109.326924267840752, -0.088076342848922 ], [ 109.326872984900376, -0.088032636696767 ], [ 109.323406096614121, -0.087537366556148 ], [ 109.323352498818849, -0.087456348431715 ], [ 109.322728254205629, -0.086512722184352 ], [ 109.321276437257836, -0.08431811828649 ], [ 109.323559303319257, -0.08098470917696 ], [ 109.323612086328808, -0.080907634579603 ], [ 109.323611890276595, -0.080907460111121 ], [ 109.323612480231816, -0.080907380071494 ], [ 109.324479750440219, -0.079670490300828 ], [ 109.324662069998567, -0.079410079911213 ], [ 109.324948590405199, -0.07897614982943 ], [ 109.325449389577727, -0.078242880404559 ], [ 109.325462919877907, -0.078222220279201 ], [ 109.325475739713681, -0.078202589877549 ] ] ] ] } },
{ "type": "Feature", "properties": { "OBJECTID_1": 908037, "kdprov": "61", "kdkab": "71", "kdkec": "020", "kddesa": "001", "nmprov": "KALIMANTAN BARAT", "nmkab": "KOTA PONTIANAK", "nmkec": "PONTIANAK TIMUR", "nmdesa": "PARIT MAYOR", "nmsls": "RT 001 RW 001", "RT": "RT 001 ", "RW": "RW 001", "KRW": "PMRW 001", "Puskesmas": "Pkm Parit Mayor" }, "geometry": { "type": "MultiPolygon", "coordinates": [ [ [ [ 109.380895940095627, -0.056781022026485 ], [ 109.380780412286242, -0.056854540704421 ], [ 109.380336681392805, -0.057135487112987 ], [ 109.380237021221603, -0.057208077690575 ], [ 109.38012400791672, -0.057290398033388 ], [ 109.3796327109809, -0.057662666998453 ], [ 109.379124540065504, -0.05804772162503 ], [ 109.379105260399513, -0.058062331111671 ], [ 109.378695660576341, -0.058356401326819 ], [ 109.378610778964344, -0.058415129754394 ], [ 109.37828527024908, -0.05864033798116 ], [ 109.378181750187707, -0.058711959089578 ], [ 109.377908880590439, -0.058900742075537 ], [ 109.377792441767838, -0.058981300646451 ], [ 109.377707701349379, -0.059031962155302 ], [ 109.377550888362862, -0.059125711082629 ], [ 109.377357251735816, -0.059258420439676 ], [ 109.377151458073399, -0.059399468310744 ], [ 109.377142297579041, -0.059405742880699 ], [ 109.377138580680992, -0.059408290660031 ], [ 109.377127198861217, -0.059416088681473 ], [ 109.377098101296383, -0.059436031147868 ], [ 109.376937680229844, -0.059545978663948 ], [ 109.376708059029738, -0.059703350129439 ], [ 109.376464548700028, -0.059888962105845 ], [ 109.376332592075528, -0.059989542283517 ], [ 109.376125248881181, -0.06013545188955 ], [ 109.376000879836795, -0.060222971213079 ], [ 109.37600136277274, -0.060223419075498 ], [ 109.375867858415006, -0.060330878167463 ], [ 109.375666528087834, -0.06048433038751 ], [ 109.375663178113257, -0.060486880864801 ], [ 109.375636201149803, -0.060507441165441 ], [ 109.375545678989965, -0.060576437152804 ], [ 109.375437252227471, -0.060659080352252 ], [ 109.375058707793187, -0.060933858310875 ], [ 109.374757211875874, -0.061152699337583 ], [ 109.374613809579728, -0.061275398340911 ], [ 109.374608018845038, -0.061280351806715 ], [ 109.374470380303876, -0.061398118028649 ], [ 109.374266220709558, -0.061572799644921 ], [ 109.374042812026232, -0.061740930599399 ], [ 109.374011538102081, -0.061764470353978 ], [ 109.373994629948299, -0.061779498924693 ], [ 109.37369497943979, -0.062045852034373 ], [ 109.37365037756291, -0.062085500445448 ], [ 109.373646181326251, -0.062088657965148 ], [ 109.373261865942425, -0.062377798996181 ], [ 109.372924918750073, -0.062631301693159 ], [ 109.372907230884039, -0.062643670968612 ], [ 109.372779429127434, -0.062733059083371 ], [ 109.372452440128086, -0.06239660831676 ], [ 109.372197750325995, -0.062134548570498 ], [ 109.371973624882969, -0.061837559156004 ], [ 109.371869060708661, -0.061698998809675 ], [ 109.371767362673722, -0.061564238099038 ], [ 109.371197947027667, -0.06080969161394 ], [ 109.371131443061699, -0.060721566147322 ], [ 109.371104893276254, -0.060686385568204 ], [ 109.370878004216593, -0.060385732315638 ], [ 109.370559089330584, -0.059963131892971 ], [ 109.370558159431596, -0.059961900721078 ], [ 109.370395930727682, -0.05974693217513 ], [ 109.370136372895331, -0.059402989156581 ], [ 109.370133340381415, -0.059398970086363 ], [ 109.369948348037894, -0.059153831983735 ], [ 109.369857878938035, -0.059033949657021 ], [ 109.369855147696967, -0.059030330785106 ], [ 109.369808396440419, -0.05896838008664 ], [ 109.368957857219414, -0.057841319121508 ], [ 109.368909111266532, -0.057769390444946 ], [ 109.368880957989859, -0.057727846263049 ], [ 109.368767237817849, -0.05756003636651 ], [ 109.368668848388722, -0.057414848016776 ], [ 109.367849763855588, -0.056206173576015 ], [ 109.367579730720081, -0.055807702863149 ], [ 109.367534702564512, -0.055741257353077 ], [ 109.368354348274636, -0.055148328932205 ], [ 109.368354354569874, -0.055148303751196 ], [ 109.368537043749654, -0.055016618721936 ], [ 109.368854050274251, -0.054788119875809 ], [ 109.368987690429606, -0.054704449650558 ], [ 109.3696323802302, -0.054300820426477 ], [ 109.369740574967636, -0.0542234256705 ], [ 109.369754660149511, -0.054213349666327 ], [ 109.369993080316476, -0.05404281032736 ], [ 109.370466889935074, -0.053661240573774 ], [ 109.370634709724129, -0.053524809822079 ], [ 109.371139813951288, -0.053173192888494 ], [ 109.371393225816803, -0.052994894198946 ], [ 109.371493090134038, -0.052924630167524 ], [ 109.372128924310459, -0.0524608965531 ], [ 109.372129294831154, -0.052460625857123 ], [ 109.37212892071318, -0.052460159108989 ], [ 109.371955089855589, -0.05224300970707 ], [ 109.371955070070499, -0.052242980029462 ], [ 109.371787649580426, -0.052031369552026 ], [ 109.371778909968782, -0.052020420306121 ], [ 109.371775474558547, -0.052016122446048 ], [ 109.374576745820207, -0.050097860427854 ], [ 109.374611920104087, -0.050139480152836 ], [ 109.374612850003075, -0.05013888480164 ], [ 109.376351708145251, -0.048970418350686 ], [ 109.378466015083035, -0.047523417589286 ], [ 109.38006052563081, -0.046487336947021 ], [ 109.379565782143516, -0.045794060183098 ], [ 109.382258849500374, -0.043998681945197 ], [ 109.385323098382344, -0.04834630124077 ], [ 109.385344655846751, -0.048346863615113 ], [ 109.38281990519971, -0.050296532170333 ], [ 109.384928915637033, -0.053469925996239 ], [ 109.384924931640342, -0.053471458440981 ], [ 109.384918670560239, -0.053477718621764 ], [ 109.384890269970072, -0.053506120111308 ], [ 109.384871147685374, -0.05352524059731 ], [ 109.384863623057811, -0.053531499878773 ], [ 109.384574449651211, -0.053772051438955 ], [ 109.384485012973016, -0.053845228374541 ], [ 109.384227868921073, -0.054055620270617 ], [ 109.38410579134927, -0.054157479284186 ], [ 109.383815642178206, -0.054399578577659 ], [ 109.383747061677639, -0.054454510966877 ], [ 109.383571309868103, -0.054595299833181 ], [ 109.383470718898593, -0.054675879987826 ], [ 109.383458148175066, -0.054685949696761 ], [ 109.383444700612529, -0.054696719078265 ], [ 109.383433180297118, -0.054705949719732 ], [ 109.38342111229457, -0.054715612035807 ], [ 109.38340794801843, -0.054726161083408 ], [ 109.383397602217656, -0.054734449235411 ], [ 109.383384930769978, -0.05474459898403 ], [ 109.383376101226133, -0.054751670353255 ], [ 109.383366508157906, -0.054759358657407 ], [ 109.383356771198066, -0.054767152182308 ], [ 109.383356567951296, -0.054767320355495 ], [ 109.383338698422278, -0.054781632166566 ], [ 109.383318549111834, -0.05479777229931 ], [ 109.383314148729028, -0.054801300339705 ], [ 109.383303849692993, -0.054809860986268 ], [ 109.383288911953798, -0.054822280623682 ], [ 109.383270080150112, -0.054837942317135 ], [ 109.383254720628941, -0.05485071718681 ], [ 109.383238737877491, -0.054864008267316 ], [ 109.383222282082727, -0.054877688754289 ], [ 109.383210928141864, -0.054887130736461 ], [ 109.383193589212851, -0.054901549566807 ], [ 109.383189461324662, -0.054904979581067 ], [ 109.383184872983577, -0.054908797203154 ], [ 109.383181310768919, -0.054911758670698 ], [ 109.383178710828929, -0.05491391974158 ], [ 109.383177911331586, -0.054914587937844 ], [ 109.382581597862497, -0.055410448033683 ], [ 109.382507231123896, -0.055470369861609 ], [ 109.382220531752182, -0.055701399399993 ], [ 109.382058222109322, -0.055832191402487 ], [ 109.381967869021992, -0.055905001414658 ], [ 109.381842697782361, -0.056005870274646 ], [ 109.381770278075919, -0.056064229080846 ], [ 109.381397190727853, -0.056367082075155 ], [ 109.381323919363467, -0.056426566832556 ], [ 109.381264569311298, -0.056475720433701 ], [ 109.381205482543891, -0.056528538832563 ], [ 109.381203751012578, -0.056526090821318 ], [ 109.380895940095627, -0.056781022026485 ] ] ] ] } },
{ "type": "Feature", "properties": { "OBJECTID_1": 907111, "kdprov": "61", "kdkab": "71", "kdkec": "030", "kddesa": "007", "nmprov": "KALIMANTAN BARAT", "nmkab": "KOTA PONTIANAK", "nmkec": "PONTIANAK BARAT", "nmdesa": "SUNGAI JAWI LUAR", "nmsls": "RT 006 RW 001", "RT": "RT 006 ", "RW": "RW 001", "KRW": "SJLRW 001", "Puskesmas": "Pkm Perumnas I" }, "geometry": { "type": "MultiPolygon", "coordinates": [ [ [ [ 109.329329240252321, -0.017406059741802 ], [ 109.328794560020981, -0.017523010278637 ], [ 109.328784829356437, -0.01752514436987 ], [ 109.328779029628549, -0.01752640971597 ], [ 109.328781869687589, -0.017522479678632 ], [ 109.328781768963552, -0.017522388847112 ], [ 109.328779029628549, -0.017526190281387 ], [ 109.328732579644907, -0.017536420069689 ], [ 109.328595440227446, -0.017566630095871 ], [ 109.328577110245476, -0.017570700427427 ], [ 109.328554652375374, -0.01757691384347 ], [ 109.328534165819178, -0.017582583169656 ], [ 109.328353090023143, -0.017632689796756 ], [ 109.328353000090942, -0.017632720373683 ], [ 109.328335150346959, -0.017555890391975 ], [ 109.328296868905454, -0.017392054599611 ], [ 109.328291939721282, -0.017370960101687 ], [ 109.328236209633417, -0.017299900170201 ], [ 109.328154300280801, -0.017195450209783 ], [ 109.328154109624506, -0.017195469994874 ], [ 109.328085719780177, -0.017205179975008 ], [ 109.32804437974437, -0.017211059742579 ], [ 109.327719360260346, -0.017256819946226 ], [ 109.327702620279751, -0.017259179767279 ], [ 109.327702460200442, -0.017259189659853 ], [ 109.327702179611947, -0.017259620435084 ], [ 109.327639819721981, -0.017268010210444 ], [ 109.327602137228894, -0.017250239606824 ], [ 109.327598863696664, -0.01725051569872 ], [ 109.327517476850119, -0.017257373029281 ], [ 109.327446362060016, -0.017263364312782 ], [ 109.327224799684814, -0.017305457081136 ], [ 109.327219685240323, -0.017305895050981 ], [ 109.32721824632506, -0.017306018258068 ], [ 109.327212846795476, -0.017306479610284 ], [ 109.327142525207421, -0.017312499672073 ], [ 109.326854190868289, -0.017333616653048 ], [ 109.326851176340767, -0.01733383788627 ], [ 109.326848912747209, -0.017334004260817 ], [ 109.326728140990951, -0.017365979656176 ], [ 109.326694472172221, -0.017374893736303 ], [ 109.326679921141533, -0.017376699574982 ], [ 109.326670329871888, -0.017377710412973 ], [ 109.32646161161415, -0.017399688944465 ], [ 109.326386547900938, -0.01740759308592 ], [ 109.3262362783816, -0.017429019433678 ], [ 109.326236413279901, -0.017429454705507 ], [ 109.326233298927662, -0.017430239813677 ], [ 109.326213625358605, -0.017433608674025 ], [ 109.326211082975135, -0.017434043945912 ], [ 109.32618921685895, -0.01743778692429 ], [ 109.326184829066676, -0.017438481200884 ], [ 109.326184802986347, -0.017438482999523 ], [ 109.32616682823658, -0.017438248276505 ], [ 109.326137290003999, -0.017437859769359 ], [ 109.326137079562614, -0.017438189820552 ], [ 109.326134797083284, -0.017437062070712 ], [ 109.32612407536584, -0.017438771681896 ], [ 109.326118879083083, -0.017439599957527 ], [ 109.326073148557043, -0.017446889862015 ], [ 109.326072078363779, -0.01744092286026 ], [ 109.326061769435171, -0.017400974075656 ], [ 109.326059414110716, -0.017391848654825 ], [ 109.326058745015132, -0.017388146146004 ], [ 109.326046275914962, -0.01731908810541 ], [ 109.326045899099029, -0.017317000778917 ], [ 109.325936900367708, -0.017316998980277 ], [ 109.32593170588359, -0.01731446918734 ], [ 109.325931544904961, -0.017314890070054 ], [ 109.325930111385617, -0.017318635746392 ], [ 109.325929184184588, -0.017320554899641 ], [ 109.325929167097456, -0.017320589973224 ], [ 109.325923806238734, -0.017331685808585 ], [ 109.325923371866168, -0.017332583332006 ], [ 109.325920906824479, -0.017337685185964 ], [ 109.325912013428763, -0.017356091610282 ], [ 109.325907594160185, -0.017365238614843 ], [ 109.325897401244106, -0.017386334012031 ], [ 109.325838346362673, -0.017508560871363 ], [ 109.325836982990438, -0.017511381145255 ], [ 109.325815866009464, -0.017513106944307 ], [ 109.325613774855867, -0.017529623892983 ], [ 109.325459118443632, -0.017542263864357 ], [ 109.325353895965577, -0.017557060409956 ], [ 109.325353822221189, -0.017557081993687 ], [ 109.325150900094002, -0.017575673678323 ], [ 109.324795899910896, -0.017608186868301 ], [ 109.324791876344079, -0.0176085555903 ], [ 109.324723587223843, -0.01724574029862 ], [ 109.324594824991266, -0.016561629615467 ], [ 109.324583498929371, -0.016501455078014 ], [ 109.324535546178595, -0.016244123967113 ], [ 109.324459515694173, -0.015842582968787 ], [ 109.324459324138559, -0.015841716022351 ], [ 109.324459168555848, -0.015841016349782 ], [ 109.324459194636177, -0.01584100106129 ], [ 109.324439804353574, -0.015737802057856 ], [ 109.324431571060245, -0.01569418134136 ], [ 109.324431490121242, -0.015693836900994 ], [ 109.324430965816475, -0.015691611978241 ], [ 109.324429695074457, -0.015684302288662 ], [ 109.324416923802062, -0.015610854657155 ], [ 109.32441586979661, -0.015610845663957 ], [ 109.324415831125748, -0.015610642417187 ], [ 109.324415810441337, -0.015610530901256 ], [ 109.32440199955272, -0.015612402390389 ], [ 109.324401980666948, -0.01561235202837 ], [ 109.324054140885949, -0.015659611401873 ], [ 109.32402892389581, -0.01566303871823 ], [ 109.323668248990543, -0.01571203917922 ], [ 109.323668250789183, -0.015712005004957 ], [ 109.323668275070872, -0.015711513075814 ], [ 109.323554045882588, -0.015727184661785 ], [ 109.323332156154152, -0.015757626713082 ], [ 109.323328808877477, -0.015758082669322 ], [ 109.323241267070898, -0.015770095813195 ], [ 109.323158594193842, -0.015781438962165 ], [ 109.323158545630463, -0.015781182655417 ], [ 109.323157361223309, -0.0157813526273 ], [ 109.323098604017446, -0.015789977125678 ], [ 109.32309850778995, -0.015789511276864 ], [ 109.322998905175382, -0.015802939953687 ], [ 109.322913135033218, -0.015814505235198 ], [ 109.322862863830153, -0.015821283425453 ], [ 109.322818469696699, -0.0158272207496 ], [ 109.32278886581355, -0.015831372919479 ], [ 109.322771598830286, -0.015833793894444 ], [ 109.322771591635728, -0.015833718351359 ], [ 109.322771579944515, -0.015833599640871 ], [ 109.322771550266907, -0.015833339736787 ], [ 109.322771400080114, -0.015833210234405 ], [ 109.322740146840374, -0.015835614122238 ], [ 109.322739436375969, -0.015835668980912 ], [ 109.322660150345712, -0.015841769981648 ], [ 109.322591675065837, -0.01584679089666 ], [ 109.322656069222262, -0.016255986024873 ], [ 109.322702884330681, -0.016553471865166 ], [ 109.32238333901995, -0.016580958744214 ], [ 109.322364128601691, -0.016582610798821 ], [ 109.321939693562058, -0.01661912237455 ], [ 109.32193696142167, -0.016604991327256 ], [ 109.321908970922323, -0.016608519367651 ], [ 109.321895558433312, -0.016469137940305 ], [ 109.321548471384915, -0.016489550752112 ], [ 109.321520372966916, -0.016235441912045 ], [ 109.321519100426201, -0.016237079577536 ], [ 109.321518970024499, -0.016237260341256 ], [ 109.32151885401197, -0.016237191992786 ], [ 109.321518919662481, -0.016237079577536 ], [ 109.321427313819527, -0.016183644559476 ], [ 109.321353090073103, -0.016140350296894 ], [ 109.321206710121658, -0.016054962366582 ], [ 109.32099821669442, -0.015933340751019 ], [ 109.320743695964836, -0.01617652912347 ], [ 109.320693913093692, -0.01622956394317 ], [ 109.320658218102324, -0.016418284875897 ], [ 109.320518342947253, -0.016392113705024 ], [ 109.320500497699868, -0.016388775421603 ], [ 109.320500366398846, -0.016388750240594 ], [ 109.320371820902892, -0.016283489091677 ], [ 109.320294918975378, -0.016220516763383 ], [ 109.319882108572529, -0.015882481391372 ], [ 109.319846579955765, -0.015853387423817 ], [ 109.319823212871029, -0.015834253447963 ], [ 109.320029332088041, -0.015530930108298 ], [ 109.319665830613644, -0.015307927918514 ], [ 109.319634949693238, -0.015288980102298 ], [ 109.31963417987356, -0.015288919847706 ], [ 109.319570110372354, -0.015370189782402 ], [ 109.319523789891036, -0.015428949686225 ], [ 109.319314229867871, -0.015438329615165 ], [ 109.319264220367529, -0.015440649866036 ], [ 109.319259897326447, -0.01544084322029 ], [ 109.319106365066773, -0.015447680765817 ], [ 109.318904540112499, -0.015456670388971 ], [ 109.318886620221406, -0.015457469886258 ], [ 109.318886649899014, -0.015457659643232 ], [ 109.318886425967833, -0.015457670435069 ], [ 109.318698519820884, -0.015465939701301 ], [ 109.318586743983133, -0.015470856294939 ], [ 109.318530592113177, -0.015473325833284 ], [ 109.318528899589126, -0.015473399577672 ], [ 109.318528907683003, -0.015473570448876 ], [ 109.318241040092005, -0.015485949616846 ], [ 109.318240780187921, -0.015486529679549 ], [ 109.318240630001128, -0.015486839945652 ], [ 109.318186999830232, -0.015488286954849 ], [ 109.318127364886038, -0.015489896741315 ], [ 109.318066834217063, -0.01549153170879 ], [ 109.317864000223494, -0.015497010378681 ], [ 109.317873729988719, -0.015475309737724 ], [ 109.317864000223494, -0.015496850299371 ], [ 109.317489096244856, -0.015507151134045 ], [ 109.317478049872193, -0.01550745510491 ], [ 109.317335949794312, -0.015511359961238 ], [ 109.317265419563512, -0.015513229651788 ], [ 109.317265190236412, -0.015513299798897 ], [ 109.317264340377051, -0.015513330375825 ], [ 109.317177480256589, -0.015541300190819 ], [ 109.317125069566373, -0.015558020386266 ], [ 109.317082879671204, -0.015576819814328 ], [ 109.317021222151766, -0.015604285109646 ], [ 109.316926340078567, -0.015646549648523 ], [ 109.316756549874924, -0.015721839990874 ], [ 109.31646705001441, -0.0158502200116 ], [ 109.316466999652391, -0.015850139971917 ], [ 109.316466656111345, -0.015849585090223 ], [ 109.316466602152047, -0.015849496956662 ], [ 109.31600032525489, -0.015096270676281 ], [ 109.31599785121989, -0.015092274988433 ], [ 109.315998014896536, -0.015091405344037 ], [ 109.315970456971058, -0.015045644241013 ], [ 109.315970440783303, -0.015045386135625 ], [ 109.315962103168602, -0.015031773097803 ], [ 109.315947008048056, -0.0150067062944 ], [ 109.315947078195165, -0.015006670321554 ], [ 109.315880984320017, -0.014896416136651 ], [ 109.31588127120375, -0.014896202997306 ], [ 109.31565537139835, -0.014520201845812 ], [ 109.315422438894473, -0.014131417730709 ], [ 109.31531772093615, -0.013956633591704 ], [ 109.315266073770374, -0.013870430875613 ], [ 109.314870274943303, -0.013209806887005 ], [ 109.314838116985584, -0.013156131750009 ], [ 109.314838089106615, -0.013156145239861 ], [ 109.314837894853042, -0.013156237870021 ], [ 109.314836412770319, -0.013156948334426 ], [ 109.314836233805181, -0.013155574170355 ], [ 109.314820664741944, -0.013167997405105 ], [ 109.314590682014398, -0.013351499572025 ], [ 109.314411428244853, -0.013222266993978 ], [ 109.313786408416092, -0.012773769693695 ], [ 109.313471900208071, -0.012548086624861 ], [ 109.313390044814753, -0.012690014032898 ], [ 109.313388504276134, -0.012692685019374 ], [ 109.313195535845352, -0.012570807097006 ], [ 109.312773800570483, -0.012304439598154 ], [ 109.312747203120978, -0.012287572813193 ], [ 109.312704721845478, -0.012260633621281 ], [ 109.312704560866848, -0.012260531997924 ], [ 109.312704273083796, -0.012261736190112 ], [ 109.312612778756773, -0.01264344623803 ], [ 109.312602623612236, -0.012687297180946 ], [ 109.312602464432246, -0.012687179369777 ], [ 109.312601680223452, -0.012686600206393 ], [ 109.309707220312021, -0.011606630441577 ], [ 109.309421500302051, -0.011500669620148 ], [ 109.309428190358744, -0.011476559695438 ], [ 109.309450150004466, -0.011397070418411 ], [ 109.30950310478454, -0.011242755748526 ], [ 109.30951097924833, -0.011219808647184 ], [ 109.309511008026675, -0.011219725010278 ], [ 109.30951291818667, -0.011214160005409 ], [ 109.309523485220723, -0.011183367218564 ], [ 109.309534049556817, -0.011152579827638 ], [ 109.309549499909565, -0.011107559766003 ], [ 109.309573549579682, -0.011033069820257 ], [ 109.309618260274533, -0.010893049874312 ], [ 109.309623218236993, -0.010876832399845 ], [ 109.30963842127619, -0.010832341139576 ], [ 109.309638769313835, -0.010831322207707 ], [ 109.309667046696916, -0.010734189131483 ], [ 109.309712715169724, -0.010585783007457 ], [ 109.309712848269385, -0.010585352232169 ], [ 109.30971651120808, -0.010573447906268 ], [ 109.309729352627585, -0.010543109277023 ], [ 109.309774875410255, -0.01039611778657 ], [ 109.309835264885635, -0.01023513914032 ], [ 109.309837888208051, -0.010228146012082 ], [ 109.309838130125684, -0.010228209863953 ], [ 109.3098389961728, -0.010226262831736 ], [ 109.309870762026094, -0.010154808997186 ], [ 109.309871250357958, -0.010153710025634 ], [ 109.309888260135153, -0.010115450167859 ], [ 109.309912899760604, -0.010060019554203 ], [ 109.309980856131688, -0.009889655583095 ], [ 109.309981935318149, -0.009886951321675 ], [ 109.309997970230199, -0.009846749827602 ], [ 109.310006760203862, -0.009824720034771 ], [ 109.310007058778808, -0.009823898953698 ], [ 109.310007910436752, -0.009821549924538 ], [ 109.310019189733907, -0.009793170018725 ], [ 109.310020699695599, -0.009788800212903 ], [ 109.310028659595048, -0.009765850413601 ], [ 109.31004291025215, -0.00972489978426 ], [ 109.310043850043712, -0.009722200019439 ], [ 109.310043680071828, -0.00972212987233 ], [ 109.310045432850529, -0.009717168312648 ], [ 109.310072979984113, -0.009639180004115 ], [ 109.310088069708684, -0.009594689643166 ], [ 109.310103910367218, -0.009549413274783 ], [ 109.310123580338995, -0.009493190358398 ], [ 109.310181860004889, -0.009341079926855 ], [ 109.310208950282913, -0.009263149174956 ], [ 109.310229970137073, -0.009202679659893 ], [ 109.310245919613578, -0.009137149659693 ], [ 109.310250877575982, -0.009116985060757 ], [ 109.310257740302518, -0.009089079997011 ], [ 109.310277789788245, -0.009047400017437 ], [ 109.310291839896536, -0.009018149567908 ], [ 109.310292230202322, -0.00901845983401 ], [ 109.310342190239965, -0.008877009966 ], [ 109.310342040053172, -0.008876949711407 ], [ 109.310351869643114, -0.008848008628661 ], [ 109.310385939559524, -0.008747700046285 ], [ 109.310406419820481, -0.008655899949758 ], [ 109.310407730132681, -0.008652999636183 ], [ 109.310440710070793, -0.008580150053831 ], [ 109.3104659099738, -0.008446589938103 ], [ 109.310527359749926, -0.008247319957775 ], [ 109.31052818982414, -0.008244620193011 ], [ 109.310528720424145, -0.008243059869244 ], [ 109.310529260017404, -0.008241389828243 ], [ 109.310529209655385, -0.008241370043152 ], [ 109.310530588316055, -0.008237314100711 ], [ 109.310542587070813, -0.008201986932079 ], [ 109.310560329795464, -0.008149749811082 ], [ 109.310587150276831, -0.008070739872721 ], [ 109.310587330141232, -0.008070229957127 ], [ 109.310588430012103, -0.008066999592302 ], [ 109.310613190146682, -0.007999799551044 ], [ 109.310626189846857, -0.007964389644826 ], [ 109.310642509844001, -0.007898460345643 ], [ 109.310664920050101, -0.007860050301019 ], [ 109.310687624334435, -0.007694841243904 ], [ 109.310688309617831, -0.0076898500065 ], [ 109.310696700292567, -0.007656399723032 ], [ 109.310696810009858, -0.007656399723032 ], [ 109.310696819902375, -0.007656329575923 ], [ 109.310696700292567, -0.007656329575923 ], [ 109.31071087990324, -0.007599329645302 ], [ 109.31071004982897, -0.007565730074361 ], [ 109.31070883034829, -0.007525540271445 ], [ 109.31072441020342, -0.007392259844892 ], [ 109.310726973271244, -0.007293645585207 ], [ 109.310727119860758, -0.007287999641449 ], [ 109.310724810401723, -0.007117960325559 ], [ 109.310715690376867, -0.007000710314458 ], [ 109.310664420027024, -0.006816809747932 ], [ 109.310658179631332, -0.006789330063498 ], [ 109.310657059975426, -0.006784380194915 ], [ 109.310657040190335, -0.00678431994038 ], [ 109.310657032096401, -0.006784278571558 ], [ 109.310656979935743, -0.006784019566794 ], [ 109.310656931372364, -0.006783988989866 ], [ 109.310651430219366, -0.006762039236662 ], [ 109.310651479682122, -0.006762030243465 ], [ 109.310649108169855, -0.006752609845023 ], [ 109.310639610429746, -0.006714879687877 ], [ 109.310592309687422, -0.006527069768424 ], [ 109.310552270071241, -0.006300199594477 ], [ 109.310532330302863, -0.006177989822334 ], [ 109.31052549995195, -0.006137130024456 ], [ 109.310525589884151, -0.006136680363454 ], [ 109.310525560206486, -0.006136520284144 ], [ 109.310539329726339, -0.006065370420458 ], [ 109.310553660423125, -0.00604150960794 ], [ 109.310573750378353, -0.006008060223735 ], [ 109.310660779571378, -0.005918110032724 ], [ 109.310658819948628, -0.005825960099912 ], [ 109.310656069821846, -0.005696230196804 ], [ 109.31066693003487, -0.005615960308262 ], [ 109.310669670269135, -0.00559568958937 ], [ 109.310700429781093, -0.005506340145416 ], [ 109.310718290316913, -0.005401189613167 ], [ 109.310738429734783, -0.005264849692992 ], [ 109.310768229670146, -0.00517718018267 ], [ 109.31077544043427, -0.005156479587811 ], [ 109.310782240208255, -0.005144610335435 ], [ 109.310843789809098, -0.005037180021816 ], [ 109.310860939880513, -0.004992880317104 ], [ 109.310871499720008, -0.004965590389645 ], [ 109.310871569867118, -0.004965049897066 ], [ 109.310873560066796, -0.004949149883316 ], [ 109.310878300393313, -0.004911370263471 ], [ 109.310881150344869, -0.00485581014749 ], [ 109.310892679653477, -0.004831610290523 ], [ 109.310904180183854, -0.004807940134299 ], [ 109.310942610013512, -0.004748840286709 ], [ 109.310951759715977, -0.00473477039327 ], [ 109.310952290315981, -0.004734089606529 ], [ 109.310952780446542, -0.004733339571942 ], [ 109.310966190237536, -0.004716259647637 ], [ 109.310989550127715, -0.004686299632965 ], [ 109.311029009681135, -0.004628670176942 ], [ 109.311032249938421, -0.004623939742999 ], [ 109.311050159936997, -0.004570660307706 ], [ 109.311078039819733, -0.004529240232216 ], [ 109.311078459803127, -0.004518120115108 ], [ 109.311080030019411, -0.004477129915585 ], [ 109.311080119951612, -0.004476930266094 ], [ 109.311080129844186, -0.00447683044132 ], [ 109.311103059858397, -0.004429609738679 ], [ 109.311102440225511, -0.004421100353454 ], [ 109.311100770184453, -0.004397959897858 ], [ 109.311095709699316, -0.004374010052459 ], [ 109.311088819993131, -0.004341340380506 ], [ 109.311061280054105, -0.004245299980539 ], [ 109.31105032990888, -0.004191519622907 ], [ 109.311050429733598, -0.004190489899145 ], [ 109.311050320016307, -0.004189940413369 ], [ 109.311057119790291, -0.004123090208395 ], [ 109.311126110381736, -0.004046119932468 ], [ 109.311136600074121, -0.00403434960549 ], [ 109.311140780122969, -0.004030460037654 ], [ 109.311219704625728, -0.003956694945487 ], [ 109.311224439556327, -0.00395227028099 ], [ 109.311231000110638, -0.003931969884434 ], [ 109.311237969856506, -0.003909240419034 ], [ 109.311242450278939, -0.003813200019124 ], [ 109.311242739860631, -0.003812559701828 ], [ 109.311263360415808, -0.003766439769322 ], [ 109.31130002037969, -0.003708480262105 ], [ 109.311417649904683, -0.003633150349572 ], [ 109.311417880131103, -0.003633279851954 ], [ 109.311425949747843, -0.00362797025457 ], [ 109.311453319714985, -0.003577199927804 ], [ 109.311453319714985, -0.003576949916237 ], [ 109.311453460009261, -0.003530499932594 ], [ 109.311453460009261, -0.003521420377183 ], [ 109.311466660258247, -0.003491990063253 ], [ 109.311473729828833, -0.003475480309135 ], [ 109.311481689728282, -0.003411839784519 ], [ 109.311484470432049, -0.003392009733432 ], [ 109.311485099957451, -0.00338691957063 ], [ 109.311485163809323, -0.003386470808948 ], [ 109.311490709928364, -0.0033473898701 ], [ 109.311494800045068, -0.003318140319891 ], [ 109.311502400215659, -0.003292669720906 ], [ 109.311515540210053, -0.003248659597887 ], [ 109.311522720397306, -0.003203340062043 ], [ 109.311531129957757, -0.003150280061334 ], [ 109.311496339684368, -0.003095030211455 ], [ 109.311494630073184, -0.003092330446634 ], [ 109.311472370053878, -0.003040530396106 ], [ 109.311464970432098, -0.003023699584048 ], [ 109.311451110080725, -0.002936579559446 ], [ 109.311451160442743, -0.002934989558071 ], [ 109.311453370077004, -0.002854330263062 ], [ 109.311480689682128, -0.002792910164601 ], [ 109.311493639919604, -0.002763790116774 ], [ 109.311497360414933, -0.002754709662099 ], [ 109.311611120157124, -0.002477550298636 ], [ 109.311637259851693, -0.002413610299811 ], [ 109.311647476150142, -0.002380771555295 ], [ 109.31165633986825, -0.00235228013355 ], [ 109.311687395257138, -0.002255443833633 ], [ 109.311697408308817, -0.002224219372181 ], [ 109.31170589970759, -0.002197739733845 ], [ 109.31171650001653, -0.002164669863589 ], [ 109.311716618727019, -0.002163988177472 ], [ 109.311716949677532, -0.002162950359832 ], [ 109.311721166598602, -0.002138005864254 ], [ 109.311721198074906, -0.002137823301837 ], [ 109.311729935887911, -0.002086145559133 ], [ 109.311737646675113, -0.0020405391395 ], [ 109.311741990400606, -0.002014850005253 ], [ 109.311744488717238, -0.001997100985363 ], [ 109.311749409807476, -0.001967620309358 ], [ 109.311749130118301, -0.001967460230048 ], [ 109.311749130118301, -0.00196740986803 ], [ 109.311749169688483, -0.001967419760547 ], [ 109.311749249728166, -0.001967329828346 ], [ 109.311748879207471, -0.001967185037529 ], [ 109.312482486777412, 0.000491856414101 ], [ 109.312574935285113, 0.000472860034506 ], [ 109.312721825152153, 0.000442676987973 ], [ 109.313011873599123, 0.000383078016682 ], [ 109.313045164702658, 0.000376236873876 ], [ 109.31321502325477, 0.000341335084613 ], [ 109.313264434705957, 0.000331181738716 ], [ 109.313494356279591, 0.000283937653649 ], [ 109.313613233164233, 0.000259511167542 ], [ 109.313628958709558, 0.000256279903454 ], [ 109.313806584706185, 0.000219780918201 ], [ 109.314097627803335, 0.000159977800763 ], [ 109.314106740633633, 0.000158105412311 ], [ 109.314350392156939, 0.000108040153975 ], [ 109.314753367573928, 0.000025236875217 ], [ 109.314943243236144, -0.00001377931244 ], [ 109.314994446136836, -0.000040303916819 ], [ 109.314995145809405, -0.000040667242956 ], [ 109.31543658343162, -0.000269354047418 ], [ 109.31545281439594, -0.000277762708549 ], [ 109.315743781950061, -0.000428498976021 ], [ 109.315915889706616, -0.000517659562263 ], [ 109.316073688350116, -0.00059940703693 ], [ 109.316190247681845, -0.000659791116391 ], [ 109.31619732084971, -0.000663454954463 ], [ 109.316630766196965, -0.000888002179522 ], [ 109.317399745901639, -0.001286373067614 ], [ 109.318170339889321, -0.001685580325216 ], [ 109.318171071038137, -0.001685958939788 ], [ 109.318191343555725, -0.00169646212197 ], [ 109.318592205565892, -0.001904129072273 ], [ 109.318625643258883, -0.001921450914153 ], [ 109.318664208886219, -0.001941430252771 ], [ 109.318955021756892, -0.002092085581239 ], [ 109.318965735380459, -0.002097636196879 ], [ 109.318972444322924, -0.002101111177296 ], [ 109.318973411993454, -0.002101612099693 ], [ 109.318996621696783, -0.002113636934723 ], [ 109.3201257070358, -0.002698561389423 ], [ 109.320314318251235, -0.002796270931128 ], [ 109.320509749925066, -0.00289751480841 ], [ 109.320978857888065, -0.003140536806256 ], [ 109.321433520040955, -0.003376074646098 ], [ 109.321723761842179, -0.003632016304437 ], [ 109.322067581653641, -0.003935202047899 ], [ 109.322355687564993, -0.004189258727251 ], [ 109.322698295989653, -0.004491376975409 ], [ 109.322710942256265, -0.004502527669445 ], [ 109.322992272675322, -0.004750611051804 ], [ 109.323133578651777, -0.004875216617904 ], [ 109.323135869225041, -0.004877237394567 ], [ 109.323358546759607, -0.005073598068066 ], [ 109.323726193209325, -0.005397794672433 ], [ 109.323726275047591, -0.005397866618182 ], [ 109.324241216958683, -0.005851952305704 ], [ 109.324463750601694, -0.00604818617478 ], [ 109.324507433371423, -0.006086705936696 ], [ 109.324735799117889, -0.006288083028551 ], [ 109.325055353421874, -0.006569871202544 ], [ 109.325439705677923, -0.006908799601376 ], [ 109.325518818139017, -0.006978561811138 ], [ 109.325635104976186, -0.007081106108103 ], [ 109.325888481768061, -0.007304539073175 ], [ 109.325888560009105, -0.007304607421645 ], [ 109.326188904794208, -0.007569457764191 ], [ 109.326524983241427, -0.007853832388435 ], [ 109.326760108292433, -0.008052784008726 ], [ 109.326859976207004, -0.00813728790547 ], [ 109.326868033233211, -0.008144104766586 ], [ 109.327944900336945, -0.009055558667058 ], [ 109.327945035235246, -0.009055412976863 ], [ 109.327954120186575, -0.009063101281072 ], [ 109.327988470691423, -0.009092167369602 ], [ 109.328033304593419, -0.009130104370797 ], [ 109.328034175137134, -0.009129223934508 ], [ 109.328241279111808, -0.00930429315855 ], [ 109.328281936562178, -0.00934048457566 ], [ 109.328604464024863, -0.009613391944413 ], [ 109.32860918276765, -0.009617384934302 ], [ 109.329174592833226, -0.01009580897437 ], [ 109.32917464859122, -0.01009585573911 ], [ 109.3297564146269, -0.010588120345403 ], [ 109.330289548024268, -0.011039232874225 ], [ 109.330289887068716, -0.011039519757958 ], [ 109.330918696640595, -0.011571589257414 ], [ 109.330950142335269, -0.011598196599437 ], [ 109.331690191749033, -0.012224392741473 ], [ 109.331697454673872, -0.012230538708366 ], [ 109.331822251795529, -0.012336137102977 ], [ 109.331832051707863, -0.012344428852259 ], [ 109.331901136728163, -0.012402885684594 ], [ 109.332039200648637, -0.012519709417006 ], [ 109.332193311172432, -0.012650110214395 ], [ 109.33237285092639, -0.012802028191004 ], [ 109.332591086709328, -0.012986688684691 ], [ 109.332904218954582, -0.013251646046569 ], [ 109.333152555046411, -0.013461777139241 ], [ 109.333253860976981, -0.013547496919387 ], [ 109.333269277155466, -0.013560541585662 ], [ 109.333968907439214, -0.014152535611004 ], [ 109.334378055802688, -0.014498738625832 ], [ 109.334557039775632, -0.014650188055668 ], [ 109.334671357996854, -0.01474691823563 ], [ 109.333527167644718, -0.016425591867517 ], [ 109.333526993176235, -0.016425848174322 ], [ 109.333526309691479, -0.016426850019059 ], [ 109.333526315087454, -0.016426889589241 ], [ 109.333522498364687, -0.016431548077435 ], [ 109.333518286839535, -0.016436741662233 ], [ 109.333187169951998, -0.016845130098602 ], [ 109.333185659990249, -0.016847319947829 ], [ 109.333184929740753, -0.016848220169152 ], [ 109.333180239776311, -0.01685518991502 ], [ 109.333123640043993, -0.016937350178523 ], [ 109.333107140182449, -0.016963769562267 ], [ 109.332962250407604, -0.01717897013333 ], [ 109.332818320209356, -0.017424330368499 ], [ 109.332817459558157, -0.017425780075655 ], [ 109.332817580067342, -0.017425719821063 ], [ 109.33281744966564, -0.017425809753263 ], [ 109.332814210307617, -0.017427569726522 ], [ 109.332800289701652, -0.017435199574777 ], [ 109.332768030120576, -0.017452870353623 ], [ 109.332680248194947, -0.017520751181678 ], [ 109.332360943003152, -0.017268483253872 ], [ 109.332341130938516, -0.017295786671184 ], [ 109.332334951696737, -0.017290909647727 ], [ 109.332287133844204, -0.017363046067658 ], [ 109.332240368198484, -0.017433595184229 ], [ 109.332232758135319, -0.017427138951234 ], [ 109.332062858214385, -0.017282995613698 ], [ 109.331798122085729, -0.01759394430502 ], [ 109.331659579725908, -0.017635439923538 ], [ 109.331591510040198, -0.01765594986216 ], [ 109.331591219559186, -0.017655910291978 ], [ 109.331590150265299, -0.017656229551278 ], [ 109.331194159882614, -0.017609620387645 ], [ 109.33103354995842, -0.01759090009989 ], [ 109.331027609936314, -0.017590200427378 ], [ 109.331012473446947, -0.017590304748694 ], [ 109.33090458987499, -0.017591050286683 ], [ 109.330856729754316, -0.017591380337876 ], [ 109.330489700239525, -0.01759392002333 ], [ 109.330439620592074, -0.017572426226423 ], [ 109.330281331818071, -0.01750448964043 ], [ 109.330230610054684, -0.017482719751683 ], [ 109.330214719933451, -0.017475900192608 ], [ 109.330214549961568, -0.01747611962719 ], [ 109.330028699664808, -0.01739607007255 ], [ 109.329944559993521, -0.017359959594387 ], [ 109.329902772994615, -0.017341950670414 ], [ 109.329808380152656, -0.017301269837674 ], [ 109.329594060917259, -0.017348146100005 ], [ 109.329329459686903, -0.01740602017162 ], [ 109.329329240252321, -0.017406059741802 ] ] ] ] } },
{ "type": "Feature", "properties": { "OBJECTID_1": 906593, "kdprov": "61", "kdkab": "71", "kdkec": "030", "kddesa": "008", "nmprov": "KALIMANTAN BARAT", "nmkab": "KOTA PONTIANAK", "nmkec": "PONTIANAK BARAT", "nmdesa": "SUNGAI BELIUNG", "nmsls": "RT 007 RW 029", "RT": "RT 007 ", "RW": "RW 029", "KRW": "SBRW 029", "Puskesmas": "Pkm Perumnas II" }, "geometry": { "type": "MultiPolygon", "coordinates": [ [ [ [ 109.298117058155754, -0.013364758276907 ], [ 109.294296099585381, -0.014866067614889 ], [ 109.293735678059136, -0.015086265718537 ], [ 109.29303865311141, -0.015377611887232 ], [ 109.29302020981487, -0.015385329869048 ], [ 109.292752710968898, -0.015497145276981 ], [ 109.291912883572763, -0.015850596827534 ], [ 109.285687229582038, -0.018470747327058 ], [ 109.285608975973503, -0.01850368139975 ], [ 109.285349142948633, -0.016944682351152 ], [ 109.285353975905309, -0.016916222405712 ], [ 109.285360193817951, -0.01687960740793 ], [ 109.285357180189749, -0.016821899710862 ], [ 109.285352220428706, -0.016727059905861 ], [ 109.285352189851722, -0.016726370125809 ], [ 109.285370580088284, -0.01663378042457 ], [ 109.285394930131986, -0.016511229809339 ], [ 109.285456870038558, -0.016268720425046 ], [ 109.285471859938468, -0.01621003966153 ], [ 109.285495170365891, -0.016045759604083 ], [ 109.285531699928072, -0.015788360144654 ], [ 109.285541890146192, -0.015745270028162 ], [ 109.28558063833583, -0.015581434235742 ], [ 109.285599110410658, -0.015503329914679 ], [ 109.285659929762005, -0.015246210144426 ], [ 109.285676860398837, -0.015169489880009 ], [ 109.285830889983629, -0.014471699609203 ], [ 109.285907829682628, -0.014136079816183 ], [ 109.285907829682628, -0.013826279559112 ], [ 109.285904889798871, -0.013796690065135 ], [ 109.285890739865806, -0.013654170003917 ], [ 109.285866389822104, -0.013552019609961 ], [ 109.285839449730872, -0.013439029687447 ], [ 109.285817390260434, -0.013362300429776 ], [ 109.285745479570267, -0.013112230445017 ], [ 109.285745420215051, -0.013112010111115 ], [ 109.285736720173531, -0.013071369747877 ], [ 109.285734259628441, -0.013059870116876 ], [ 109.285649840267979, -0.012665610029842 ], [ 109.28563429998303, -0.012363320011161 ], [ 109.285650010239863, -0.012300069792332 ], [ 109.28570268982736, -0.012087940406104 ], [ 109.285746261980478, -0.011983754846369 ], [ 109.285762420099672, -0.011945119971244 ], [ 109.285790260412227, -0.011878580032374 ], [ 109.285806319606024, -0.011840169987806 ], [ 109.285830506872458, -0.011782338184332 ], [ 109.285839459623446, -0.011760929823026 ], [ 109.286151179933086, -0.011016540281048 ], [ 109.286190740210543, -0.010922060204848 ], [ 109.286207029630759, -0.010883160029778 ], [ 109.286292510191231, -0.010633599960613 ], [ 109.286373311579155, -0.010394984640755 ], [ 109.286404449705628, -0.010303029860893 ], [ 109.286412102936254, -0.010280428099236 ], [ 109.286420730132647, -0.010254950305637 ], [ 109.286448199924564, -0.010187039799973 ], [ 109.286579100744973, -0.009863434949523 ], [ 109.286680320340565, -0.009613210281373 ], [ 109.286714050313208, -0.009529826040591 ], [ 109.286727450211743, -0.009496700412342 ], [ 109.286832130398579, -0.009177770237841 ], [ 109.286882472648074, -0.009024377373066 ], [ 109.286899430264555, -0.008972710422199 ], [ 109.28689963980662, -0.008970890194405 ], [ 109.286901460034414, -0.008954990180598 ], [ 109.286925069936103, -0.008748969888984 ], [ 109.286925060043529, -0.008748870064267 ], [ 109.286922210991293, -0.008723033441186 ], [ 109.286932504631466, -0.008600979251753 ], [ 109.286962364821363, -0.008246915262873 ], [ 109.287000671443877, -0.00779271985806 ], [ 109.287019800923133, -0.007565888355032 ], [ 109.287039389955964, -0.007412640281075 ], [ 109.287039419633572, -0.007411980178688 ], [ 109.287045815611975, -0.00725742538981 ], [ 109.287110234050147, -0.006493612290342 ], [ 109.287070314043831, -0.006280705889822 ], [ 109.287069108952267, -0.006274278435171 ], [ 109.287040729945772, -0.00616715029372 ], [ 109.287036209953214, -0.006150070369415 ], [ 109.287036139806048, -0.006149939967713 ], [ 109.286959590412835, -0.006002809981624 ], [ 109.286942180437336, -0.005969349805582 ], [ 109.286921358434029, -0.005890749958098 ], [ 109.286919520219726, -0.005883809889895 ], [ 109.286907990011798, -0.00584026021977 ], [ 109.286904499742946, -0.005813199619411 ], [ 109.28687578528934, -0.005590157859444 ], [ 109.28687485988695, -0.005582969578313 ], [ 109.286872910156717, -0.005567850176078 ], [ 109.286868071804122, -0.005530263011167 ], [ 109.286877810562544, -0.005527594722651 ], [ 109.28685824221418, -0.005375559834192 ], [ 109.286823002279789, -0.005161499603503 ], [ 109.286765901625131, -0.004814690445585 ], [ 109.286726682190704, -0.00463075030882 ], [ 109.286718694412286, -0.004593284552413 ], [ 109.286661632428434, -0.004325669693856 ], [ 109.286659042380961, -0.004305589631201 ], [ 109.286656197825323, -0.004283563435649 ], [ 109.286619111582809, -0.003996319974135 ], [ 109.28661430740442, -0.003959113222436 ], [ 109.286595761585204, -0.003815479800494 ], [ 109.28658957335017, -0.00370186305048 ], [ 109.286586432018282, -0.003644190426996 ], [ 109.286586381656264, -0.003643380137817 ], [ 109.286577555709698, -0.003481394250912 ], [ 109.286407549668752, -0.003442535444606 ], [ 109.286393471681436, -0.003241921877134 ], [ 109.286464269910198, -0.002290001182587 ], [ 109.286502555848358, -0.0019621092639 ], [ 109.286535316351831, -0.001681540570587 ], [ 109.286571932248933, -0.001367945174479 ], [ 109.286609255912481, -0.001048287448441 ], [ 109.286641686364817, -0.000770545324372 ], [ 109.286680723236827, -0.00043621695778 ], [ 109.286679641352407, -0.000436115334423 ], [ 109.286710626594186, -0.000200457884773 ], [ 109.286382982888426, -0.00016555789415 ], [ 109.286382982888426, -0.00008135616963 ], [ 109.286382982888426, 0.000260718957065 ], [ 109.286382982888426, 0.000516728064611 ], [ 109.28652156122115, 0.001964096965537 ], [ 109.286531889934849, 0.001987925402489 ], [ 109.287710718574886, 0.004707400626103 ], [ 109.288076712969996, 0.005551723733106 ], [ 109.28810750755548, 0.005597915611361 ], [ 109.288564344269162, 0.005382933575561 ], [ 109.288566320978987, 0.005382003676573 ], [ 109.288578506792703, 0.005376269599196 ], [ 109.288582622989736, 0.005386539857 ], [ 109.288851923177788, 0.005313701066484 ], [ 109.289647152294322, 0.005098610212713 ], [ 109.289814865064045, 0.005053248408728 ], [ 109.290159630062931, 0.004959996806463 ], [ 109.292454286236364, 0.004339347682787 ], [ 109.292825011964794, 0.004239075073315 ], [ 109.293068033063321, 0.004173342725608 ], [ 109.293245275948777, 0.004125404363947 ], [ 109.293419427864364, 0.004078298774516 ], [ 109.293519639319982, 0.004051195006696 ], [ 109.293754646559762, 0.003987630924485 ], [ 109.293914619763939, 0.003944361842855 ], [ 109.294456765267569, 0.003797723785965 ], [ 109.294702814383413, 0.003731173954577 ], [ 109.29523075599468, 0.003588377801464 ], [ 109.295715016634745, 0.003457396941371 ], [ 109.2961610920608, 0.003336744794979 ], [ 109.296702855352578, 0.003236221274619 ], [ 109.29805212170811, 0.002985867104144 ], [ 109.298126029792513, 0.002972153342228 ], [ 109.298259506271279, 0.00294738691241 ], [ 109.298608135656991, 0.002882698677638 ], [ 109.298931855620708, 0.002822632958214 ], [ 109.29953990883979, 0.002709810309568 ], [ 109.299539520332644, 0.002707027807162 ], [ 109.299637093177353, 0.00268928778047 ], [ 109.299820251803226, 0.002655985885099 ], [ 109.299821279728349, 0.002655798826083 ], [ 109.29998870201706, 0.002625358573482 ], [ 109.299988904364511, 0.002626498913855 ], [ 109.300206551091549, 0.002586114857365 ], [ 109.300655417113887, 0.002504138055599 ], [ 109.300902755857578, 0.002459166557344 ], [ 109.301480422783357, 0.002354137433542 ], [ 109.301484179251531, 0.002353453948785 ], [ 109.30193885759229, 0.002270784669008 ], [ 109.301940446694346, 0.002270495986636 ], [ 109.303378686577162, 0.002059553705465 ], [ 109.303412551448162, 0.002054586749807 ], [ 109.304202508738854, 0.001938727090646 ], [ 109.304353016578489, 0.001916652331715 ], [ 109.304354361964272, 0.001916455380183 ], [ 109.305369338624132, 0.00176759240054 ], [ 109.305372979079777, 0.0017670582032 ], [ 109.306753579614053, 0.001564570448636 ], [ 109.306760352408389, 0.001563576697777 ], [ 109.307189986428796, 0.001500563899924 ], [ 109.307573343135346, 0.001444338285637 ], [ 109.307993301349825, 0.001382743718693 ], [ 109.307999877192628, 0.001381779645442 ], [ 109.308340461243347, 0.001331826802414 ], [ 109.308529701984241, 0.001304071925404 ], [ 109.308544672998323, 0.001300996244026 ], [ 109.308547949228512, 0.001300322651844 ], [ 109.308922622081411, 0.001223335288728 ], [ 109.308928010819102, 0.001222228223298 ], [ 109.308937898864997, 0.001220195755479 ], [ 109.309261658398896, 0.001153670205781 ], [ 109.30926686187621, 0.001152600911837 ], [ 109.309626268737361, 0.001078750384067 ], [ 109.309631515382193, 0.001077672096926 ], [ 109.310065360028375, 0.0009885258998 ], [ 109.31006640234267, 0.000988311861136 ], [ 109.310235915555097, 0.000953480218982 ], [ 109.310236131392401, 0.000953436152201 ], [ 109.310572199947103, 0.000884380809566 ], [ 109.310575066985791, 0.000883791753608 ], [ 109.310587100814132, 0.000881318617985 ], [ 109.310897899318661, 0.000817455960885 ], [ 109.311297507673885, 0.000735345160081 ], [ 109.311789347800243, 0.000634282046519 ], [ 109.31179041889277, 0.000634061712617 ], [ 109.312356996278425, 0.000517641775787 ], [ 109.312482486777412, 0.000491856414101 ], [ 109.311748879207471, -0.001967185037529 ], [ 109.311749249728166, -0.001967329828346 ], [ 109.311749169688483, -0.001967419760547 ], [ 109.311749130118301, -0.00196740986803 ], [ 109.311749130118301, -0.001967460230048 ], [ 109.311749409807476, -0.001967620309358 ], [ 109.311744488717238, -0.001997100985363 ], [ 109.311741990400606, -0.002014850005253 ], [ 109.311737646675113, -0.0020405391395 ], [ 109.311729935887911, -0.002086145559133 ], [ 109.311721198074906, -0.002137823301837 ], [ 109.311721166598602, -0.002138005864254 ], [ 109.311716949677532, -0.002162950359832 ], [ 109.311716618727019, -0.002163988177472 ], [ 109.31171650001653, -0.002164669863589 ], [ 109.31170589970759, -0.002197739733845 ], [ 109.311697408308817, -0.002224219372181 ], [ 109.311687395257138, -0.002255443833633 ], [ 109.31165633986825, -0.00235228013355 ], [ 109.311647476150142, -0.002380771555295 ], [ 109.311637259851693, -0.002413610299811 ], [ 109.311611120157124, -0.002477550298636 ], [ 109.311497360414933, -0.002754709662099 ], [ 109.311493639919604, -0.002763790116774 ], [ 109.311480689682128, -0.002792910164601 ], [ 109.311453370077004, -0.002854330263062 ], [ 109.311451160442743, -0.002934989558071 ], [ 109.311451110080725, -0.002936579559446 ], [ 109.311464970432098, -0.003023699584048 ], [ 109.311472370053878, -0.003040530396106 ], [ 109.311494630073184, -0.003092330446634 ], [ 109.311496339684368, -0.003095030211455 ], [ 109.311531129957757, -0.003150280061334 ], [ 109.311522720397306, -0.003203340062043 ], [ 109.311515540210053, -0.003248659597887 ], [ 109.311502400215659, -0.003292669720906 ], [ 109.311494800045068, -0.003318140319891 ], [ 109.311490709928364, -0.0033473898701 ], [ 109.311485163809323, -0.003386470808948 ], [ 109.311485099957451, -0.00338691957063 ], [ 109.311484470432049, -0.003392009733432 ], [ 109.311481689728282, -0.003411839784519 ], [ 109.311473729828833, -0.003475480309135 ], [ 109.311466660258247, -0.003491990063253 ], [ 109.311453460009261, -0.003521420377183 ], [ 109.311453460009261, -0.003530499932594 ], [ 109.311453319714985, -0.003576949916237 ], [ 109.311453319714985, -0.003577199927804 ], [ 109.311425949747843, -0.00362797025457 ], [ 109.311417880131103, -0.003633279851954 ], [ 109.311417649904683, -0.003633150349572 ], [ 109.31130002037969, -0.003708480262105 ], [ 109.311263360415808, -0.003766439769322 ], [ 109.311242739860631, -0.003812559701828 ], [ 109.311242450278939, -0.003813200019124 ], [ 109.311237969856506, -0.003909240419034 ], [ 109.311231000110638, -0.003931969884434 ], [ 109.311224439556327, -0.00395227028099 ], [ 109.311219704625728, -0.003956694945487 ], [ 109.311140780122969, -0.004030460037654 ], [ 109.311136600074121, -0.00403434960549 ], [ 109.311126110381736, -0.004046119932468 ], [ 109.311057119790291, -0.004123090208395 ], [ 109.311050320016307, -0.004189940413369 ], [ 109.311050429733598, -0.004190489899145 ], [ 109.31105032990888, -0.004191519622907 ], [ 109.311061280054105, -0.004245299980539 ], [ 109.311088819993131, -0.004341340380506 ], [ 109.311095709699316, -0.004374010052459 ], [ 109.311100770184453, -0.004397959897858 ], [ 109.311102440225511, -0.004421100353454 ], [ 109.311103059858397, -0.004429609738679 ], [ 109.311080129844186, -0.00447683044132 ], [ 109.311080119951612, -0.004476930266094 ], [ 109.311080030019411, -0.004477129915585 ], [ 109.311078459803127, -0.004518120115108 ], [ 109.311078039819733, -0.004529240232216 ], [ 109.311050159936997, -0.004570660307706 ], [ 109.311032249938421, -0.004623939742999 ], [ 109.311029009681135, -0.004628670176942 ], [ 109.310989550127715, -0.004686299632965 ], [ 109.310966190237536, -0.004716259647637 ], [ 109.310952780446542, -0.004733339571942 ], [ 109.310952290315981, -0.004734089606529 ], [ 109.310951759715977, -0.00473477039327 ], [ 109.310942610013512, -0.004748840286709 ], [ 109.310904180183854, -0.004807940134299 ], [ 109.310892679653477, -0.004831610290523 ], [ 109.310881150344869, -0.00485581014749 ], [ 109.310878300393313, -0.004911370263471 ], [ 109.310873560066796, -0.004949149883316 ], [ 109.310871569867118, -0.004965049897066 ], [ 109.310871499720008, -0.004965590389645 ], [ 109.310860939880513, -0.004992880317104 ], [ 109.310843789809098, -0.005037180021816 ], [ 109.310782240208255, -0.005144610335435 ], [ 109.31077544043427, -0.005156479587811 ], [ 109.310768229670146, -0.00517718018267 ], [ 109.310738429734783, -0.005264849692992 ], [ 109.310718290316913, -0.005401189613167 ], [ 109.310700429781093, -0.005506340145416 ], [ 109.310669670269135, -0.00559568958937 ], [ 109.31066693003487, -0.005615960308262 ], [ 109.310656069821846, -0.005696230196804 ], [ 109.310658819948628, -0.005825960099912 ], [ 109.310660779571378, -0.005918110032724 ], [ 109.310573750378353, -0.006008060223735 ], [ 109.310553660423125, -0.00604150960794 ], [ 109.310539329726339, -0.006065370420458 ], [ 109.310525560206486, -0.006136520284144 ], [ 109.310525589884151, -0.006136680363454 ], [ 109.31052549995195, -0.006137130024456 ], [ 109.310532330302863, -0.006177989822334 ], [ 109.310552270071241, -0.006300199594477 ], [ 109.310592309687422, -0.006527069768424 ], [ 109.310639610429746, -0.006714879687877 ], [ 109.310649108169855, -0.006752609845023 ], [ 109.310651479682122, -0.006762030243465 ], [ 109.310651430219366, -0.006762039236662 ], [ 109.310656931372364, -0.006783988989866 ], [ 109.310656979935743, -0.006784019566794 ], [ 109.310657032096401, -0.006784278571558 ], [ 109.310657040190335, -0.00678431994038 ], [ 109.310657059975426, -0.006784380194915 ], [ 109.310658179631332, -0.006789330063498 ], [ 109.310664420027024, -0.006816809747932 ], [ 109.310715690376867, -0.007000710314458 ], [ 109.310724810401723, -0.007117960325559 ], [ 109.310727119860758, -0.007287999641449 ], [ 109.310726973271244, -0.007293645585207 ], [ 109.31072441020342, -0.007392259844892 ], [ 109.31070883034829, -0.007525540271445 ], [ 109.31071004982897, -0.007565730074361 ], [ 109.31071087990324, -0.007599329645302 ], [ 109.310696700292567, -0.007656329575923 ], [ 109.310696819902375, -0.007656329575923 ], [ 109.310696810009858, -0.007656399723032 ], [ 109.310696700292567, -0.007656399723032 ], [ 109.310688309617831, -0.0076898500065 ], [ 109.310687624334435, -0.007694841243904 ], [ 109.310664920050101, -0.007860050301019 ], [ 109.310642509844001, -0.007898460345643 ], [ 109.310626189846857, -0.007964389644826 ], [ 109.310613190146682, -0.007999799551044 ], [ 109.310588430012103, -0.008066999592302 ], [ 109.310587330141232, -0.008070229957127 ], [ 109.310587150276831, -0.008070739872721 ], [ 109.310560329795464, -0.008149749811082 ], [ 109.310542587070813, -0.008201986932079 ], [ 109.310530588316055, -0.008237314100711 ], [ 109.310529209655385, -0.008241370043152 ], [ 109.310529260017404, -0.008241389828243 ], [ 109.310528720424145, -0.008243059869244 ], [ 109.31052818982414, -0.008244620193011 ], [ 109.310527359749926, -0.008247319957775 ], [ 109.3104659099738, -0.008446589938103 ], [ 109.310440710070793, -0.008580150053831 ], [ 109.310407730132681, -0.008652999636183 ], [ 109.310406419820481, -0.008655899949758 ], [ 109.310385939559524, -0.008747700046285 ], [ 109.310351869643114, -0.008848008628661 ], [ 109.310342040053172, -0.008876949711407 ], [ 109.310342190239965, -0.008877009966 ], [ 109.310292230202322, -0.00901845983401 ], [ 109.310291839896536, -0.009018149567908 ], [ 109.310277789788245, -0.009047400017437 ], [ 109.310257740302518, -0.009089079997011 ], [ 109.310250877575982, -0.009116985060757 ], [ 109.310245919613578, -0.009137149659693 ], [ 109.310229970137073, -0.009202679659893 ], [ 109.310208950282913, -0.009263149174956 ], [ 109.310181860004889, -0.009341079926855 ], [ 109.310123580338995, -0.009493190358398 ], [ 109.310103910367218, -0.009549413274783 ], [ 109.310088069708684, -0.009594689643166 ], [ 109.310072979984113, -0.009639180004115 ], [ 109.310045432850529, -0.009717168312648 ], [ 109.310043680071828, -0.00972212987233 ], [ 109.310043850043712, -0.009722200019439 ], [ 109.31004291025215, -0.00972489978426 ], [ 109.310028659595048, -0.009765850413601 ], [ 109.310020699695599, -0.009788800212903 ], [ 109.310019189733907, -0.009793170018725 ], [ 109.310007910436752, -0.009821549924538 ], [ 109.310007058778808, -0.009823898953698 ], [ 109.310006760203862, -0.009824720034771 ], [ 109.309997970230199, -0.009846749827602 ], [ 109.309981935318149, -0.009886951321675 ], [ 109.309980856131688, -0.009889655583095 ], [ 109.309912899760604, -0.010060019554203 ], [ 109.309888260135153, -0.010115450167859 ], [ 109.309871250357958, -0.010153710025634 ], [ 109.309870762026094, -0.010154808997186 ], [ 109.3098389961728, -0.010226262831736 ], [ 109.309838130125684, -0.010228209863953 ], [ 109.309837888208051, -0.010228146012082 ], [ 109.309835264885635, -0.01023513914032 ], [ 109.309774875410255, -0.01039611778657 ], [ 109.309729352627585, -0.010543109277023 ], [ 109.30971651120808, -0.010573447906268 ], [ 109.309712848269385, -0.010585352232169 ], [ 109.309712715169724, -0.010585783007457 ], [ 109.309667046696916, -0.010734189131483 ], [ 109.309638769313835, -0.010831322207707 ], [ 109.30963842127619, -0.010832341139576 ], [ 109.309623218236993, -0.010876832399845 ], [ 109.309618260274533, -0.010893049874312 ], [ 109.309573549579682, -0.011033069820257 ], [ 109.309549499909565, -0.011107559766003 ], [ 109.309534049556817, -0.011152579827638 ], [ 109.309523485220723, -0.011183367218564 ], [ 109.30951291818667, -0.011214160005409 ], [ 109.309511008026675, -0.011219725010278 ], [ 109.30951097924833, -0.011219808647184 ], [ 109.30950310478454, -0.011242755748526 ], [ 109.309450150004466, -0.011397070418411 ], [ 109.309428190358744, -0.011476559695438 ], [ 109.309421500302051, -0.011500669620148 ], [ 109.309381580295735, -0.011643380337659 ], [ 109.309364729698586, -0.011693559809885 ], [ 109.309347399762771, -0.011746340121476 ], [ 109.309331539319146, -0.011834870282996 ], [ 109.30933114991268, -0.011837040347075 ], [ 109.309321117975287, -0.011893031238344 ], [ 109.309320938110886, -0.011894033982458 ], [ 109.309314720198245, -0.011928739719508 ], [ 109.309309979871728, -0.011955269719863 ], [ 109.309285410393443, -0.012092859697646 ], [ 109.30928519365682, -0.012094071983768 ], [ 109.30928492026294, -0.012095609824485 ], [ 109.309263594639219, -0.01226027299316 ], [ 109.309263480425329, -0.012261159724687 ], [ 109.309226395981455, -0.012548574057405 ], [ 109.309182689829356, -0.012887310001304 ], [ 109.30917431983903, -0.012983380078879 ], [ 109.309168350139316, -0.013058576891751 ], [ 109.309168020088123, -0.01306272996095 ], [ 109.309167889686421, -0.013062679598931 ], [ 109.309167860008813, -0.013063089689808 ], [ 109.309167260160962, -0.013072279861774 ], [ 109.309154102180116, -0.013237990740606 ], [ 109.309140859662989, -0.013404760121546 ], [ 109.309121946920357, -0.013649320859429 ], [ 109.309120200436951, -0.013671910030553 ], [ 109.30911061816056, -0.013848232010275 ], [ 109.309109990433797, -0.013859780204655 ], [ 109.309093127246058, -0.01417804757881 ], [ 109.309089279946363, -0.014250648948234 ], [ 109.309083119590355, -0.014366899812501 ], [ 109.309079964768614, -0.014426450220469 ], [ 109.309065019834861, -0.01470851988222 ], [ 109.309062577276165, -0.0147520362774 ], [ 109.309058833398524, -0.014818728201703 ], [ 109.309034180283277, -0.0152578096002 ], [ 109.309032517436776, -0.015277225963132 ], [ 109.308999190360396, -0.015666389592184 ], [ 109.308997496037648, -0.015686118919177 ], [ 109.30899748974241, -0.015686191764303 ], [ 109.308997469957319, -0.015686430084656 ], [ 109.308997460064802, -0.015686590163966 ], [ 109.308986500027004, -0.015683859822218 ], [ 109.308964339832471, -0.015678669834699 ], [ 109.308963220176508, -0.015690469839285 ], [ 109.308964050250779, -0.015678669834699 ], [ 109.308905650075758, -0.015663990200949 ], [ 109.306467159931572, -0.015058589981891 ], [ 109.305689624076933, -0.014865584678944 ], [ 109.305689199596941, -0.014865480357571 ], [ 109.305689169919333, -0.014866070312848 ], [ 109.305675159381167, -0.015144299869519 ], [ 109.305672350798432, -0.015200029957384 ], [ 109.305672084599109, -0.01520532066894 ], [ 109.305655054137503, -0.015543531408809 ], [ 109.30565364040325, -0.015571610041718 ], [ 109.305638940085089, -0.015889611216551 ], [ 109.305637690027424, -0.015916660125697 ], [ 109.305607390069042, -0.016390319557559 ], [ 109.305606765040238, -0.016397030298663 ], [ 109.305606479955145, -0.016400089792285 ], [ 109.305594689843133, -0.016378579807565 ], [ 109.30539507002652, -0.016008179633729 ], [ 109.30515580000025, -0.016033500045921 ], [ 109.305122169852325, -0.01603705956262 ], [ 109.305088980372204, -0.016050550292618 ], [ 109.304683612758595, -0.016215313286011 ], [ 109.304535712952827, -0.016275427568871 ], [ 109.30416052928507, -0.016427922910282 ], [ 109.304050019692738, -0.016472840449183 ], [ 109.303867076004792, -0.016547443709499 ], [ 109.303439153394265, -0.016721949957969 ], [ 109.303408060233835, -0.016734630398844 ], [ 109.30315592540569, -0.016837450787648 ], [ 109.303067649752279, -0.01687344974988 ], [ 109.302900892062553, -0.016934758332411 ], [ 109.302894819840105, -0.016936989550402 ], [ 109.302856550089757, -0.016951060343104 ], [ 109.302624890126651, -0.017036219845636 ], [ 109.302564887359722, -0.017058278416755 ], [ 109.302203208811079, -0.017191235087409 ], [ 109.30220060887109, -0.017192191066727 ], [ 109.302200910143938, -0.01719268029791 ], [ 109.302200539623243, -0.017192819692809 ], [ 109.30219754038427, -0.017193919563681 ], [ 109.302196880281883, -0.017196970064049 ], [ 109.302194399951645, -0.017208340192724 ], [ 109.302157999891847, -0.017373380177332 ], [ 109.302157599693544, -0.017375200405127 ], [ 109.30211905115334, -0.017549953967148 ], [ 109.302100103337182, -0.017635852712374 ], [ 109.302060429745097, -0.017815700034475 ], [ 109.302060210310515, -0.017816700080573 ], [ 109.302047629694414, -0.017873760265786 ], [ 109.302034462720314, -0.017933423988268 ], [ 109.301958579724726, -0.018277269880059 ], [ 109.301958360290143, -0.018278269926157 ], [ 109.30194945969987, -0.018318599124029 ], [ 109.301859729842704, -0.01872520510409 ], [ 109.301842009601103, -0.018805500173642 ], [ 109.301841950245887, -0.018805769970243 ], [ 109.301803489839244, -0.018980049589572 ], [ 109.301803499731761, -0.018980510042468 ], [ 109.301809230211859, -0.019226419763413 ], [ 109.30180927068136, -0.019228153656343 ], [ 109.301809390291169, -0.019233240221809 ], [ 109.301764845970922, -0.019253599973638 ], [ 109.301172920294107, -0.019524160111871 ], [ 109.301172219722218, -0.019524480270491 ], [ 109.300854712275225, -0.019669606567049 ], [ 109.300793490027615, -0.019697589871839 ], [ 109.300373719771414, -0.019889470122905 ], [ 109.300361210201743, -0.019895189811109 ], [ 109.300307130369845, -0.019875109748455 ], [ 109.300041103714022, -0.019776312926467 ], [ 109.299903690003362, -0.019725279997601 ], [ 109.299686699781432, -0.019644699842956 ], [ 109.299538149765851, -0.019589530032761 ], [ 109.297650579810465, -0.01888853008154 ], [ 109.297523599134877, -0.018841378626689 ], [ 109.297537880368964, -0.018811760354424 ], [ 109.297537949616753, -0.018811629952722 ], [ 109.297537660035061, -0.018811520235431 ], [ 109.297558679889221, -0.018768629768374 ], [ 109.297611839714705, -0.018658387274684 ], [ 109.297823260435166, -0.018219939898245 ], [ 109.297826310036214, -0.018213570000228 ], [ 109.297893269958479, -0.018073679556608 ], [ 109.297909841765829, -0.018032659679477 ], [ 109.297928952359314, -0.017985358037777 ], [ 109.298084362403472, -0.017600673931895 ], [ 109.298189979683855, -0.017339240113813 ], [ 109.298218659063934, -0.017266277216891 ], [ 109.298272190309376, -0.017130090181467 ], [ 109.298317439698167, -0.017014982355477 ], [ 109.298435929874302, -0.016713560182609 ], [ 109.298435671768914, -0.016663681083969 ], [ 109.298434290410228, -0.016396589630858 ], [ 109.298434220263118, -0.016383550360501 ], [ 109.298419780748361, -0.016235646058192 ], [ 109.298382920235667, -0.015858060301184 ], [ 109.298381840149887, -0.015850180441419 ], [ 109.298380639554921, -0.015837630402245 ], [ 109.2983764496135, -0.015809350321206 ], [ 109.298430800141375, -0.015816249919965 ], [ 109.298376749987085, -0.015809350321206 ], [ 109.298376479291164, -0.015807407785587 ], [ 109.298338740140821, -0.015536569756819 ], [ 109.298333052828184, -0.015495175761714 ], [ 109.298332599569903, -0.015491879746378 ], [ 109.29833252042954, -0.015491869853861 ], [ 109.298272479891068, -0.015060629644267 ], [ 109.298272139947358, -0.015060650328678 ], [ 109.298242250079852, -0.014840669860973 ], [ 109.298230519323056, -0.014743794890194 ], [ 109.298205189917667, -0.014534629669356 ], [ 109.298184269888225, -0.01435287038862 ], [ 109.298163625950622, -0.014130376315791 ], [ 109.298152579577959, -0.014011319566691 ], [ 109.298152559792868, -0.014009129717522 ], [ 109.29815171982608, -0.01400175977335 ], [ 109.298151080408104, -0.013893150448496 ], [ 109.298150250333833, -0.013751189765571 ], [ 109.298146029815484, -0.013518369676945 ], [ 109.298144625973748, -0.013441069349824 ], [ 109.298142880389662, -0.013344939916976 ], [ 109.298123208619245, -0.013352203741135 ], [ 109.298116138149339, -0.013354815372395 ], [ 109.298117058155754, -0.013364758276907 ] ] ] ] } },
{ "type": "Feature", "properties": { "OBJECTID_1": 899245, "kdprov": "61", "kdkab": "71", "kdkec": "010", "kddesa": "005", "nmprov": "KALIMANTAN BARAT", "nmkab": "KOTA PONTIANAK", "nmkec": "PONTIANAK SELATAN", "nmdesa": "AKCAYA", "nmsls": "RT 003 RW 010", "RT": "RT 003 ", "RW": "RW 010", "KRW": "ARW 010", "Puskesmas": "Pkm Purnama" }, "geometry": { "type": "MultiPolygon", "coordinates": [ [ [ [ 109.345548009732909, -0.053009349901515 ], [ 109.345386760390738, -0.05319337997048 ], [ 109.345386790068346, -0.053193409648088 ], [ 109.344549089568886, -0.054150540115302 ], [ 109.344549069783795, -0.05415056979291 ], [ 109.343435805318222, -0.055421916188436 ], [ 109.343421870323141, -0.055437829692039 ], [ 109.343347749998713, -0.05552402971017 ], [ 109.343323860407907, -0.055551889807816 ], [ 109.34330128022998, -0.055578140118996 ], [ 109.343270490141094, -0.055614069833382 ], [ 109.343262223572822, -0.05562369707593 ], [ 109.343248320053988, -0.055639890268651 ], [ 109.342895890133263, -0.056048720272202 ], [ 109.342482509560227, -0.056528200116304 ], [ 109.342379367214107, -0.056644533718213 ], [ 109.342245500429556, -0.056795519997195 ], [ 109.341880819943924, -0.057206740398726 ], [ 109.341778665952745, -0.057316115046603 ], [ 109.341677670288334, -0.057424250428767 ], [ 109.341565089557321, -0.057544680442618 ], [ 109.34106121020676, -0.058119529792407 ], [ 109.340991680022057, -0.058199939975225 ], [ 109.340956973385687, -0.058240075818787 ], [ 109.340695400172649, -0.058542569983558 ], [ 109.340555357743654, -0.058701730200653 ], [ 109.340376460105631, -0.058905049828127 ], [ 109.340344959552283, -0.058945209054116 ], [ 109.340104890028726, -0.059251269930144 ], [ 109.340005559908718, -0.059377909762702 ], [ 109.339997655767263, -0.059387102632627 ], [ 109.33957044991638, -0.059883969969178 ], [ 109.339493852859107, -0.059973555934789 ], [ 109.339413580272549, -0.060067439760473 ], [ 109.339409800422004, -0.060071859928371 ], [ 109.339088716371236, -0.060425964386695 ], [ 109.339061680052566, -0.060455779610493 ], [ 109.339061529865774, -0.060455949582376 ], [ 109.338786509989518, -0.060759030105089 ], [ 109.338490765236713, -0.061098427050695 ], [ 109.338395449690324, -0.061207809792563 ], [ 109.338394539576427, -0.061208909663378 ], [ 109.33831642985939, -0.061303039903294 ], [ 109.338272370273728, -0.061356129581668 ], [ 109.33806152961597, -0.061557160434575 ], [ 109.337906720318927, -0.061704749974183 ], [ 109.337762819798343, -0.061874360313425 ], [ 109.337761930368856, -0.061875349567686 ], [ 109.337463665715688, -0.062207085188788 ], [ 109.337390069696028, -0.062288939682787 ], [ 109.337225886765339, -0.062483323646404 ], [ 109.337178210106345, -0.06253976959465 ], [ 109.337018003078413, -0.062729148831124 ], [ 109.33699955978193, -0.062750950196119 ], [ 109.336999409595137, -0.062751130060576 ], [ 109.33697667023722, -0.062778000004641 ], [ 109.336958649622034, -0.062799320232386 ], [ 109.336944259569975, -0.062816330009582 ], [ 109.336526509191117, -0.063302893813443 ], [ 109.336342089715743, -0.063517689689604 ], [ 109.334865849879122, -0.06529398023298 ], [ 109.334296950443957, -0.065978269881214 ], [ 109.333999389959956, -0.06631282038029 ], [ 109.333657349906844, -0.066697150153288 ], [ 109.333515380230665, -0.066885530242985 ], [ 109.333122790184689, -0.067340119550806 ], [ 109.333006370247858, -0.067463100042005 ], [ 109.332903789977991, -0.067594749997681 ], [ 109.332192220294814, -0.068428780363888 ], [ 109.332049829735922, -0.068582759586661 ], [ 109.331907180172266, -0.068737010404675 ], [ 109.331564710243242, -0.06912460022005 ], [ 109.331156189606531, -0.069653549971292 ], [ 109.330929099998002, -0.069953900152314 ], [ 109.330549792938655, -0.070541769886745 ], [ 109.330548002388468, -0.070544545194537 ], [ 109.330518080145339, -0.070590919635208 ], [ 109.330205359789602, -0.071044320039277 ], [ 109.329748690349845, -0.071796610125432 ], [ 109.32955629478721, -0.07203803043069 ], [ 109.32955324968276, -0.072042769857887 ], [ 109.329283970179119, -0.072462190277804 ], [ 109.329229119628224, -0.072552029852261 ], [ 109.328953759808257, -0.072999619736606 ], [ 109.328551959805168, -0.073605650380387 ], [ 109.328193300280645, -0.074086579931645 ], [ 109.328193240026053, -0.074086669863902 ], [ 109.327179540403506, -0.075661940346208 ], [ 109.326883940441576, -0.076116779665597 ], [ 109.326416429674566, -0.076801959642694 ], [ 109.325819689926789, -0.077675960377235 ], [ 109.325475739713681, -0.078202589877549 ], [ 109.325462919877907, -0.078222220279201 ], [ 109.325449389577727, -0.078242880404559 ], [ 109.324948590405199, -0.07897614982943 ], [ 109.324662069998567, -0.079410079911213 ], [ 109.324479750440219, -0.079670490300828 ], [ 109.323612480231816, -0.080907380071494 ], [ 109.323611890276595, -0.080907460111121 ], [ 109.323575769905915, -0.08087516995306 ], [ 109.321665420123111, -0.079167309723516 ], [ 109.320527980082261, -0.078150433695498 ], [ 109.320527169793138, -0.07814970974124 ], [ 109.317632850175983, -0.075562180350289 ], [ 109.317218000110699, -0.075191299938467 ], [ 109.317217949748624, -0.075191249576449 ], [ 109.316727089883329, -0.076203139763038 ], [ 109.315992779942917, -0.077716890322165 ], [ 109.313927649641357, -0.081974110017143 ], [ 109.31392729980513, -0.08197386989815 ], [ 109.313748879707077, -0.081852769889394 ], [ 109.310746660330153, -0.079814940307187 ], [ 109.31074682040952, -0.079814620148568 ], [ 109.310746969696936, -0.079814729865859 ], [ 109.311719935426765, -0.077721189980878 ], [ 109.312892469711755, -0.075202220406084 ], [ 109.313469189651414, -0.074217839581593 ], [ 109.313470220274496, -0.074216079608334 ], [ 109.314273129601304, -0.072845939988099 ], [ 109.314506570222079, -0.072409070022502 ], [ 109.314987679637738, -0.071550739974612 ], [ 109.314987780361832, -0.071550550217694 ], [ 109.315135990433646, -0.071248219729512 ], [ 109.315136180190621, -0.071247820430528 ], [ 109.315175539919267, -0.071167529857576 ], [ 109.315393090418866, -0.070819119906389 ], [ 109.315393139881564, -0.070819039866763 ], [ 109.315444580203291, -0.070739080244323 ], [ 109.315455009641028, -0.070722860071896 ], [ 109.315707610318043, -0.070330279918437 ], [ 109.315735289651968, -0.07028716012428 ], [ 109.315735310336379, -0.070287130446673 ], [ 109.315966730180492, -0.069925129940771 ], [ 109.315966749965582, -0.069925100263106 ], [ 109.315975610086412, -0.069911249804306 ], [ 109.31604942014468, -0.069795800235966 ], [ 109.316049480399272, -0.069795700411191 ], [ 109.316232149793962, -0.069487560302605 ], [ 109.316519469697823, -0.069073589774291 ], [ 109.316918079805589, -0.068530019744571 ], [ 109.31720095615924, -0.068137067271778 ], [ 109.317767104568304, -0.067350610142512 ], [ 109.31776713964183, -0.06735056967301 ], [ 109.318196469691372, -0.066754960373089 ], [ 109.318196490375783, -0.066754939688678 ], [ 109.31819724041037, -0.066753890179825 ], [ 109.318197270087978, -0.066753849710324 ], [ 109.318434549015308, -0.066411190923702 ], [ 109.318463189724469, -0.066369830203428 ], [ 109.318562310302411, -0.066221489729912 ], [ 109.318620320171703, -0.066134650293804 ], [ 109.318620369634402, -0.066134580146695 ], [ 109.31863868432788, -0.066107191293781 ], [ 109.318837396728554, -0.065810015719592 ], [ 109.318864829648248, -0.065768990446486 ], [ 109.319163903691276, -0.065354714148668 ], [ 109.319495779606598, -0.064894999604519 ], [ 109.319495800291008, -0.064894969926854 ], [ 109.319609479993574, -0.064690849902775 ], [ 109.319648819937129, -0.064626392793741 ], [ 109.319780829621664, -0.064410100445741 ], [ 109.319780809836573, -0.064410069868757 ], [ 109.319813355402118, -0.064357508092485 ], [ 109.319994569693677, -0.064064839920377 ], [ 109.320107930136942, -0.063846409883865 ], [ 109.320108020069142, -0.063846230019465 ], [ 109.320173861234764, -0.063746098603531 ], [ 109.320253280364682, -0.063625319652715 ], [ 109.320305477016234, -0.063545931099782 ], [ 109.320413970328502, -0.063380919893518 ], [ 109.320413939751575, -0.063380910000944 ], [ 109.320413970328502, -0.063380870430763 ], [ 109.320457994840638, -0.063313920401072 ], [ 109.320817925107235, -0.06276657142007 ], [ 109.321003666586023, -0.062484109653894 ], [ 109.321004680121973, -0.062482570014538 ], [ 109.321026639767695, -0.062449199770697 ], [ 109.321093880278397, -0.062351170070372 ], [ 109.321169599597397, -0.062240780087905 ], [ 109.321245130058742, -0.062111089754922 ], [ 109.321251972100868, -0.062101216997519 ], [ 109.3214650295875, -0.061793799943871 ], [ 109.321482241712147, -0.061768963366944 ], [ 109.32158966033461, -0.061613959816327 ], [ 109.321643841789921, -0.061535780851557 ], [ 109.321699051170356, -0.061456121602703 ], [ 109.321737269659309, -0.061400879846701 ], [ 109.321739749090227, -0.061396798723251 ], [ 109.321909210141996, -0.061117759776721 ], [ 109.321954710441616, -0.061042869632672 ], [ 109.321956020753817, -0.061040359624826 ], [ 109.322034869713548, -0.060889420110584 ], [ 109.322089779619716, -0.060784290262745 ], [ 109.322193461559038, -0.060586291923812 ], [ 109.322198930336413, -0.060575849895486 ], [ 109.322198969906594, -0.060575779748376 ], [ 109.322338666096641, -0.060299275091438 ], [ 109.322344650185528, -0.060287430120752 ], [ 109.322356287412788, -0.060268692745922 ], [ 109.322531419589382, -0.059986700425839 ], [ 109.322579341763287, -0.059921838621904 ], [ 109.322964079828466, -0.059401109573514 ], [ 109.323373780375732, -0.058916519781519 ], [ 109.32354939998487, -0.058706889611244 ], [ 109.323549429662535, -0.058706850041062 ], [ 109.323747519732308, -0.058502440435234 ], [ 109.32374905037841, -0.058500850433859 ], [ 109.323978169756799, -0.058267540214786 ], [ 109.322281777681951, -0.056752222137277 ], [ 109.322242470113963, -0.056717109906629 ], [ 109.321797165406906, -0.056334019399401 ], [ 109.321559228175886, -0.056129323809216 ], [ 109.321439020294633, -0.056025909867799 ], [ 109.320858808287426, -0.055507999294662 ], [ 109.320815880048883, -0.055469680081615 ], [ 109.320814440234301, -0.055468374266013 ], [ 109.320710379680349, -0.055373969732841 ], [ 109.320710379680349, -0.055374000309826 ], [ 109.320580360195549, -0.055253049588543 ], [ 109.320463760394261, -0.05514371990671 ], [ 109.320412060168508, -0.055095429910125 ], [ 109.320301230417499, -0.054990509604295 ], [ 109.32019838035103, -0.054895179668733 ], [ 109.320160959560724, -0.054856880240777 ], [ 109.320159689717968, -0.054855579821094 ], [ 109.319755689973192, -0.054435389581499 ], [ 109.319755449854199, -0.054435139569989 ], [ 109.31947642979344, -0.054155060107917 ], [ 109.319297649966643, -0.053980700448903 ], [ 109.319270573178471, -0.053925405632924 ], [ 109.319263929886517, -0.053911840259161 ], [ 109.319263597137365, -0.053893765684677 ], [ 109.320118382057728, -0.052711106832078 ], [ 109.320682137370795, -0.051884440114748 ], [ 109.320706431656561, -0.051849614767832 ], [ 109.320706471226742, -0.051849557211256 ], [ 109.320939842599728, -0.051487098950417 ], [ 109.321228524976505, -0.051038742843673 ], [ 109.321616631002769, -0.050435971342949 ], [ 109.321689541739033, -0.050312023181277 ], [ 109.322030394687033, -0.049732572000551 ], [ 109.322143965571627, -0.049537815717599 ], [ 109.322471744175687, -0.048975728646894 ], [ 109.322537257088811, -0.048941247740345 ], [ 109.322614436906804, -0.048932936205972 ], [ 109.322649318011656, -0.048929179737797 ], [ 109.322752758932722, -0.048939523739989 ], [ 109.322787252429805, -0.048962266695185 ], [ 109.323710878654197, -0.047986513067087 ], [ 109.324610813138577, -0.04700900306301 ], [ 109.324668679116314, -0.04696101883593 ], [ 109.324713503125736, -0.046855853914451 ], [ 109.324706607124256, -0.046698968982184 ], [ 109.324697987122477, -0.046483467138273 ], [ 109.324703158224224, -0.046019803670958 ], [ 109.324703159123544, -0.046019705644824 ], [ 109.324989346780967, -0.045916265623134 ], [ 109.325572064299365, -0.047071356657739 ], [ 109.325693392735957, -0.047260779061673 ], [ 109.326040851204368, -0.047614664085415 ], [ 109.326493478191537, -0.048075670955427 ], [ 109.326958077853078, -0.047867936555974 ], [ 109.32695809494021, -0.047867917670203 ], [ 109.327171880877643, -0.048011882042658 ], [ 109.327742293871836, -0.048744899657322 ], [ 109.327742215630792, -0.048745003079375 ], [ 109.327742400891168, -0.048745006676654 ], [ 109.327796708251526, -0.048803839425602 ], [ 109.328714317112087, -0.048542651122432 ], [ 109.328886236910364, -0.048757552219229 ], [ 109.329898395094915, -0.048442874039381 ], [ 109.333379840707153, -0.047360496789452 ], [ 109.333546487780268, -0.047593887947528 ], [ 109.333758536227549, -0.04783870139488 ], [ 109.336088665259751, -0.049529148951024 ], [ 109.336233869797297, -0.049435419808731 ], [ 109.33666216023056, -0.049210930140248 ], [ 109.336783389741697, -0.049130310415421 ], [ 109.336892460418767, -0.049057760307335 ], [ 109.337070480318459, -0.048984399910069 ], [ 109.33707066018286, -0.048984339655476 ], [ 109.337598959724289, -0.048821750323498 ], [ 109.337598990301217, -0.048821729639087 ], [ 109.337842839675375, -0.048732569952108 ], [ 109.338077310019912, -0.048625570413719 ], [ 109.33807733969752, -0.048625549729309 ], [ 109.338337050414623, -0.04845121974796 ], [ 109.338601249648036, -0.048243890043466 ], [ 109.338663599645486, -0.048189619555274 ], [ 109.338809899557305, -0.048062219795554 ], [ 109.338927049743631, -0.047925069586256 ], [ 109.338950530142938, -0.047897580009248 ], [ 109.338950579605637, -0.047897509862139 ], [ 109.339016960364518, -0.047803240227324 ], [ 109.339102740399198, -0.047681409969073 ], [ 109.339102760184289, -0.047681390183982 ], [ 109.339304739821955, -0.047489500040342 ], [ 109.339492039825814, -0.04734473976788 ], [ 109.339921770073715, -0.04715577961548 ], [ 109.340296909674692, -0.046966939972265 ], [ 109.340543670154318, -0.046817889933607 ], [ 109.340672079852652, -0.046668769747896 ], [ 109.340800319579159, -0.046450249779184 ], [ 109.340988099821004, -0.045967880413286 ], [ 109.340988109713578, -0.045967849836359 ], [ 109.341082290315512, -0.04567326970556 ], [ 109.341124609713006, -0.045445320345209 ], [ 109.340763889841696, -0.044985470003382 ], [ 109.340763870056605, -0.044985440325775 ], [ 109.339756760666035, -0.043784661033214 ], [ 109.339588330237291, -0.043583839722373 ], [ 109.338858926997943, -0.042768553925555 ], [ 109.338848420218483, -0.042756809678963 ], [ 109.338348200209339, -0.042186119693611 ], [ 109.338329450243975, -0.042163287705534 ], [ 109.339435693702342, -0.041323362283322 ], [ 109.339435763849508, -0.041323364981281 ], [ 109.339835916294589, -0.041004243251166 ], [ 109.340389545241408, -0.040513157656051 ], [ 109.340503534310699, -0.04041204687843 ], [ 109.341065002647838, -0.039928791680325 ], [ 109.34127450691301, -0.03970811513733 ], [ 109.341319201420049, -0.039537717891335 ], [ 109.341335961185735, -0.039216480056439 ], [ 109.341341668283405, -0.038871233920247 ], [ 109.341925643054026, -0.038832064847838 ], [ 109.342072252332628, -0.038802317972568 ], [ 109.342232209349049, -0.038701952732879 ], [ 109.342397342863137, -0.03859833914197 ], [ 109.34240096713097, -0.038596541397226 ], [ 109.343228132072682, -0.038186132184194 ], [ 109.343060056876197, -0.037868470953129 ], [ 109.342968692051556, -0.037740983959168 ], [ 109.342772899749605, -0.037496245155523 ], [ 109.343633665161576, -0.036991299209035 ], [ 109.344213737773828, -0.036709394123193 ], [ 109.344226802225194, -0.03670304490953 ], [ 109.344435462027036, -0.036620616648065 ], [ 109.34493730980904, -0.036384880957428 ], [ 109.345271118367464, -0.036228079662123 ], [ 109.345515024398935, -0.036103355385478 ], [ 109.345822547572595, -0.036002407385126 ], [ 109.346650967068513, -0.035622672248451 ], [ 109.346620149999978, -0.035463289898871 ], [ 109.346594405107794, -0.035350989756353 ], [ 109.347706297207935, -0.034930866965908 ], [ 109.347782143331301, -0.035094623617965 ], [ 109.34778210016384, -0.035094702758272 ], [ 109.34740464840587, -0.03525956197916 ], [ 109.347404681680757, -0.035259641119467 ], [ 109.347524466880714, -0.035534543184554 ], [ 109.347524603577654, -0.035534470339485 ], [ 109.348065809289722, -0.035246632426094 ], [ 109.348175283762373, -0.035481959824551 ], [ 109.350026198250532, -0.034521003641373 ], [ 109.350029782948184, -0.034526773691596 ], [ 109.350217866261573, -0.034829468405178 ], [ 109.350262895316405, -0.034901935775679 ], [ 109.350263793739146, -0.034903382784819 ], [ 109.350346580830092, -0.035036618245272 ], [ 109.350508064895337, -0.035296506128816 ], [ 109.350512076770997, -0.035302962361754 ], [ 109.350662753683196, -0.035545457356932 ], [ 109.350685709777736, -0.035582402405907 ], [ 109.350748147908746, -0.035682887255405 ], [ 109.350871432370752, -0.035881296584535 ], [ 109.35096320818559, -0.036028999438713 ], [ 109.351106623072269, -0.036259806844555 ], [ 109.351134895059431, -0.036305306244856 ], [ 109.351138068766943, -0.036310414394052 ], [ 109.351362812044215, -0.036672108231187 ], [ 109.351503786170838, -0.036898987398274 ], [ 109.351657919177683, -0.037147044700305 ], [ 109.351719983190719, -0.037246927903368 ], [ 109.351753177167438, -0.037300350330838 ], [ 109.3517540270268, -0.037301718199672 ], [ 109.351886582599775, -0.037515049979504 ], [ 109.351900228013164, -0.037537009625225 ], [ 109.352010512774996, -0.037714498924913 ], [ 109.352161083567239, -0.037956823048887 ], [ 109.352177664367787, -0.037983505933994 ], [ 109.352228975187131, -0.038066084382251 ], [ 109.352230397914582, -0.038068374056195 ], [ 109.352311812640096, -0.03819940168097 ], [ 109.352333509683774, -0.038234319658102 ], [ 109.352447656134473, -0.0383693933328 ], [ 109.352566938613393, -0.038510544625865 ], [ 109.352837630052647, -0.03883086335361 ], [ 109.35287147333986, -0.038870911063668 ], [ 109.352919736356796, -0.038928021610843 ], [ 109.353189408864182, -0.039247137045663 ], [ 109.353317405773737, -0.039398599965352 ], [ 109.353614548072983, -0.039750219596897 ], [ 109.353693584091673, -0.039843746391739 ], [ 109.354027276637567, -0.040238617118462 ], [ 109.354210532390198, -0.040455468844755 ], [ 109.354312350934322, -0.040575954616543 ], [ 109.354662736696014, -0.040990579851325 ], [ 109.354708590429141, -0.041044838648361 ], [ 109.354734746311578, -0.041075790615196 ], [ 109.354817226733701, -0.041173394036832 ], [ 109.355128704226388, -0.041501706838233 ], [ 109.354371761048014, -0.042195216336097 ], [ 109.354370367998172, -0.042196261348352 ], [ 109.354371940013095, -0.042196569815815 ], [ 109.354373920320199, -0.042196960121544 ], [ 109.35437394010529, -0.042196999691726 ], [ 109.35437285912019, -0.042197747927673 ], [ 109.354360779426486, -0.042206644920668 ], [ 109.354194099977803, -0.042329399681989 ], [ 109.354194062206261, -0.042329432057613 ], [ 109.354193977669979, -0.042329502204723 ], [ 109.354008631892896, -0.042493650961148 ], [ 109.354008489800037, -0.042493779564211 ], [ 109.353939849944197, -0.042554359695885 ], [ 109.353837329928922, -0.042641989636081 ], [ 109.353623179765975, -0.0428247300772 ], [ 109.353583959432228, -0.04286268506479 ], [ 109.353326989848767, -0.043111360201067 ], [ 109.353293859723919, -0.043139480202797 ], [ 109.352960660006488, -0.043422319684282 ], [ 109.352958429687817, -0.043424210059186 ], [ 109.352665360418086, -0.043688459654618 ], [ 109.35238935038825, -0.043966440099098 ], [ 109.352351977262003, -0.044004703554151 ], [ 109.352340289672668, -0.044016669933342 ], [ 109.351698812250447, -0.044641530582112 ], [ 109.35169893995419, -0.044641669977068 ], [ 109.351698910276525, -0.044641699654676 ], [ 109.35197309018605, -0.044934439772533 ], [ 109.351972957086389, -0.044934579167432 ], [ 109.351770070032785, -0.045146679775428 ], [ 109.351715339991017, -0.045203890147377 ], [ 109.351497499909726, -0.045440740098002 ], [ 109.351467510217503, -0.045473350414738 ], [ 109.351172980448723, -0.045761369991169 ], [ 109.351086092449293, -0.045851173592723 ], [ 109.351074070312166, -0.045863600424752 ], [ 109.351074049627755, -0.045863579740342 ], [ 109.351073900340282, -0.045863739819708 ], [ 109.350771880118259, -0.046193249618739 ], [ 109.350421550114504, -0.046598289879114 ], [ 109.350226370250823, -0.046824199577088 ], [ 109.350225600431202, -0.046824849786958 ], [ 109.350170439614146, -0.046870930149282 ], [ 109.35011245492592, -0.046919384721775 ], [ 109.35008406422827, -0.046943109736674 ], [ 109.349930409660715, -0.04707151044181 ], [ 109.349713260258795, -0.04735380043752 ], [ 109.349705480223804, -0.047363909716637 ], [ 109.34944464625346, -0.047691652347851 ], [ 109.349441600249691, -0.047695479862455 ], [ 109.348925039558992, -0.048549770155716 ], [ 109.348923829970829, -0.048551670423194 ], [ 109.348923259800642, -0.048552629999847 ], [ 109.348857904268925, -0.048650274790305 ], [ 109.348042860389739, -0.049867980223041 ], [ 109.34801807867143, -0.049908717713095 ], [ 109.347849822711225, -0.050185315899569 ], [ 109.347389029879878, -0.050942820254932 ], [ 109.347032060181505, -0.05130587026963 ], [ 109.346601980097375, -0.051829870152346 ], [ 109.34656302956023, -0.051877109740758 ], [ 109.346566716780615, -0.051881893234736 ], [ 109.346568750147753, -0.051884530047005 ], [ 109.34655782068694, -0.051895674445745 ], [ 109.346422809964793, -0.052033339966613 ], [ 109.346422790179702, -0.052033359751704 ], [ 109.346100390420759, -0.052406140431003 ], [ 109.346100340058683, -0.052406189893702 ], [ 109.34560095012381, -0.052950609782783 ], [ 109.345552519833006, -0.053004200383498 ], [ 109.345552429900806, -0.053004300208215 ], [ 109.345548009732909, -0.053009349901515 ] ] ] ] } },
{ "type": "Feature", "properties": { "OBJECTID_1": 901939, "kdprov": "61", "kdkab": "71", "kdkec": "020", "kddesa": "003", "nmprov": "KALIMANTAN BARAT", "nmkab": "KOTA PONTIANAK", "nmkec": "PONTIANAK TIMUR", "nmdesa": "SAIGON", "nmsls": "RT 3 RW 5", "RT": "RT 003 ", "RW": "RW 05", "KRW": "SRW 05", "Puskesmas": "Pkm Saigon" }, "geometry": { "type": "MultiPolygon", "coordinates": [ [ [ [ 109.357671639834393, -0.036276859789211 ], [ 109.357671340360127, -0.036276580100036 ], [ 109.357928809966666, -0.036115310073455 ], [ 109.358240149863093, -0.035920890136936 ], [ 109.358249230317767, -0.035915210018857 ], [ 109.358312660400998, -0.035875469876999 ], [ 109.358519999998066, -0.035745540324399 ], [ 109.358619259970908, -0.035684120225937 ], [ 109.358728809986644, -0.035615529832796 ], [ 109.358901739723592, -0.035506260405555 ], [ 109.359008753651096, -0.035438643978182 ], [ 109.359020630098087, -0.03543114003503 ], [ 109.359589624861371, -0.035071762851544 ], [ 109.359978610424605, -0.034826079759739 ], [ 109.360116609593945, -0.034738969627711 ], [ 109.360369030406503, -0.034570350341369 ], [ 109.360964850147752, -0.034171849950894 ], [ 109.361784330382591, -0.033623830075669 ], [ 109.361865915979308, -0.033569278099662 ], [ 109.361877133223174, -0.033561777753789 ], [ 109.36189207006305, -0.033551789883177 ], [ 109.361901600178783, -0.033545419985103 ], [ 109.363297519764785, -0.032646460365811 ], [ 109.363461522831074, -0.032540842186052 ], [ 109.363577240397376, -0.032466319864739 ], [ 109.364119519899987, -0.03210839958291 ], [ 109.364848126340007, -0.03162749611198 ], [ 109.364860107108314, -0.031619588373246 ], [ 109.36492510021327, -0.031576689812312 ], [ 109.364950749777336, -0.031559760074799 ], [ 109.365230609804883, -0.031375380169607 ], [ 109.36523144977167, -0.031374849569602 ], [ 109.365279909740082, -0.031343680866144 ], [ 109.365291369800957, -0.031336310022652 ], [ 109.365402089834618, -0.031265019864748 ], [ 109.365567879853813, -0.03115146336927 ], [ 109.366071400374892, -0.030806579659895 ], [ 109.36626332019614, -0.030982989773122 ], [ 109.366279812863127, -0.031002329693706 ], [ 109.366386106433708, -0.031126965836734 ], [ 109.366554389373619, -0.031324289684164 ], [ 109.366579364446181, -0.031353576106596 ], [ 109.36670012271253, -0.03149517436276 ], [ 109.366756690069224, -0.031561503860246 ], [ 109.366794619875861, -0.031605979832079 ], [ 109.366970170237209, -0.031811599925334 ], [ 109.367005215918027, -0.031852687251671 ], [ 109.367043910148368, -0.031898049954975 ], [ 109.367044099905343, -0.031898280181451 ], [ 109.367049440079654, -0.031904540362177 ], [ 109.367315880423575, -0.032207260256826 ], [ 109.367358478610981, -0.032254389228626 ], [ 109.367734979785553, -0.032670920126805 ], [ 109.367790673001196, -0.032735958197861 ], [ 109.368017779696856, -0.033001170067905 ], [ 109.368030382796007, -0.033015885674558 ], [ 109.368238059638827, -0.033258389662933 ], [ 109.368238440052039, -0.033258809646327 ], [ 109.36827222128602, -0.033295548750516 ], [ 109.368279889805137, -0.033303889962497 ], [ 109.368946452017212, -0.034028786699082 ], [ 109.368976670137272, -0.034061649725288 ], [ 109.369171369762967, -0.034273389705106 ], [ 109.369407386941418, -0.034510342178521 ], [ 109.369693274225313, -0.034797360809534 ], [ 109.369697510032097, -0.034793300370495 ], [ 109.370279640293234, -0.034232830280871 ], [ 109.370642532926638, -0.033871831619706 ], [ 109.371013100374341, -0.033503200412326 ], [ 109.371299150435505, -0.033218650420338 ], [ 109.371331917234272, -0.033186053593454 ], [ 109.371404909808803, -0.033113439633496 ], [ 109.371429329999614, -0.033088719968418 ], [ 109.371492910269637, -0.033025270100097 ], [ 109.371678149926765, -0.032836899902975 ], [ 109.371817929753718, -0.032695430249873 ], [ 109.371838300297384, -0.032674039875019 ], [ 109.372803629883663, -0.031660422090738 ], [ 109.373017989588618, -0.031435339769075 ], [ 109.373022013155435, -0.031431112955431 ], [ 109.373028419925674, -0.031424379731277 ], [ 109.373068890317086, -0.031381859784972 ], [ 109.373128206001979, -0.031319445036331 ], [ 109.37317839986332, -0.031266629651213 ], [ 109.372839859971634, -0.030720379641764 ], [ 109.372840220599755, -0.030720433601061 ], [ 109.373544692833377, -0.030825074217773 ], [ 109.373547090425916, -0.030825430349296 ], [ 109.373547790098485, -0.030825520281496 ], [ 109.373568919669992, -0.030828179576758 ], [ 109.373587139934614, -0.030830470150022 ], [ 109.373870187159469, -0.030866052726083 ], [ 109.373936270242723, -0.030874359763857 ], [ 109.374151059823589, -0.030894910171924 ], [ 109.37448924358381, -0.030927453039453 ], [ 109.374525589684254, -0.030930949603601 ], [ 109.374992630105851, -0.030975889625552 ], [ 109.375598769567603, -0.031161599628092 ], [ 109.375883889729778, -0.031321939755685 ], [ 109.375985943896239, -0.031364991201315 ], [ 109.376055535234798, -0.031394347770913 ], [ 109.37605559638871, -0.031394286617001 ], [ 109.376127463911416, -0.031322419993614 ], [ 109.376127800257848, -0.031322500033298 ], [ 109.376555808303976, -0.031424767339104 ], [ 109.376638226672867, -0.031444459793931 ], [ 109.376661831178637, -0.031450100341829 ], [ 109.376664081282399, -0.031450850376416 ], [ 109.376768231768551, -0.03148556690536 ], [ 109.377427915965598, -0.031691275132175 ], [ 109.377468075191587, -0.031702413235735 ], [ 109.377633491992128, -0.031748288552649 ], [ 109.378059748158933, -0.031866505334904 ], [ 109.378057159010723, -0.031869617888503 ], [ 109.377983733862266, -0.031939127388796 ], [ 109.377318011616978, -0.03256934260105 ], [ 109.377317263381087, -0.032569965831215 ], [ 109.376849249893041, -0.032982919226299 ], [ 109.376237222569841, -0.032363619085686 ], [ 109.376225964856474, -0.032371659924138 ], [ 109.375684072062313, -0.032758728132762 ], [ 109.375362153440676, -0.032401690985182 ], [ 109.375210625769796, -0.032263815022986 ], [ 109.375177582879189, -0.032233748888359 ], [ 109.375173562909652, -0.032230092244902 ], [ 109.374872088576069, -0.032523526639409 ], [ 109.374917875759422, -0.032564846890125 ], [ 109.374752660407012, -0.032734739616501 ], [ 109.37458818969327, -0.032903863422518 ], [ 109.374420280871334, -0.033076523362809 ], [ 109.374381922088105, -0.033115966728417 ], [ 109.3744945873554, -0.033212062886321 ], [ 109.374791958082483, -0.032962520803665 ], [ 109.375407366856564, -0.033548055897995 ], [ 109.375434529080337, -0.033573898816314 ], [ 109.375002173711437, -0.034004195637067 ], [ 109.374997829985944, -0.034008518678149 ], [ 109.37519074535669, -0.034179204606573 ], [ 109.375503152748365, -0.034455614834712 ], [ 109.375480279391468, -0.034619896690856 ], [ 109.375473502100476, -0.03462554892991 ], [ 109.375442687729901, -0.034651244359395 ], [ 109.375512511093575, -0.034921426782375 ], [ 109.375321195616721, -0.035129378817714 ], [ 109.375097198776757, -0.035295302835891 ], [ 109.37509660702284, -0.035295740805736 ], [ 109.375096655586219, -0.035295790268435 ], [ 109.375079535192469, -0.035311135400548 ], [ 109.375217279853644, -0.03544584305115 ], [ 109.375505526059214, -0.035727732848557 ], [ 109.376452399758477, -0.036653729685838 ], [ 109.376460125834228, -0.036661285789648 ], [ 109.37645852504096, -0.036662580813413 ], [ 109.3769522141734, -0.037162441993075 ], [ 109.377104383060896, -0.037316512946688 ], [ 109.377111019158292, -0.037322961985069 ], [ 109.377902529578137, -0.038092071192068 ], [ 109.377907045074153, -0.038087940605919 ], [ 109.378010322318573, -0.038190576633781 ], [ 109.378052721755751, -0.03822086310231 ], [ 109.378131665144281, -0.038277250594604 ], [ 109.378474453433341, -0.038469420427361 ], [ 109.378676962771692, -0.038582948144494 ], [ 109.378680658085955, -0.038585019283175 ], [ 109.378603400926295, -0.038723068814534 ], [ 109.378556289940889, -0.038807249854642 ], [ 109.378574062343148, -0.038822369256877 ], [ 109.379109039350737, -0.039277499057278 ], [ 109.37964139573387, -0.039285816886888 ], [ 109.380406691815438, -0.039169768370073 ], [ 109.380655205973028, -0.039132084078346 ], [ 109.380656200623207, -0.039131932992291 ], [ 109.381167761982681, -0.039036274804175 ], [ 109.38117447901908, -0.039047938111821 ], [ 109.381622017642087, -0.039825015312147 ], [ 109.382583305675098, -0.041494131848651 ], [ 109.382790265758217, -0.041853482951808 ], [ 109.38386185923747, -0.043714127205135 ], [ 109.383410148659493, -0.043875918838523 ], [ 109.383181784711667, -0.04395771397725 ], [ 109.38242962862455, -0.044227120285314 ], [ 109.382321935708831, -0.044065368222107 ], [ 109.382257386868957, -0.043968522029616 ], [ 109.382257404855409, -0.043968388030635 ], [ 109.381407994283563, -0.044562180700041 ], [ 109.379564840045418, -0.045822747821489 ], [ 109.379588689166724, -0.045853411106009 ], [ 109.379788743355903, -0.046122928030684 ], [ 109.379782065889685, -0.046127585619558 ], [ 109.38005298575672, -0.046484549022693 ], [ 109.380052965971686, -0.046484565210449 ], [ 109.380052571169301, -0.046484860188116 ], [ 109.3800515396469, -0.046485627309778 ], [ 109.376918459919068, -0.048579070068001 ], [ 109.376915940918025, -0.048580774283266 ], [ 109.376000444564909, -0.049200158960105 ], [ 109.375998010100147, -0.049201805618793 ], [ 109.3759536051748, -0.04923184927037 ], [ 109.374690650353273, -0.050086310434835 ], [ 109.374612850003075, -0.05013888480164 ], [ 109.374611920104087, -0.050139480152836 ], [ 109.374576745820207, -0.050097860427854 ], [ 109.371775474558547, -0.052016122446048 ], [ 109.371693129934044, -0.051913070032128 ], [ 109.371598336893783, -0.051795170710534 ], [ 109.371535139734988, -0.051716569963673 ], [ 109.371512170150595, -0.051688080340568 ], [ 109.371309070857023, -0.051436166745646 ], [ 109.371252880316263, -0.051366470186395 ], [ 109.371222107314452, -0.05132830116014 ], [ 109.371136419909931, -0.051222020180035 ], [ 109.371018419864242, -0.051075742751266 ], [ 109.370819819878818, -0.050829549743867 ], [ 109.370807699715613, -0.05081446001924 ], [ 109.370741620229637, -0.050732250293095 ], [ 109.370734719731615, -0.050724050274653 ], [ 109.37061921710324, -0.050586959420571 ], [ 109.370591650184565, -0.050554240285919 ], [ 109.370273792001967, -0.050172882772301 ], [ 109.370143640316826, -0.050016729888114 ], [ 109.370120060992065, -0.049988482182641 ], [ 109.370050059562686, -0.04990462040189 ], [ 109.3700457500114, -0.049899489769587 ], [ 109.370045730226309, -0.049899460091979 ], [ 109.370045650186682, -0.049899350374687 ], [ 109.369883073445124, -0.049704412428639 ], [ 109.369727197552209, -0.049517510824444 ], [ 109.369726579717963, -0.049516771581693 ], [ 109.369726419638596, -0.049516580026079 ], [ 109.369710468363508, -0.0494974514462 ], [ 109.369674609695551, -0.049454460255106 ], [ 109.369605513883414, -0.049371730720736 ], [ 109.369411060671951, -0.049138909732847 ], [ 109.369046933269431, -0.048702931894752 ], [ 109.368755348780383, -0.048353814177119 ], [ 109.368649000351127, -0.048226480067967 ], [ 109.368394807874154, -0.047922465149611 ], [ 109.368260229725877, -0.047761508986412 ], [ 109.368228810111532, -0.047723929915378 ], [ 109.368167690386656, -0.047643630349228 ], [ 109.368045835846715, -0.047483962015178 ], [ 109.368034279558401, -0.047468820129893 ], [ 109.367766017187989, -0.047115186916301 ], [ 109.367723689696561, -0.047059390278605 ], [ 109.367600815325432, -0.046900832607264 ], [ 109.367550720389488, -0.046836190237968 ], [ 109.367506419785514, -0.046779020335464 ], [ 109.367455428225469, -0.046713219639344 ], [ 109.367384239690978, -0.046621360187601 ], [ 109.367377069396298, -0.046611930795905 ], [ 109.367078320907865, -0.046219122214666 ], [ 109.367076711121399, -0.046217006109885 ], [ 109.366941230053783, -0.046038870197663 ], [ 109.366928990280712, -0.046022769635044 ], [ 109.366927650290904, -0.04602101955436 ], [ 109.366911389648976, -0.045999690333417 ], [ 109.36676190074121, -0.045844942190286 ], [ 109.366755330294325, -0.045838139718342 ], [ 109.366609620337783, -0.045687300028817 ], [ 109.366600807881014, -0.045693047596046 ], [ 109.366594430788439, -0.045673917217471 ], [ 109.366477646626151, -0.045548518449323 ], [ 109.36646887373962, -0.045539098050881 ], [ 109.366181043920108, -0.045230035237864 ], [ 109.365981467270956, -0.045015734888182 ], [ 109.365981425902135, -0.045015690821401 ], [ 109.36507699300887, -0.045774410160845 ], [ 109.365079214334344, -0.045783851243698 ], [ 109.363764308376176, -0.046958965683643 ], [ 109.363764090740233, -0.046958720168732 ], [ 109.363741553729767, -0.04698240021753 ], [ 109.363741500669789, -0.046982338164355 ], [ 109.363739939446702, -0.046979772398515 ], [ 109.363524923236696, -0.046744846997058 ], [ 109.363469111310508, -0.046683867566401 ], [ 109.363038759631138, -0.04611840623943 ], [ 109.363036993362641, -0.046116085089182 ], [ 109.363921461306461, -0.045317211020404 ], [ 109.363889923880947, -0.045275715401885 ], [ 109.363749234839361, -0.045124977335774 ], [ 109.363663816332121, -0.04496921295879 ], [ 109.363626131141075, -0.044906405206405 ], [ 109.363433732880537, -0.044725127962238 ], [ 109.363362856410731, -0.044658347904374 ], [ 109.363191501386723, -0.044496898013392 ], [ 109.363162366949723, -0.044412733161039 ], [ 109.363146278977638, -0.044366257996387 ], [ 109.363040762421292, -0.044215519030956 ], [ 109.363705838953365, -0.043478540801971 ], [ 109.363784407324601, -0.043391479233321 ], [ 109.363663816332121, -0.043260839216316 ], [ 109.36358487564155, -0.043349115769047 ], [ 109.363196524999694, -0.043783401083033 ], [ 109.362673956837682, -0.044240636196378 ], [ 109.362317201177973, -0.043882034228432 ], [ 109.362317094158641, -0.0438819272091 ], [ 109.362317139124741, -0.043881889437614 ], [ 109.36219984414754, -0.043764015297029 ], [ 109.362192969729847, -0.043757104906433 ], [ 109.362191711578305, -0.043755842258292 ], [ 109.362190194421999, -0.043754316108732 ], [ 109.362188947062293, -0.04375305795719 ], [ 109.362184760718208, -0.043748928270361 ], [ 109.362184636611744, -0.043748805063274 ], [ 109.362254715382846, -0.043677948378559 ], [ 109.362282492742906, -0.043649861651772 ], [ 109.362406260140858, -0.043526660826672 ], [ 109.362522889619697, -0.043410562847157 ], [ 109.362561249302246, -0.043371948656443 ], [ 109.362852674611304, -0.043078582610462 ], [ 109.362852750154332, -0.043078507966698 ], [ 109.362631562796423, -0.042808473032551 ], [ 109.362631310086954, -0.042808690668494 ], [ 109.36263125522828, -0.042808622320024 ], [ 109.362626305359754, -0.042812904891605 ], [ 109.362195766621369, -0.043185405881729 ], [ 109.362185497262942, -0.043174592433445 ], [ 109.362185090769401, -0.043174133779189 ], [ 109.362184983750069, -0.043174013270061 ], [ 109.362115906823703, -0.043096058236472 ], [ 109.36210721127884, -0.043086244834285 ], [ 109.362106679779515, -0.04308564588581 ], [ 109.362112079309099, -0.043080338986385 ], [ 109.362144036718007, -0.043049179276181 ], [ 109.362113574881619, -0.043014806288227 ], [ 109.362073509185166, -0.042969594671035 ], [ 109.362073594620767, -0.042969494846261 ], [ 109.362133883372053, -0.042899136385984 ], [ 109.361998521914302, -0.0427483389646 ], [ 109.36199832406345, -0.042748518829058 ], [ 109.361729721749327, -0.042992029158768 ], [ 109.361729535589632, -0.042991837603154 ], [ 109.361223269438369, -0.042471854992073 ], [ 109.361192858863433, -0.042440644919793 ], [ 109.361186774050452, -0.042434392832888 ], [ 109.36118675696332, -0.042434373047854 ], [ 109.361186674225678, -0.042434287612252 ], [ 109.36140273274998, -0.042223252700921 ], [ 109.360940466829163, -0.041750937755523 ], [ 109.360920596308517, -0.041735797668878 ], [ 109.360834950272817, -0.041670543760517 ], [ 109.36059879190077, -0.041926800181614 ], [ 109.360171699364514, -0.041580100740987 ], [ 109.36051337339353, -0.041183155278361 ], [ 109.360510267135169, -0.041180177623062 ], [ 109.360151600416089, -0.040836454938415 ], [ 109.359642183040364, -0.040369490059845 ], [ 109.359488348608465, -0.040228474564401 ], [ 109.359222044062165, -0.040218426439196 ], [ 109.35939232529563, -0.039980928976661 ], [ 109.359242018904126, -0.039835248697727 ], [ 109.359532651910399, -0.039478675600378 ], [ 109.35928395159317, -0.039280724925447 ], [ 109.359258573624345, -0.039301027120644 ], [ 109.358987662750508, -0.039588720243216 ], [ 109.358974985906912, -0.039576433705406 ], [ 109.358428720609027, -0.04011311582758 ], [ 109.358416032074274, -0.040118191601209 ], [ 109.358410679309486, -0.040111166097404 ], [ 109.358387421042721, -0.040080641308521 ], [ 109.358382026009735, -0.040083897753618 ], [ 109.35814870140149, -0.039848431859582 ], [ 109.358403342640202, -0.03957256931858 ], [ 109.358674884838138, -0.039285799799757 ], [ 109.358565761101033, -0.03917160028908 ], [ 109.358441409143779, -0.03904978711796 ], [ 109.358345240140807, -0.038943387427366 ], [ 109.358322133859474, -0.038917822399526 ], [ 109.358362738249809, -0.038874680122319 ], [ 109.358393191992263, -0.038834075731984 ], [ 109.358266303047515, -0.038694498252426 ], [ 109.35826401517221, -0.038696328372794 ], [ 109.358215547109864, -0.038735101743498 ], [ 109.357909431375219, -0.038431377306154 ], [ 109.357908271249755, -0.038430227073263 ], [ 109.357987147189135, -0.038359510682824 ], [ 109.357692764909245, -0.037994071169408 ], [ 109.357621706776399, -0.038044826207738 ], [ 109.357479591410083, -0.038148875070476 ], [ 109.357456751328073, -0.038126034988466 ], [ 109.357423759698804, -0.038087967585568 ], [ 109.357418683925175, -0.038095582145331 ], [ 109.357380618320917, -0.038108270680084 ], [ 109.35736539100003, -0.038093044258517 ], [ 109.357350163679143, -0.038075279950135 ], [ 109.357304484414499, -0.038011834578469 ], [ 109.35729940864087, -0.037986456609644 ], [ 109.35724357782891, -0.037887484419798 ], [ 109.357201805219177, -0.037830792057377 ], [ 109.357198512801176, -0.037826324225421 ], [ 109.356975278586276, -0.037523364211836 ], [ 109.356976329893769, -0.037504446972605 ], [ 109.356888470626473, -0.037379416027193 ], [ 109.356951667785324, -0.037334991316754 ], [ 109.356820078983503, -0.037148572648448 ], [ 109.356839019605104, -0.037135039650309 ], [ 109.357031329732138, -0.036997740153538 ], [ 109.357124010264897, -0.036922330201321 ], [ 109.357265309946172, -0.036807400441148 ], [ 109.357249630266267, -0.036775850425101 ], [ 109.357243040034348, -0.036762509881896 ], [ 109.357763366186475, -0.036400485993568 ], [ 109.357770919592326, -0.036395230355538 ], [ 109.357671639834393, -0.036276859789211 ] ], [ [ 109.37583614831965, -0.03977350664195 ], [ 109.375120571231562, -0.040319604544162 ], [ 109.375095656261465, -0.040297620747021 ], [ 109.375119740283822, -0.040320238688025 ], [ 109.37583614831965, -0.03977350664195 ] ], [ [ 109.37676284393018, -0.039073485153153 ], [ 109.376450596639643, -0.039309355282143 ], [ 109.37583614831965, -0.03977350664195 ], [ 109.37676284393018, -0.039073485153153 ] ], [ [ 109.376636535947455, -0.037426463160671 ], [ 109.37683827112356, -0.037257739592288 ], [ 109.376426730763214, -0.037566394862547 ], [ 109.376276162315094, -0.037666773702597 ], [ 109.376636172621318, -0.037426767131535 ], [ 109.376636535947455, -0.037426463160671 ] ], [ [ 109.375464230771755, -0.038288269856154 ], [ 109.375722811258811, -0.038113455271684 ], [ 109.37605691545744, -0.037843756341882 ], [ 109.375464230771755, -0.038288269856154 ] ] ] ] } },
{ "type": "Feature", "properties": { "OBJECTID_1": 905650, "kdprov": "61", "kdkab": "71", "kdkec": "040", "kddesa": "002", "nmprov": "KALIMANTAN BARAT", "nmkab": "KOTA PONTIANAK", "nmkec": "PONTIANAK UTARA", "nmdesa": "SIANTAN HILIR", "nmsls": "RT 002 RW 001", "RT": "RT 002 ", "RW": "RW 001", "KRW": "SHRRW 001", "Puskesmas": "Pkm Siantan Hilir" }, "geometry": { "type": "MultiPolygon", "coordinates": [ [ [ [ 109.324908111020591, 0.001230855419692 ], [ 109.324914851439303, 0.001238095861481 ], [ 109.324925539881804, 0.001249580203989 ], [ 109.324927100205571, 0.001251260137565 ], [ 109.324927146070991, 0.001251571303044 ], [ 109.324929710038134, 0.001269099989031 ], [ 109.324936043963305, 0.001320139213078 ], [ 109.32499343959563, 0.001390299822503 ], [ 109.324995519727509, 0.001392850299851 ], [ 109.324998338202818, 0.00140419344882 ], [ 109.325004020119479, 0.00142705961116 ], [ 109.325003490418794, 0.001427670250848 ], [ 109.324993174295628, 0.00143955389234 ], [ 109.324974409941149, 0.00146113042689 ], [ 109.324974280438767, 0.001461279714363 ], [ 109.324970228992925, 0.001526500347779 ], [ 109.324970039236007, 0.001529702833579 ], [ 109.324970920571616, 0.001532580664104 ], [ 109.324984389717883, 0.001575970254862 ], [ 109.324985709922657, 0.001580379630866 ], [ 109.324989260446046, 0.001591909838794 ], [ 109.324991259638978, 0.001598390353479 ], [ 109.325024500380437, 0.001638310359795 ], [ 109.325026228877448, 0.001640585644566 ], [ 109.325048899886895, 0.001670419754134 ], [ 109.325051130205566, 0.001673370429728 ], [ 109.325060351853836, 0.001686101232622 ], [ 109.325068079728169, 0.001696769890088 ], [ 109.325087863014517, 0.001711710327243 ], [ 109.325117064900667, 0.00173375271055 ], [ 109.325118725049208, 0.001735000969575 ], [ 109.325173949718078, 0.001752119564742 ], [ 109.325237559665709, 0.001820420376134 ], [ 109.325237680174837, 0.001820539985999 ], [ 109.325239739622361, 0.001822620117878 ], [ 109.325267731920349, 0.0018508003742 ], [ 109.325284203902925, 0.001868141101852 ], [ 109.325291352613874, 0.001892554098163 ], [ 109.325305759753064, 0.001944360443929 ], [ 109.325306859623936, 0.001948310266357 ], [ 109.325314150427744, 0.001974520108092 ], [ 109.325317989633561, 0.001987230226518 ], [ 109.325336690136226, 0.002049060415857 ], [ 109.325341159766765, 0.002063859659415 ], [ 109.325342190389847, 0.002067119701849 ], [ 109.325344069972914, 0.002073010261256 ], [ 109.325417159674259, 0.002162369597727 ], [ 109.325462929770481, 0.002218320019495 ], [ 109.325484779698911, 0.002254929621358 ], [ 109.325499220112988, 0.002279132176284 ], [ 109.325499675169908, 0.002279900197266 ], [ 109.325521106913641, 0.002384815107177 ], [ 109.325521842559056, 0.002386987869215 ], [ 109.325566106290808, 0.002517641376073 ], [ 109.325568487695591, 0.002524700154822 ], [ 109.325568556943381, 0.002524807174154 ], [ 109.3255690497719, 0.002526249686696 ], [ 109.325589553415227, 0.002557214244064 ], [ 109.32561999007055, 0.002603180392498 ], [ 109.325620139358023, 0.002604423255605 ], [ 109.325620381275655, 0.002604795574882 ], [ 109.325625860844866, 0.002652119699633 ], [ 109.325632790121233, 0.002711965984474 ], [ 109.325640190642332, 0.002807235665443 ], [ 109.325641285117285, 0.002821385598509 ], [ 109.325642953359647, 0.002826662820269 ], [ 109.32564641934681, 0.002837649837716 ], [ 109.325650516658072, 0.002850613564988 ], [ 109.325669797223441, 0.002911613680055 ], [ 109.325671010408882, 0.002915460080487 ], [ 109.325694455734606, 0.002960309270918 ], [ 109.325713780366755, 0.002998474699893 ], [ 109.325726229681834, 0.003073710183628 ], [ 109.325756856993394, 0.003111382784141 ], [ 109.32576452821047, 0.003121027113764 ], [ 109.325765835824711, 0.003122671074436 ], [ 109.325770813572262, 0.003155856057958 ], [ 109.325772536673298, 0.003167340400466 ], [ 109.3257729413682, 0.003167638076093 ], [ 109.325796161863423, 0.003184777355614 ], [ 109.325819699819363, 0.003202020057245 ], [ 109.325839990323345, 0.003271480094782 ], [ 109.325840850075224, 0.003274400193447 ], [ 109.325840940007424, 0.003274720352124 ], [ 109.325882297130363, 0.003355013623036 ], [ 109.325900297061139, 0.003389962177039 ], [ 109.325902695552998, 0.003397931969005 ], [ 109.325919150448499, 0.003453834726713 ], [ 109.325923989700414, 0.003470279729697 ], [ 109.325934329206007, 0.003505437825766 ], [ 109.325925698412334, 0.003634900630232 ], [ 109.325797113346141, 0.004186601430547 ], [ 109.325796232909909, 0.004190374086534 ], [ 109.326208643114455, 0.005521082032374 ], [ 109.326229124274732, 0.005587166914268 ], [ 109.325751887339777, 0.007105126300587 ], [ 109.325754775062876, 0.00711486056241 ], [ 109.325755785900867, 0.00711826899294 ], [ 109.325755829967648, 0.007119262743856 ], [ 109.325755960369349, 0.007119699814325 ], [ 109.325755970261866, 0.00711973039131 ], [ 109.32576022225652, 0.007218109927862 ], [ 109.325742850052563, 0.007288019626458 ], [ 109.325726229681834, 0.007354980448042 ], [ 109.325726229681834, 0.007573100218451 ], [ 109.325715180611155, 0.007706586589734 ], [ 109.325707209919869, 0.00780287969917 ], [ 109.325700789659777, 0.007879959692445 ], [ 109.32570077976726, 0.00788049029245 ], [ 109.325700730304504, 0.007881049670743 ], [ 109.325693201180343, 0.008103478093062 ], [ 109.325687989609094, 0.00825742044367 ], [ 109.325641259936276, 0.008492659708509 ], [ 109.325630953705627, 0.008575668931996 ], [ 109.325628480570003, 0.008596796704865 ], [ 109.325610166775846, 0.008648846766903 ], [ 109.325586049656522, 0.00871925019328 ], [ 109.325582959585972, 0.008740940042401 ], [ 109.325581019748313, 0.008754535093772 ], [ 109.325565945312178, 0.008865925122393 ], [ 109.325552543615061, 0.00899881434384 ], [ 109.325560361421594, 0.009120534884801 ], [ 109.325568267361689, 0.009191690144405 ], [ 109.325569500332222, 0.009202400170693 ], [ 109.325577460231671, 0.009271479795018 ], [ 109.325577460231671, 0.009271540049554 ], [ 109.325560589849431, 0.009386670358595 ], [ 109.325560589849431, 0.009386700036202 ], [ 109.325556309975809, 0.009614019871151 ], [ 109.325556229936126, 0.009618388777653 ], [ 109.325556059964242, 0.009627659888622 ], [ 109.32555759420768, 0.009653840952069 ], [ 109.325560361421594, 0.00972579391032 ], [ 109.325562140280624, 0.009736084852477 ], [ 109.325563039602685, 0.009741291927128 ], [ 109.325587529041286, 0.009882975618893 ], [ 109.325636999847745, 0.010173519592286 ], [ 109.325717710404092, 0.010768020028138 ], [ 109.325722591924148, 0.010803714120186 ], [ 109.325798429953636, 0.011358239691049 ], [ 109.32580414874252, 0.011407504552722 ], [ 109.32583618888907, 0.011687858308051 ], [ 109.325881653215788, 0.011743323095914 ], [ 109.325892025096948, 0.01175597655714 ], [ 109.325893310228139, 0.011771685015276 ], [ 109.325922175767857, 0.012124492651253 ], [ 109.32592746827811, 0.012157043612717 ], [ 109.325959028186674, 0.012351184759439 ], [ 109.325961916809092, 0.012376905369933 ], [ 109.326036545250417, 0.01304120488777 ], [ 109.326037989561655, 0.013049279900372 ], [ 109.326038750388079, 0.01305593038694 ], [ 109.326038780065687, 0.013056219968632 ], [ 109.326087409106719, 0.013328764011305 ], [ 109.326129884986244, 0.013563934927674 ], [ 109.326134351918881, 0.013830830328629 ], [ 109.326154749442196, 0.013930342111621 ], [ 109.326172289819397, 0.014014610386027 ], [ 109.326182630224253, 0.014125590323772 ], [ 109.32618297016802, 0.014126039984831 ], [ 109.326206250018458, 0.014369249940955 ], [ 109.326227300449602, 0.014491080199264 ], [ 109.326235427622919, 0.014538132728717 ], [ 109.326267269918617, 0.014722459573875 ], [ 109.326274229771968, 0.014762730315795 ], [ 109.32630759821717, 0.015085834243905 ], [ 109.326328403133346, 0.015281488050277 ], [ 109.32633833974262, 0.015373569634562 ], [ 109.326340692369115, 0.015397055429787 ], [ 109.326358633843938, 0.015565773641583 ], [ 109.326410202768727, 0.015873900260317 ], [ 109.326563092013146, 0.017012440172039 ], [ 109.326563118992794, 0.017012632626916 ], [ 109.326569333308157, 0.017120410078917 ], [ 109.326584328603928, 0.017380260190919 ], [ 109.326584326805289, 0.017380314150216 ], [ 109.326578481211982, 0.017427440424058 ], [ 109.326576883116729, 0.017440300729334 ], [ 109.326575839903171, 0.017448703095226 ], [ 109.32628730771313, 0.018279066026139 ], [ 109.326173283570256, 0.018619643781562 ], [ 109.325982841335133, 0.019188481163496 ], [ 109.325981879959841, 0.019191350000824 ], [ 109.325976799689613, 0.019206529657652 ], [ 109.325948465649219, 0.019334899785861 ], [ 109.325934320212752, 0.019398989971478 ], [ 109.32588307144664, 0.019542026243585 ], [ 109.325880879798831, 0.019548139834853 ], [ 109.3258601603182, 0.019605989624779 ], [ 109.325840000215919, 0.01966120979705 ], [ 109.325654360360488, 0.020288379904855 ], [ 109.325578236346587, 0.020510680623488 ], [ 109.325570469801391, 0.020533359726812 ], [ 109.325314039811133, 0.021272310169024 ], [ 109.325081678376819, 0.022024299881593 ], [ 109.325029559966254, 0.022192968630634 ], [ 109.324927969849966, 0.02252174008629 ], [ 109.324920518067529, 0.022545567623922 ], [ 109.324685974877923, 0.023305019910765 ], [ 109.324385578831482, 0.024215141015986 ], [ 109.324368238103773, 0.024269972681168 ], [ 109.324314267989109, 0.02444061993873 ], [ 109.323800927770662, 0.026089364132872 ], [ 109.323766232825449, 0.026200798228331 ], [ 109.323091381562051, 0.028378621676097 ], [ 109.322752169876821, 0.029526869769256 ], [ 109.322752098830335, 0.029527047835018 ], [ 109.322752075447966, 0.029527118881504 ], [ 109.322724899734396, 0.029595489840005 ], [ 109.322693730131618, 0.0296728899919 ], [ 109.322643180138698, 0.029841740404038 ], [ 109.322569479797721, 0.030078600247236 ], [ 109.322556630284339, 0.030130869743914 ], [ 109.322463269864102, 0.030510569807007 ], [ 109.322419730985871, 0.030674350740753 ], [ 109.322284310172847, 0.031183760022543 ], [ 109.322251730433095, 0.031306330422865 ], [ 109.3219276498412, 0.032504540352306 ], [ 109.321904160448696, 0.032590289810059 ], [ 109.321903039893414, 0.032594309779597 ], [ 109.321902990430715, 0.032594540006073 ], [ 109.321865539962744, 0.032770710000307 ], [ 109.321846793594716, 0.032858553079791 ], [ 109.321780840013844, 0.033167609597569 ], [ 109.321764729558708, 0.033227669921075 ], [ 109.321692770305162, 0.033500079964767 ], [ 109.321648449916097, 0.033668840444705 ], [ 109.321643240143487, 0.0336887001734 ], [ 109.321643135822114, 0.03368948618089 ], [ 109.321638640111189, 0.033723410407106 ], [ 109.321635919662015, 0.033743930238245 ], [ 109.32162783205888, 0.03380489258177 ], [ 109.32162774032804, 0.033804819736702 ], [ 109.321626109857164, 0.033817449815501 ], [ 109.321608969678266, 0.033894529808776 ], [ 109.321561489970861, 0.034105390251625 ], [ 109.321547699766597, 0.034189879759197 ], [ 109.321530680096885, 0.034294169640248 ], [ 109.321496950124185, 0.034497660138925 ], [ 109.321477540056492, 0.034622049867778 ], [ 109.321473491308666, 0.034648007899307 ], [ 109.321465019694983, 0.034702309863746 ], [ 109.321464980124802, 0.034737209854427 ], [ 109.32146487040751, 0.034830760031582 ], [ 109.321459589588471, 0.034870939941982 ], [ 109.321456046259584, 0.034897919603338 ], [ 109.321438170435272, 0.035034010411323 ], [ 109.32138774994479, 0.035417820376153 ], [ 109.321381999679602, 0.035461139819802 ], [ 109.321382968249452, 0.035460947364868 ], [ 109.321382944867082, 0.035461125430629 ], [ 109.321849386340148, 0.03536876325785 ], [ 109.322283153644662, 0.035256528765842 ], [ 109.322424230294075, 0.035220199752473 ], [ 109.32290284768834, 0.035125300592199 ], [ 109.323289654194241, 0.035050248570144 ], [ 109.324333246382253, 0.034772839195227 ], [ 109.324522838758071, 0.034722441187739 ], [ 109.325992867876607, 0.034289906853758 ], [ 109.326101809950615, 0.034257919767242 ], [ 109.326318834346807, 0.034186733031333 ], [ 109.326390809788109, 0.034163124029021 ], [ 109.326399296690226, 0.034160339727919 ], [ 109.326692609676229, 0.034064130255445 ], [ 109.326793986653229, 0.034046858775582 ], [ 109.327124099897333, 0.033990619671386 ], [ 109.327181894828641, 0.033978877223433 ], [ 109.327891464419622, 0.033835795985226 ], [ 109.328337908567676, 0.033720281665694 ], [ 109.329683485904184, 0.033305058381814 ], [ 109.33033910336701, 0.033127105031895 ], [ 109.330416663598214, 0.033103767624823 ], [ 109.330485664082175, 0.033083006775371 ], [ 109.330829779770568, 0.032980959803524 ], [ 109.331506836171627, 0.032775753398369 ], [ 109.331561460992702, 0.032759317388638 ], [ 109.331561746077796, 0.032759051189316 ], [ 109.332382326183449, 0.032459138078821 ], [ 109.332577568999682, 0.032390314761244 ], [ 109.333710850575358, 0.03193762662022 ], [ 109.333713806646927, 0.031936455702919 ], [ 109.335468529649006, 0.03124142365283 ], [ 109.336025049916202, 0.031016315250781 ], [ 109.337133860039671, 0.030571440419692 ], [ 109.338003045803987, 0.030291955409439 ], [ 109.338040096972975, 0.03028004119102 ], [ 109.33901643965703, 0.029966099555907 ], [ 109.339355552416862, 0.029894017095273 ], [ 109.34000292039849, 0.029756410030359 ], [ 109.341028709607315, 0.029562539579558 ], [ 109.342239219564419, 0.029317250390818 ], [ 109.342617746911571, 0.029256552447976 ], [ 109.342579657924944, 0.029262578805003 ], [ 109.341793133346471, 0.023741641663491 ], [ 109.341545627328912, 0.022004296261287 ], [ 109.341544640772611, 0.021997373280215 ], [ 109.340924557322523, 0.017644692348711 ], [ 109.348049347199662, 0.016466155089006 ], [ 109.348050213246779, 0.016466012096828 ], [ 109.348048481152546, 0.016422170147109 ], [ 109.348048476655947, 0.016422067624376 ], [ 109.348045441444015, 0.016302359766144 ], [ 109.347991292364327, 0.014167196558901 ], [ 109.347953629656331, 0.012687702075823 ], [ 109.347925208381696, 0.011562070133493 ], [ 109.34792150137622, 0.011414995905398 ], [ 109.347918955395528, 0.011315601034198 ], [ 109.347915121585629, 0.01116431618027 ], [ 109.347910987402201, 0.011001531695399 ], [ 109.347908313717767, 0.010896035823464 ], [ 109.347908162631654, 0.010890136270802 ], [ 109.347906473704882, 0.010823142174331 ], [ 109.347903108441756, 0.010784840947679 ], [ 109.347902923181437, 0.010782733836152 ], [ 109.347812871366955, 0.009762145406739 ], [ 109.34778911127853, 0.009495652002784 ], [ 109.347784086766239, 0.009439296886114 ], [ 109.347778832027529, 0.009380367909671 ], [ 109.347781277284184, 0.009379638559494 ], [ 109.347731174254363, 0.008834078330096 ], [ 109.347729872036041, 0.008833342684682 ], [ 109.347644283556917, 0.0079014399995 ], [ 109.347613736284984, 0.007379689321226 ], [ 109.347612149880888, 0.007359860169458 ], [ 109.347605646883153, 0.007261602940673 ], [ 109.347571989755579, 0.006753049813426 ], [ 109.347565432798547, 0.006547861394722 ], [ 109.347537808323239, 0.005840979877348 ], [ 109.347474723579694, 0.004226723784313 ], [ 109.34747407786648, 0.004210187050546 ], [ 109.349986039024543, 0.003550027112112 ], [ 109.349985021891314, 0.003548302212437 ], [ 109.349937037664233, 0.003466907272013 ], [ 109.349759381989941, 0.003166003108618 ], [ 109.349708957902124, 0.003080542333237 ], [ 109.349593253825674, 0.002981220307106 ], [ 109.349484899908248, 0.002889400425545 ], [ 109.34948478029844, 0.002889309594025 ], [ 109.34927926992242, 0.002635400403449 ], [ 109.349126602810543, 0.002460996677712 ], [ 109.349082196086556, 0.002410266820391 ], [ 109.348774443585739, 0.002060200318056 ], [ 109.348765052864962, 0.002047971336879 ], [ 109.348757327688588, 0.002039146289633 ], [ 109.348756780001452, 0.002038520361452 ], [ 109.348755899565163, 0.002037399806227 ], [ 109.348753750185494, 0.002034649679388 ], [ 109.348753779863102, 0.002034629894297 ], [ 109.348621020144037, 0.001861729835014 ], [ 109.348495856998284, 0.001698108081257 ], [ 109.348221731947433, 0.001339751628279 ], [ 109.348216469114845, 0.001332871814611 ], [ 109.348107859789934, 0.001190890447276 ], [ 109.348029092668526, 0.001022474407705 ], [ 109.34799092813887, 0.00094200756763 ], [ 109.347986427032026, 0.000932379425819 ], [ 109.347907500730628, 0.000763511027287 ], [ 109.347736604360875, 0.000490825791019 ], [ 109.347605935565525, 0.000282330565142 ], [ 109.347451821444452, 0.000036421743516 ], [ 109.347446806824735, 0.000027897969176 ], [ 109.347439584369397, 0.00001580208766 ], [ 109.347433420416053, 0.000005950014611 ], [ 109.347369913890475, -0.000100881350534 ], [ 109.347102853014292, -0.000550134980699 ], [ 109.347102659660095, -0.000550459635974 ], [ 109.347097279016282, -0.000559524802156 ], [ 109.347096510095923, -0.000560819825921 ], [ 109.347096320338949, -0.000561169662205 ], [ 109.346982309685927, -0.000777909872568 ], [ 109.346979430056706, -0.000783390341155 ], [ 109.346958781622561, -0.000828528213958 ], [ 109.346956928119823, -0.00083258055912 ], [ 109.34695459258046, -0.000837250738471 ], [ 109.346858550381853, -0.001047172289134 ], [ 109.346857616885586, -0.00104921285083 ], [ 109.346846757571882, -0.001073419902355 ], [ 109.346832559075381, -0.001104459103431 ], [ 109.346541550152494, -0.001740620633086 ], [ 109.346507464048273, -0.001815134860522 ], [ 109.346377410389266, -0.002099440236918 ], [ 109.346377229625489, -0.00209979996572 ], [ 109.346374701631248, -0.002105302018037 ], [ 109.346365110361603, -0.002126179779339 ], [ 109.346145049854215, -0.002513880211382 ], [ 109.346107935732732, -0.002579249232895 ], [ 109.346101519969238, -0.002590550113723 ], [ 109.346101439929555, -0.002590720085607 ], [ 109.346101340104838, -0.002590899950007 ], [ 109.346098119632586, -0.002597859803359 ], [ 109.346040447908422, -0.002722659622975 ], [ 109.345954354010303, -0.002905611404799 ], [ 109.345914235253815, -0.002992474223277 ], [ 109.345820042960668, -0.003196412584316 ], [ 109.345817166928782, -0.003202641288794 ], [ 109.345802238182785, -0.003238296709981 ], [ 109.345729250104853, -0.003412620396091 ], [ 109.345683364895422, -0.003522210881272 ], [ 109.345548498964092, -0.003847787945006 ], [ 109.34554568138816, -0.003854594014228 ], [ 109.3454645949152, -0.004050480745036 ], [ 109.345422519233921, -0.004152129317276 ], [ 109.345084273420525, -0.004969263220858 ], [ 109.344970924668473, -0.005243089696762 ], [ 109.344958564386275, -0.005272950785979 ], [ 109.344955498597471, -0.005280355803734 ], [ 109.344921284789507, -0.005364085384201 ], [ 109.344900320693284, -0.005415386310972 ], [ 109.344869581865794, -0.005488261074333 ], [ 109.344665987045744, -0.005970937108998 ], [ 109.344605002219112, -0.00611551661774 ], [ 109.344561227718543, -0.006227593728397 ], [ 109.344422690754641, -0.006582298034573 ], [ 109.344393118347796, -0.006658015554933 ], [ 109.344172636058374, -0.00719503132558 ], [ 109.344170824823777, -0.007199441600903 ], [ 109.344151920175022, -0.007225836702958 ], [ 109.344123090608207, -0.007266088559106 ], [ 109.344022541007519, -0.007406480824386 ], [ 109.344022541007519, -0.007407553715609 ], [ 109.344022541007519, -0.007539068772985 ], [ 109.34402255989329, -0.007543200258453 ], [ 109.344022541007519, -0.007543240727955 ], [ 109.344022541007519, -0.007543574376427 ], [ 109.34391226883622, -0.007781464842708 ], [ 109.343899796138714, -0.007808372558316 ], [ 109.343893660064396, -0.007893040131648 ], [ 109.343893650171879, -0.007893180425867 ], [ 109.343893640279362, -0.007893389967933 ], [ 109.343893378576638, -0.007966228758391 ], [ 109.343893359690867, -0.007971452020854 ], [ 109.343893359690867, -0.007971569832023 ], [ 109.343893750895973, -0.007971720918135 ], [ 109.344414239825369, -0.008173359712714 ], [ 109.3441902160057, -0.008711221745443 ], [ 109.344043009577263, -0.009064649913626 ], [ 109.344032660179209, -0.009084290207795 ], [ 109.344009034089709, -0.009129242820279 ], [ 109.343784192786302, -0.009557035928424 ], [ 109.343760133223611, -0.009602814118523 ], [ 109.343758500054776, -0.009605920376885 ], [ 109.343758459585274, -0.009605989624674 ], [ 109.343758405625977, -0.00960647076198 ], [ 109.34375426964391, -0.00964306957195 ], [ 109.343753369422529, -0.009651024974801 ], [ 109.343745556112594, -0.00972307685845 ], [ 109.343569984167516, -0.010071942765876 ], [ 109.343530124415793, -0.010151144259851 ], [ 109.343516652571509, -0.010172082275744 ], [ 109.343442242665446, -0.010287742285414 ], [ 109.343372788923148, -0.010395697803176 ], [ 109.343037805850145, -0.010916378288186 ], [ 109.343038017190793, -0.010917309985814 ], [ 109.343038078344705, -0.010917578883095 ], [ 109.343045675817336, -0.010951182950691 ], [ 109.343048460118382, -0.010993940318031 ], [ 109.343050380170951, -0.011023900332702 ], [ 109.342968260376949, -0.011167379970573 ], [ 109.342958767133439, -0.011183941885349 ], [ 109.342877990027262, -0.011324860254035 ], [ 109.342849389787546, -0.011352126799181 ], [ 109.342784230308041, -0.011414250167491 ], [ 109.342470640307852, -0.011713059809836 ], [ 109.342470240109549, -0.011713600302357 ], [ 109.34246901613227, -0.011715256853563 ], [ 109.34233550997584, -0.011896089832646 ], [ 109.342335480298232, -0.011896120409574 ], [ 109.342307866614817, -0.011933510622953 ], [ 109.342111930421311, -0.012198830411648 ], [ 109.342079340788985, -0.01224036200307 ], [ 109.342047611807914, -0.012280798220218 ], [ 109.341648050217429, -0.012790009651155 ], [ 109.341647728260114, -0.012790419742032 ], [ 109.34163576008234, -0.01280562008327 ], [ 109.341576369753739, -0.012884969965341 ], [ 109.341553929870031, -0.012914920087439 ], [ 109.341546003245526, -0.012925614825235 ], [ 109.341296322667233, -0.013262479279945 ], [ 109.341271448318764, -0.01329604018008 ], [ 109.341220749937747, -0.013364439916927 ], [ 109.341161722935226, -0.013438721219984 ], [ 109.341110845589128, -0.01350274665441 ], [ 109.341048869709653, -0.013580740358805 ], [ 109.340919073256714, -0.013743552722758 ], [ 109.340867710276655, -0.013807980154127 ], [ 109.340867141005788, -0.013808706806344 ], [ 109.34053252665484, -0.014236395593116 ], [ 109.340529700085654, -0.014240009968432 ], [ 109.340526049737491, -0.014244070407472 ], [ 109.340525369850013, -0.01424481594546 ], [ 109.340524535279144, -0.014245776421376 ], [ 109.34035057941577, -0.014445825214636 ], [ 109.340075476801871, -0.014762415353118 ], [ 109.339971614098772, -0.014929850232363 ], [ 109.339752829729377, -0.015283530210695 ], [ 109.339707240396876, -0.015357110042544 ], [ 109.339686404903716, -0.01538025139746 ], [ 109.339680230158535, -0.015387109627341 ], [ 109.339680290413128, -0.015387159989416 ], [ 109.339366169812934, -0.01573501955545 ], [ 109.339074579927967, -0.016025139948226 ], [ 109.338939809324813, -0.016159230663902 ], [ 109.338939555715967, -0.01615903371237 ], [ 109.33884590031812, -0.016252510145193 ], [ 109.338833877281672, -0.016260623828657 ], [ 109.33882960010601, -0.016263509753117 ], [ 109.338829693635489, -0.01626361317517 ], [ 109.338145397692017, -0.017083898303213 ], [ 109.337873854594761, -0.017409404320517 ], [ 109.336917037091666, -0.016617559352824 ], [ 109.336856805896957, -0.016567712629808 ], [ 109.336551753160961, -0.016315256743667 ], [ 109.336183764069517, -0.016010714822585 ], [ 109.336168042121528, -0.015997704330516 ], [ 109.336083549016621, -0.015927780242805 ], [ 109.335675171372145, -0.015589813219265 ], [ 109.335326005091133, -0.015300850253993 ], [ 109.334836203727889, -0.014886403084972 ], [ 109.334671357996854, -0.01474691823563 ], [ 109.334557039775632, -0.014650188055668 ], [ 109.334378055802688, -0.014498738625832 ], [ 109.333968907439214, -0.014152535611004 ], [ 109.333269277155466, -0.013560541585662 ], [ 109.333253860976981, -0.013547496919387 ], [ 109.333152555046411, -0.013461777139241 ], [ 109.332904218954582, -0.013251646046569 ], [ 109.332591086709328, -0.012986688684691 ], [ 109.33237285092639, -0.012802028191004 ], [ 109.332193311172432, -0.012650110214395 ], [ 109.332039200648637, -0.012519709417006 ], [ 109.331901136728163, -0.012402885684594 ], [ 109.331832051707863, -0.012344428852259 ], [ 109.331822251795529, -0.012336137102977 ], [ 109.331697454673872, -0.012230538708366 ], [ 109.331690191749033, -0.012224392741473 ], [ 109.330950142335269, -0.011598196599437 ], [ 109.330918696640595, -0.011571589257414 ], [ 109.330289887068716, -0.011039519757958 ], [ 109.330289548024268, -0.011039232874225 ], [ 109.3297564146269, -0.010588120345403 ], [ 109.32917464859122, -0.01009585573911 ], [ 109.329174592833226, -0.01009580897437 ], [ 109.32860918276765, -0.009617384934302 ], [ 109.328604464024863, -0.009613391944413 ], [ 109.328281936562178, -0.00934048457566 ], [ 109.328241279111808, -0.00930429315855 ], [ 109.328034175137134, -0.009129223934508 ], [ 109.328033304593419, -0.009130104370797 ], [ 109.327988470691423, -0.009092167369602 ], [ 109.327954120186575, -0.009063101281072 ], [ 109.327945035235246, -0.009055412976863 ], [ 109.327944900336945, -0.009055558667058 ], [ 109.326868033233211, -0.008144104766586 ], [ 109.326859976207004, -0.00813728790547 ], [ 109.326760108292433, -0.008052784008726 ], [ 109.326524983241427, -0.007853832388435 ], [ 109.326188904794208, -0.007569457764191 ], [ 109.325888560009105, -0.007304607421645 ], [ 109.325888481768061, -0.007304539073175 ], [ 109.325635104976186, -0.007081106108103 ], [ 109.325518818139017, -0.006978561811138 ], [ 109.325439705677923, -0.006908799601376 ], [ 109.325055353421874, -0.006569871202544 ], [ 109.324735799117889, -0.006288083028551 ], [ 109.324507433371423, -0.006086705936696 ], [ 109.324463750601694, -0.00604818617478 ], [ 109.324241216958683, -0.005851952305704 ], [ 109.323726275047591, -0.005397866618182 ], [ 109.323726193209325, -0.005397794672433 ], [ 109.323358546759607, -0.005073598068066 ], [ 109.323135869225041, -0.004877237394567 ], [ 109.323133578651777, -0.004875216617904 ], [ 109.322992272675322, -0.004750611051804 ], [ 109.322710942256265, -0.004502527669445 ], [ 109.322698295989653, -0.004491376975409 ], [ 109.322355687564993, -0.004189258727251 ], [ 109.322067581653641, -0.003935202047899 ], [ 109.321723761842179, -0.003632016304437 ], [ 109.321433520040955, -0.003376074646098 ], [ 109.322813181683046, -0.001511203579128 ], [ 109.32283143612193, -0.001494640765031 ], [ 109.322841667708872, -0.00148535616421 ], [ 109.323035003063012, -0.001226934175634 ], [ 109.323034961694191, -0.00122676330443 ], [ 109.323283379624343, -0.000894849617566 ], [ 109.323442708014625, -0.00068197379403 ], [ 109.323618982330231, -0.000446356813882 ], [ 109.323619059671955, -0.000446253391829 ], [ 109.323620019248551, -0.000445068984675 ], [ 109.323784078972153, -0.000242117179937 ], [ 109.32378411134772, -0.000242076710435 ], [ 109.323787128573201, -0.000238342725311 ], [ 109.324128881742581, -0.000504149946494 ], [ 109.32412929543068, -0.000503941303805 ], [ 109.324627766258459, -0.000251628409899 ], [ 109.324347801909596, 0.000457031966505 ], [ 109.324354019822238, 0.000464740055747 ], [ 109.324489960443373, 0.000640099760858 ], [ 109.32461321882505, 0.000722843684343 ], [ 109.324630209716474, 0.000734249785864 ], [ 109.324664848903694, 0.000776097039306 ], [ 109.324736370187395, 0.000862500304208 ], [ 109.324814145356584, 0.000961405044848 ], [ 109.324817093334275, 0.000965064386264 ], [ 109.324855523163933, 0.001080720798655 ], [ 109.324863821208453, 0.001183272290234 ], [ 109.324908111020591, 0.001230855419692 ] ] ] ] } },
{ "type": "Feature", "properties": { "OBJECTID_1": 898742, "kdprov": "61", "kdkab": "71", "kdkec": "040", "kddesa": "004", "nmprov": "KALIMANTAN BARAT", "nmkab": "KOTA PONTIANAK", "nmkec": "PONTIANAK UTARA", "nmdesa": "SIANTAN HULU", "nmsls": "RT 004 RW 015", "RT": "RT 004 ", "RW": "RW 015", "KRW": "SHRW 015", "Puskesmas": "Pkm Siantan Hulu" }, "geometry": { "type": "MultiPolygon", "coordinates": [ [ [ [ 109.360086472412831, -0.015691740581303 ], [ 109.360086511083693, -0.015691779252165 ], [ 109.360086472412831, -0.015688869945336 ], [ 109.360308398114114, -0.015644036043398 ], [ 109.360370719333275, -0.015631446434043 ], [ 109.360758329833118, -0.015562536781601 ], [ 109.36126078825481, -0.015502241735021 ], [ 109.361765876294214, -0.015456841260175 ], [ 109.361766117312527, -0.015449125076998 ], [ 109.362122145420756, -0.015460610318883 ], [ 109.363034761245274, -0.015590984136566 ], [ 109.363035183027364, -0.015569715170159 ], [ 109.363362497581249, -0.015615654338944 ], [ 109.36384448203728, -0.015592702741003 ], [ 109.363704168912307, -0.016586116356109 ], [ 109.36367545805598, -0.016810069129349 ], [ 109.363813274662959, -0.017166096338201 ], [ 109.363778819836739, -0.017430245209596 ], [ 109.363348141703455, -0.018326056302385 ], [ 109.363279233849596, -0.018636145241885 ], [ 109.3632586123951, -0.019806403342784 ], [ 109.363246527305478, -0.019806811635021 ], [ 109.363016645302025, -0.019814591670013 ], [ 109.363004251744883, -0.019815011653407 ], [ 109.362986457758893, -0.01981561419916 ], [ 109.36178857158535, -0.019856158335017 ], [ 109.361615245247435, -0.019862024612678 ], [ 109.361408551363638, -0.019894108826009 ], [ 109.360877479212377, -0.019976544282031 ], [ 109.360496205335664, -0.020035726867263 ], [ 109.359403922053446, -0.020205275153273 ], [ 109.359281223949381, -0.020224320995567 ], [ 109.358759465177229, -0.020305310341769 ], [ 109.358425251024585, -0.020357187733964 ], [ 109.35841793683835, -0.020358322678419 ], [ 109.358270132360758, -0.020381266182426 ], [ 109.357148863029693, -0.02055531377664 ], [ 109.357133096115547, -0.020557760831935 ], [ 109.356877612212088, -0.020609261408254 ], [ 109.356816549144469, -0.020621570429057 ], [ 109.35614325101028, -0.020757293414306 ], [ 109.356135301902725, -0.020758895106894 ], [ 109.355534595245445, -0.020879985223075 ], [ 109.355440645769249, -0.020898923146717 ], [ 109.354730091420663, -0.021042156370356 ], [ 109.354658266166098, -0.021056633656656 ], [ 109.354601105256847, -0.021068156670026 ], [ 109.35452533377719, -0.021083430755652 ], [ 109.353943542560501, -0.021200707746402 ], [ 109.35393596577228, -0.021202234795226 ], [ 109.353380926688487, -0.021314118551686 ], [ 109.352955051834215, -0.021399966035574 ], [ 109.352693091013407, -0.021452772427438 ], [ 109.352643888204909, -0.021462690150997 ], [ 109.352384890650228, -0.021514897594386 ], [ 109.351962890974676, -0.021599963567439 ], [ 109.351580287900049, -0.021677089426078 ], [ 109.350746405921939, -0.021845181709693 ], [ 109.350703832016279, -0.021853763939987 ], [ 109.350697495393149, -0.0218550409773 ], [ 109.350135842695067, -0.021968258428331 ], [ 109.349873568910141, -0.022021126873483 ], [ 109.349841196913758, -0.022027652354211 ], [ 109.34960859805841, -0.022074540307756 ], [ 109.349601325241053, -0.022082958861404 ], [ 109.349587078181173, -0.022085078563464 ], [ 109.349468731896536, -0.022102689087774 ], [ 109.349401361883395, -0.022111911635363 ], [ 109.348652777004133, -0.022220533550751 ], [ 109.348644975385355, -0.022221670293789 ], [ 109.348606708332966, -0.02181553465914 ], [ 109.348592591674844, -0.021643783933428 ], [ 109.348578475016666, -0.02150261915051 ], [ 109.348570737249759, -0.02139041703407 ], [ 109.348556129561814, -0.021226868125439 ], [ 109.348527049084112, -0.020901247894244 ], [ 109.348478250970572, -0.020354870181052 ], [ 109.348477919120739, -0.020351137095247 ], [ 109.348946488389799, -0.020300364969842 ], [ 109.348944873207415, -0.020225080023351 ], [ 109.348943642934842, -0.020167795007694 ], [ 109.348934932101486, -0.019761858123218 ], [ 109.348938525792391, -0.019591504044627 ], [ 109.348938535684908, -0.01959102380664 ], [ 109.348939101358496, -0.019563652940178 ], [ 109.348940300154766, -0.019505659258698 ], [ 109.348946543248417, -0.019200036352572 ], [ 109.348955742413636, -0.018757944023832 ], [ 109.348955769393285, -0.018756852246895 ], [ 109.349436527174078, -0.018766417436154 ], [ 109.349436567643522, -0.018768394146036 ], [ 109.349437219652032, -0.018768410333848 ], [ 109.349437219652032, -0.018768379756864 ], [ 109.349437359946251, -0.018768359971773 ], [ 109.349482801789918, -0.018746839195217 ], [ 109.34950743961673, -0.018735169592333 ], [ 109.349558144292985, -0.017918375632462 ], [ 109.349438340207314, -0.017908652162532 ], [ 109.349438350099831, -0.017908549639799 ], [ 109.349452268007838, -0.017776344802428 ], [ 109.349581222695349, -0.017786581785288 ], [ 109.349581472706859, -0.017785532276434 ], [ 109.349662915311342, -0.017825305693236 ], [ 109.350108728135353, -0.016808739032058 ], [ 109.350221180263304, -0.016249293270221 ], [ 109.350227210217611, -0.016235239564594 ], [ 109.350471570406683, -0.015748180234255 ], [ 109.350680447844468, -0.015331854381543 ], [ 109.350680539575308, -0.015331670020487 ], [ 109.351032232051921, -0.015422473668195 ], [ 109.351034715080118, -0.015423114884811 ], [ 109.351539391230006, -0.015608657613427 ], [ 109.351539819307277, -0.015607893189667 ], [ 109.351820385302574, -0.015106595792702 ], [ 109.351828116774243, -0.015092718354197 ], [ 109.352002897315913, -0.014791126209445 ], [ 109.352122462181967, -0.014584818134779 ], [ 109.352355945970203, -0.014180983865288 ], [ 109.35241397292657, -0.013716769113557 ], [ 109.352424723422303, -0.01365136861574 ], [ 109.352459380595974, -0.013440527957925 ], [ 109.352462076763516, -0.013423672864178 ], [ 109.352466067954708, -0.013398563792634 ], [ 109.352475157402637, -0.01333996936404 ], [ 109.352483775605833, -0.013285065753109 ], [ 109.352485165957717, -0.013276211028256 ], [ 109.352492929804953, -0.013220970171574 ], [ 109.352515144858103, -0.013191198115237 ], [ 109.352760922378707, -0.013380081825289 ], [ 109.352964995638104, -0.013047517928555 ], [ 109.352965232159818, -0.013047133918064 ], [ 109.353369100603572, -0.013288527243674 ], [ 109.353582641026151, -0.013056417619509 ], [ 109.353586330944495, -0.01305923159822 ], [ 109.353735832442794, -0.012877693550649 ], [ 109.353761364195634, -0.012891621351173 ], [ 109.353798267875845, -0.012838246587762 ], [ 109.354042216175401, -0.012485430857907 ], [ 109.354075465910057, -0.012181660555143 ], [ 109.354077015441987, -0.012167476447814 ], [ 109.354096917438824, -0.012167908122422 ], [ 109.354160718942069, -0.011999625182511 ], [ 109.354101848421635, -0.011969077910578 ], [ 109.35389366615982, -0.011861057641624 ], [ 109.353632638835279, -0.011694352112613 ], [ 109.353647230335469, -0.011674819737095 ], [ 109.35364726990565, -0.011674760381823 ], [ 109.353301592094851, -0.011422017611949 ], [ 109.353295550449332, -0.011417600142067 ], [ 109.3535952036558, -0.010878748855134 ], [ 109.353850514889416, -0.010419638655378 ], [ 109.353993801173033, -0.010161975694587 ], [ 109.354218879897473, -0.009757230411822 ], [ 109.354219600254396, -0.009755939884656 ], [ 109.354218649670997, -0.009755420076544 ], [ 109.354469334792043, -0.009304146569036 ], [ 109.35462518010803, -0.00902360035883 ], [ 109.354638410034681, -0.008999799800847 ], [ 109.354638380357017, -0.008999780015813 ], [ 109.3533604698099, -0.008507580160654 ], [ 109.353391169966585, -0.008468170069932 ], [ 109.353676120156877, -0.008103789957886 ], [ 109.354289640354693, -0.007318889555052 ], [ 109.35433298677799, -0.007263850146501 ], [ 109.354663008291254, -0.006844804743878 ], [ 109.35466365040719, -0.006843989958099 ], [ 109.355371829646288, -0.007113540157718 ], [ 109.355371840438124, -0.007113350400743 ], [ 109.355391120104173, -0.006868820239788 ], [ 109.355395739022185, -0.006810216817996 ], [ 109.355402349938572, -0.006726339748752 ], [ 109.355402490232791, -0.006724390018519 ], [ 109.355417050256733, -0.006519129654066 ], [ 109.35543345029356, -0.006296970129029 ], [ 109.355433720090161, -0.006296980021546 ], [ 109.355438279652958, -0.006232989660703 ], [ 109.355438279652958, -0.006232920412913 ], [ 109.355421704248329, -0.006218376576783 ], [ 109.355292254034339, -0.006104800296271 ], [ 109.355289645101095, -0.006102510622327 ], [ 109.35556736923877, -0.005739927355705 ], [ 109.355567451976412, -0.005739819437053 ], [ 109.355587136337306, -0.005580375933562 ], [ 109.355624243264288, -0.005279808116597 ], [ 109.352983440733283, -0.003093336788027 ], [ 109.352972114671388, -0.003118614932077 ], [ 109.353063721413662, -0.002306466869925 ], [ 109.35318789980181, -0.001205540203443 ], [ 109.35319083069237, -0.001179559688865 ], [ 109.353194416289341, -0.001147765057283 ], [ 109.353241237692998, -0.000732668577768 ], [ 109.353295000064236, -0.000256039584485 ], [ 109.353294949702217, -0.000256019799451 ], [ 109.353296949794469, -0.000238410174461 ], [ 109.353336576621757, 0.000110026756374 ], [ 109.353368433306628, 0.000390129600873 ], [ 109.353374820291776, 0.00044628956465 ], [ 109.353616308046242, 0.00258425236143 ], [ 109.35361930998323, 0.002610830025844 ], [ 109.353619319875747, 0.002610900172954 ], [ 109.353620232687661, 0.00261956334225 ], [ 109.353622130257179, 0.002637559675691 ], [ 109.353622329906671, 0.0026375398906 ], [ 109.354675933347721, 0.004064651562487 ], [ 109.354343459383188, 0.004240667772649 ], [ 109.354607754844096, 0.004687236926486 ], [ 109.354647359188334, 0.004758524386432 ], [ 109.35465332439145, 0.004769259593729 ], [ 109.353933344248503, 0.005161148168497 ], [ 109.353934894679696, 0.005165517974319 ], [ 109.354092730195418, 0.005610327154898 ], [ 109.354228947807769, 0.005994215360772 ], [ 109.354234094627827, 0.006008718727458 ], [ 109.354244545649351, 0.006003458592772 ], [ 109.354284220140698, 0.006090742293964 ], [ 109.354138402265505, 0.006181877791448 ], [ 109.354175018162607, 0.006499214367295 ], [ 109.354193083743894, 0.006655789033459 ], [ 109.35433722708143, 0.006944075708589 ], [ 109.354164347706558, 0.007006135225026 ], [ 109.354442625826607, 0.00901087425251 ], [ 109.354681150314889, 0.011163270268753 ], [ 109.355107086323017, 0.012838618207695 ], [ 109.355515983775717, 0.014587794191414 ], [ 109.355514481907846, 0.014596207349143 ], [ 109.350241593974431, 0.015885799190301 ], [ 109.348048481152546, 0.016422170147109 ], [ 109.348050213246779, 0.016466012096828 ], [ 109.348049347199662, 0.016466155089006 ], [ 109.340924557322523, 0.017644692348711 ], [ 109.341544640772611, 0.021997373280215 ], [ 109.341545627328912, 0.022004296261287 ], [ 109.341793133346471, 0.023741641663491 ], [ 109.342579657924944, 0.029262578805003 ], [ 109.342617746911571, 0.029256552447976 ], [ 109.34261784403833, 0.029256537159483 ], [ 109.343186268631428, 0.029166595961669 ], [ 109.343205120220205, 0.029163960048777 ], [ 109.34336419680028, 0.029141825035254 ], [ 109.343703364418786, 0.029095807625481 ], [ 109.343704681026281, 0.029094927189192 ], [ 109.345360423744637, 0.028712920365024 ], [ 109.346979109898086, 0.028341319596279 ], [ 109.347277909647858, 0.028261150431774 ], [ 109.347526289806467, 0.028194509768866 ], [ 109.347607985120476, 0.028172589693327 ], [ 109.347760644138475, 0.02813235402499 ], [ 109.347820008386748, 0.028119607933604 ], [ 109.347821840305755, 0.028119932588879 ], [ 109.348014178311757, 0.028078178864916 ], [ 109.348124689702729, 0.028054190348655 ], [ 109.348462820402915, 0.027981589878493 ], [ 109.348568480850759, 0.027957851373799 ], [ 109.348687027684264, 0.027932116374132 ], [ 109.349031997728559, 0.027833553375842 ], [ 109.349032095754694, 0.027833524597554 ], [ 109.34931123992186, 0.027754859998822 ], [ 109.349516767384955, 0.027704205684586 ], [ 109.350285486286225, 0.027516892190874 ], [ 109.350909436821098, 0.027350110219459 ], [ 109.350985977221114, 0.027329650642912 ], [ 109.350986074347929, 0.027329624562583 ], [ 109.352271040076516, 0.027038610243721 ], [ 109.353526960400984, 0.026716789648162 ], [ 109.353675580563674, 0.02667870515819 ], [ 109.354156991252182, 0.02655534335446 ], [ 109.354651229870399, 0.026428699924622 ], [ 109.355065974715046, 0.0263392326695 ], [ 109.355773206967967, 0.026186670778259 ], [ 109.356988139790872, 0.025924590347586 ], [ 109.356989659645137, 0.02592371980387 ], [ 109.357433270029446, 0.025669410414991 ], [ 109.358063870151568, 0.025339549880357 ], [ 109.361133080027685, 0.024249989745272 ], [ 109.361602673624532, 0.024079584405342 ], [ 109.361035350700945, 0.018572193751766 ], [ 109.361093694218653, 0.018556988014609 ], [ 109.36163419756025, 0.018348760786751 ], [ 109.360369150915631, 0.012005578894389 ], [ 109.361193936251198, 0.011825402420413 ], [ 109.360980395828676, 0.010848225165489 ], [ 109.360912014078224, 0.010530410150352 ], [ 109.360736682252139, 0.00971553444441 ], [ 109.360577200977104, 0.009002809132369 ], [ 109.360474400373334, 0.008543385968551 ], [ 109.360180972274122, 0.007358391576531 ], [ 109.360142483988511, 0.00720295815006 ], [ 109.360097272371263, 0.006916424253632 ], [ 109.361048433138762, 0.006797494308955 ], [ 109.361060038889718, 0.006795753221468 ], [ 109.361073964891602, 0.006794301715672 ], [ 109.361088182273875, 0.006792560628242 ], [ 109.361102689237782, 0.006790820440074 ], [ 109.361104263950665, 0.006790663058723 ], [ 109.361118241213944, 0.00678891657526 ], [ 109.361199133433331, 0.006778815390078 ], [ 109.361408636799183, 0.006753827727039 ], [ 109.361408485713127, 0.006752669400214 ], [ 109.361362214694509, 0.006396381387958 ], [ 109.361194025284078, 0.006420908598102 ], [ 109.361140247624405, 0.006428750686325 ], [ 109.361083695556147, 0.006021344309659 ], [ 109.361081226917122, 0.00602172742083 ], [ 109.359982987424985, 0.006192142653333 ], [ 109.359956797368341, 0.006026168273081 ], [ 109.359856990607682, 0.005062917020041 ], [ 109.359796641601804, 0.004700826581939 ], [ 109.359627203033028, 0.003527517980615 ], [ 109.35957962080289, 0.003232739999021 ], [ 109.359475171741849, 0.002671036938864 ], [ 109.359321170036026, 0.001847462090723 ], [ 109.361178582125945, 0.001624869092495 ], [ 109.36117866576285, 0.001624859199922 ], [ 109.361392456196938, 0.001599238414144 ], [ 109.36139256501491, 0.001599224924348 ], [ 109.36151836578, 0.001584148689574 ], [ 109.361319447434596, 0.000276440005734 ], [ 109.361151481955403, -0.000638033818177 ], [ 109.361685235884977, -0.000664161821589 ], [ 109.361641583692176, -0.001107400785884 ], [ 109.361627381598453, -0.001107400785884 ], [ 109.361619083553933, -0.001203791022078 ], [ 109.361491304280321, -0.002687996154066 ], [ 109.361451019149285, -0.002687667901512 ], [ 109.361437722672804, -0.002851652981349 ], [ 109.361434221612114, -0.002894824036844 ], [ 109.361372635139048, -0.003314734587264 ], [ 109.361120689168558, -0.003325932945415 ], [ 109.361120689168558, -0.003489891045604 ], [ 109.361120689168558, -0.003499495805045 ], [ 109.361350240221498, -0.003496697114826 ], [ 109.36127185711058, -0.003860620371313 ], [ 109.361284139151735, -0.003860579901811 ], [ 109.361213069327732, -0.004176953303727 ], [ 109.360989115655229, -0.004199349120597 ], [ 109.360989115655229, -0.003947402250787 ], [ 109.360079880382216, -0.003923958723647 ], [ 109.360090505872222, -0.004372911980283 ], [ 109.359441043369543, -0.0043449178836 ], [ 109.359409934021301, -0.004732592235314 ], [ 109.359411649927779, -0.004732636302094 ], [ 109.361136808616891, -0.004773068921963 ], [ 109.361075357042182, -0.005182749684082 ], [ 109.359820363019423, -0.005165144555747 ], [ 109.359820363019423, -0.005330310445402 ], [ 109.359819480784495, -0.005351978710792 ], [ 109.359813101893224, -0.00550872244952 ], [ 109.359800766792034, -0.005811808368207 ], [ 109.358571827028243, -0.005761419353973 ], [ 109.358571390857037, -0.005786261326875 ], [ 109.358566227849224, -0.006080550976606 ], [ 109.360013522106442, -0.006105746383014 ], [ 109.360033118333831, -0.006492063657788 ], [ 109.359312270345072, -0.006476668163657 ], [ 109.358583887836232, -0.006487539168575 ], [ 109.358542415600084, -0.006693641298455 ], [ 109.358498605126613, -0.006911367165799 ], [ 109.358503853570028, -0.006911538037002 ], [ 109.358464662014626, -0.007561001439001 ], [ 109.35726091585866, -0.007516210704523 ], [ 109.357268665316724, -0.007702177013812 ], [ 109.357263015775629, -0.007702021431101 ], [ 109.357190341561079, -0.008557331555551 ], [ 109.357188830700011, -0.008557240724031 ], [ 109.357064931101775, -0.00945482977653 ], [ 109.357062858164454, -0.009469847555351 ], [ 109.357950271387949, -0.009500642140893 ], [ 109.359235199345051, -0.009548231565589 ], [ 109.359204405658829, -0.010292873817036 ], [ 109.358221812686565, -0.010281677257524 ], [ 109.358224613175423, -0.010379655696511 ], [ 109.358235098371154, -0.011594507580412 ], [ 109.358235809734879, -0.011594600210572 ], [ 109.358241408913955, -0.012160080423314 ], [ 109.360094906254972, -0.012219870050899 ], [ 109.360055426017141, -0.012579990973734 ], [ 109.360034292848411, -0.012901220714696 ], [ 109.35970255273071, -0.012909885682632 ], [ 109.359702439416083, -0.012917886051525 ], [ 109.359680157813102, -0.014477555095027 ], [ 109.359680266631074, -0.014481441065584 ], [ 109.35971614958072, -0.015757870429354 ], [ 109.360086472412831, -0.015691740581303 ] ] ] ] } },
{ "type": "Feature", "properties": { "OBJECTID_1": 899194, "kdprov": "61", "kdkab": "71", "kdkec": "040", "kddesa": "003", "nmprov": "KALIMANTAN BARAT", "nmkab": "KOTA PONTIANAK", "nmkec": "PONTIANAK UTARA", "nmdesa": "SIANTAN TENGAH", "nmsls": "RT 003 RW 030", "RT": "RT 003 ", "RW": "RW 030", "KRW": "STRW 030", "Puskesmas": "Pkm Siantan Tengah" }, "geometry": { "type": "MultiPolygon", "coordinates": [ [ [ [ 109.345548498964092, -0.003847787945006 ], [ 109.345683364895422, -0.003522210881272 ], [ 109.345729250104853, -0.003412620396091 ], [ 109.345802238182785, -0.003238296709981 ], [ 109.345817166928782, -0.003202641288794 ], [ 109.345820042960668, -0.003196412584316 ], [ 109.345914235253815, -0.002992474223277 ], [ 109.345954354010303, -0.002905611404799 ], [ 109.346040447908422, -0.002722659622975 ], [ 109.346098119632586, -0.002597859803359 ], [ 109.346101340104838, -0.002590899950007 ], [ 109.346101439929555, -0.002590720085607 ], [ 109.346101519969238, -0.002590550113723 ], [ 109.346107935732732, -0.002579249232895 ], [ 109.346145049854215, -0.002513880211382 ], [ 109.346365110361603, -0.002126179779339 ], [ 109.346374701631248, -0.002105302018037 ], [ 109.346377229625489, -0.00209979996572 ], [ 109.346377410389266, -0.002099440236918 ], [ 109.346507464048273, -0.001815134860522 ], [ 109.346541550152494, -0.001740620633086 ], [ 109.346832559075381, -0.001104459103431 ], [ 109.346846757571882, -0.001073419902355 ], [ 109.346857616885586, -0.00104921285083 ], [ 109.346858550381853, -0.001047172289134 ], [ 109.34695459258046, -0.000837250738471 ], [ 109.346956928119823, -0.00083258055912 ], [ 109.346958781622561, -0.000828528213958 ], [ 109.346979430056706, -0.000783390341155 ], [ 109.346982309685927, -0.000777909872568 ], [ 109.347096320338949, -0.000561169662205 ], [ 109.347096510095923, -0.000560819825921 ], [ 109.347097279016282, -0.000559524802156 ], [ 109.347102659660095, -0.000550459635974 ], [ 109.347102853014292, -0.000550134980699 ], [ 109.347369913890475, -0.000100881350534 ], [ 109.347433420416053, 0.000005950014611 ], [ 109.347439584369397, 0.00001580208766 ], [ 109.347446806824735, 0.000027897969176 ], [ 109.347451821444452, 0.000036421743516 ], [ 109.347605935565525, 0.000282330565142 ], [ 109.347736604360875, 0.000490825791019 ], [ 109.347907500730628, 0.000763511027287 ], [ 109.347986427032026, 0.000932379425819 ], [ 109.34799092813887, 0.00094200756763 ], [ 109.348029092668526, 0.001022474407705 ], [ 109.348107859789934, 0.001190890447276 ], [ 109.348216469114845, 0.001332871814611 ], [ 109.348221731947433, 0.001339751628279 ], [ 109.348495856998284, 0.001698108081257 ], [ 109.348621020144037, 0.001861729835014 ], [ 109.348753779863102, 0.002034629894297 ], [ 109.348753750185494, 0.002034649679388 ], [ 109.348755899565163, 0.002037399806227 ], [ 109.348756780001452, 0.002038520361452 ], [ 109.348757327688588, 0.002039146289633 ], [ 109.348765052864962, 0.002047971336879 ], [ 109.348774443585739, 0.002060200318056 ], [ 109.349082196086556, 0.002410266820391 ], [ 109.349126602810543, 0.002460996677712 ], [ 109.34927926992242, 0.002635400403449 ], [ 109.34948478029844, 0.002889309594025 ], [ 109.349484899908248, 0.002889400425545 ], [ 109.349593253825674, 0.002981220307106 ], [ 109.349708957902124, 0.003080542333237 ], [ 109.349759381989941, 0.003166003108618 ], [ 109.349937037664233, 0.003466907272013 ], [ 109.349985021891314, 0.003548302212437 ], [ 109.349986039024543, 0.003550027112112 ], [ 109.34747407786648, 0.004210187050546 ], [ 109.347474723579694, 0.004226723784313 ], [ 109.347537808323239, 0.005840979877348 ], [ 109.347565432798547, 0.006547861394722 ], [ 109.347571989755579, 0.006753049813426 ], [ 109.347605646883153, 0.007261602940673 ], [ 109.347612149880888, 0.007359860169458 ], [ 109.347613736284984, 0.007379689321226 ], [ 109.347644283556917, 0.0079014399995 ], [ 109.347729872036041, 0.008833342684682 ], [ 109.347731174254363, 0.008834078330096 ], [ 109.347781277284184, 0.009379638559494 ], [ 109.347778832027529, 0.009380367909671 ], [ 109.347784086766239, 0.009439296886114 ], [ 109.34778911127853, 0.009495652002784 ], [ 109.347812871366955, 0.009762145406739 ], [ 109.347902923181437, 0.010782733836152 ], [ 109.347903108441756, 0.010784840947679 ], [ 109.347906473704882, 0.010823142174331 ], [ 109.347908162631654, 0.010890136270802 ], [ 109.347908313717767, 0.010896035823464 ], [ 109.347910987402201, 0.011001531695399 ], [ 109.347915121585629, 0.01116431618027 ], [ 109.347918955395528, 0.011315601034198 ], [ 109.34792150137622, 0.011414995905398 ], [ 109.347925208381696, 0.011562070133493 ], [ 109.347953629656331, 0.012687702075823 ], [ 109.347991292364327, 0.014167196558901 ], [ 109.348045441444015, 0.016302359766144 ], [ 109.348048476655947, 0.016422067624376 ], [ 109.348048481152546, 0.016422170147109 ], [ 109.350241593974431, 0.015885799190301 ], [ 109.355514481907846, 0.014596207349143 ], [ 109.355515983775717, 0.014587794191414 ], [ 109.355107086323017, 0.012838618207695 ], [ 109.354681150314889, 0.011163270268753 ], [ 109.354442625826607, 0.00901087425251 ], [ 109.354164347706558, 0.007006135225026 ], [ 109.35433722708143, 0.006944075708589 ], [ 109.354193083743894, 0.006655789033459 ], [ 109.354175018162607, 0.006499214367295 ], [ 109.354138402265505, 0.006181877791448 ], [ 109.354284220140698, 0.006090742293964 ], [ 109.354244545649351, 0.006003458592772 ], [ 109.354234094627827, 0.006008718727458 ], [ 109.354228947807769, 0.005994215360772 ], [ 109.354092730195418, 0.005610327154898 ], [ 109.353934894679696, 0.005165517974319 ], [ 109.353933344248503, 0.005161148168497 ], [ 109.35465332439145, 0.004769259593729 ], [ 109.354647359188334, 0.004758524386432 ], [ 109.354607754844096, 0.004687236926486 ], [ 109.354343459383188, 0.004240667772649 ], [ 109.354675933347721, 0.004064651562487 ], [ 109.353622329906671, 0.0026375398906 ], [ 109.353622130257179, 0.002637559675691 ], [ 109.353620232687661, 0.00261956334225 ], [ 109.353619319875747, 0.002610900172954 ], [ 109.35361930998323, 0.002610830025844 ], [ 109.353616308046242, 0.00258425236143 ], [ 109.353374820291776, 0.00044628956465 ], [ 109.353368433306628, 0.000390129600873 ], [ 109.353336576621757, 0.000110026756374 ], [ 109.353296949794469, -0.000238410174461 ], [ 109.353294949702217, -0.000256019799451 ], [ 109.353295000064236, -0.000256039584485 ], [ 109.353241237692998, -0.000732668577768 ], [ 109.353194416289341, -0.001147765057283 ], [ 109.35319083069237, -0.001179559688865 ], [ 109.35318789980181, -0.001205540203443 ], [ 109.353063721413662, -0.002306466869925 ], [ 109.352972114671388, -0.003118614932077 ], [ 109.352983440733283, -0.003093336788027 ], [ 109.355624243264288, -0.005279808116597 ], [ 109.355587136337306, -0.005580375933562 ], [ 109.355567451976412, -0.005739819437053 ], [ 109.35556736923877, -0.005739927355705 ], [ 109.355289645101095, -0.006102510622327 ], [ 109.355292254034339, -0.006104800296271 ], [ 109.355421704248329, -0.006218376576783 ], [ 109.355438279652958, -0.006232920412913 ], [ 109.355438279652958, -0.006232989660703 ], [ 109.355433720090161, -0.006296980021546 ], [ 109.35543345029356, -0.006296970129029 ], [ 109.355417050256733, -0.006519129654066 ], [ 109.355402490232791, -0.006724390018519 ], [ 109.355402349938572, -0.006726339748752 ], [ 109.355395739022185, -0.006810216817996 ], [ 109.355391120104173, -0.006868820239788 ], [ 109.355371840438124, -0.007113350400743 ], [ 109.355371829646288, -0.007113540157718 ], [ 109.35466365040719, -0.006843989958099 ], [ 109.354663008291254, -0.006844804743878 ], [ 109.35433298677799, -0.007263850146501 ], [ 109.354289640354693, -0.007318889555052 ], [ 109.353676120156877, -0.008103789957886 ], [ 109.353391169966585, -0.008468170069932 ], [ 109.3533604698099, -0.008507580160654 ], [ 109.354638380357017, -0.008999780015813 ], [ 109.354638410034681, -0.008999799800847 ], [ 109.35462518010803, -0.00902360035883 ], [ 109.354469334792043, -0.009304146569036 ], [ 109.354218649670997, -0.009755420076544 ], [ 109.354219600254396, -0.009755939884656 ], [ 109.354218879897473, -0.009757230411822 ], [ 109.353993801173033, -0.010161975694587 ], [ 109.353850514889416, -0.010419638655378 ], [ 109.3535952036558, -0.010878748855134 ], [ 109.353295550449332, -0.011417600142067 ], [ 109.353301592094851, -0.011422017611949 ], [ 109.35364726990565, -0.011674760381823 ], [ 109.353647230335469, -0.011674819737095 ], [ 109.353632638835279, -0.011694352112613 ], [ 109.35389366615982, -0.011861057641624 ], [ 109.354101848421635, -0.011969077910578 ], [ 109.354160718942069, -0.011999625182511 ], [ 109.354096917438824, -0.012167908122422 ], [ 109.354077015441987, -0.012167476447814 ], [ 109.354075465910057, -0.012181660555143 ], [ 109.354042216175401, -0.012485430857907 ], [ 109.353798267875845, -0.012838246587762 ], [ 109.353761364195634, -0.012891621351173 ], [ 109.353735832442794, -0.012877693550649 ], [ 109.353586330944495, -0.01305923159822 ], [ 109.353582641026151, -0.013056417619509 ], [ 109.353369100603572, -0.013288527243674 ], [ 109.352965232159818, -0.013047133918064 ], [ 109.352964995638104, -0.013047517928555 ], [ 109.352760922378707, -0.013380081825289 ], [ 109.352515144858103, -0.013191198115237 ], [ 109.352492929804953, -0.013220970171574 ], [ 109.352485165957717, -0.013276211028256 ], [ 109.352483775605833, -0.013285065753109 ], [ 109.352475157402637, -0.01333996936404 ], [ 109.352466067954708, -0.013398563792634 ], [ 109.352462076763516, -0.013423672864178 ], [ 109.352459380595974, -0.013440527957925 ], [ 109.352424723422303, -0.01365136861574 ], [ 109.35241397292657, -0.013716769113557 ], [ 109.352355945970203, -0.014180983865288 ], [ 109.352122462181967, -0.014584818134779 ], [ 109.352002897315913, -0.014791126209445 ], [ 109.351828116774243, -0.015092718354197 ], [ 109.351820385302574, -0.015106595792702 ], [ 109.351539819307277, -0.015607893189667 ], [ 109.351539391230006, -0.015608657613427 ], [ 109.351034715080118, -0.015423114884811 ], [ 109.351032232051921, -0.015422473668195 ], [ 109.350680539575308, -0.015331670020487 ], [ 109.350680447844468, -0.015331854381543 ], [ 109.350471570406683, -0.015748180234255 ], [ 109.350227210217611, -0.016235239564594 ], [ 109.350221180263304, -0.016249293270221 ], [ 109.350108728135353, -0.016808739032058 ], [ 109.349662915311342, -0.017825305693236 ], [ 109.349581472706859, -0.017785532276434 ], [ 109.349581222695349, -0.017786581785288 ], [ 109.349452268007838, -0.017776344802428 ], [ 109.349438350099831, -0.017908549639799 ], [ 109.349438340207314, -0.017908652162532 ], [ 109.349558144292985, -0.017918375632462 ], [ 109.34950743961673, -0.018735169592333 ], [ 109.349482801789918, -0.018746839195217 ], [ 109.349437359946251, -0.018768359971773 ], [ 109.349437219652032, -0.018768379756864 ], [ 109.349437219652032, -0.018768410333848 ], [ 109.349436567643522, -0.018768394146036 ], [ 109.349436527174078, -0.018766417436154 ], [ 109.348955769393285, -0.018756852246895 ], [ 109.348955742413636, -0.018757944023832 ], [ 109.348946543248417, -0.019200036352572 ], [ 109.348940300154766, -0.019505659258698 ], [ 109.348939101358496, -0.019563652940178 ], [ 109.348938535684908, -0.01959102380664 ], [ 109.348938525792391, -0.019591504044627 ], [ 109.348934932101486, -0.019761858123218 ], [ 109.348943642934842, -0.020167795007694 ], [ 109.348944873207415, -0.020225080023351 ], [ 109.348946488389799, -0.020300364969842 ], [ 109.348477919120739, -0.020351137095247 ], [ 109.348478250970572, -0.020354870181052 ], [ 109.348527049084112, -0.020901247894244 ], [ 109.348556129561814, -0.021226868125439 ], [ 109.348570737249759, -0.02139041703407 ], [ 109.348578475016666, -0.02150261915051 ], [ 109.348592591674844, -0.021643783933428 ], [ 109.348606708332966, -0.02181553465914 ], [ 109.348644975385355, -0.022221670293789 ], [ 109.348331903394694, -0.022267094151005 ], [ 109.348214862026339, -0.022284076948552 ], [ 109.348126505433925, -0.022296897683646 ], [ 109.348067061146025, -0.0223055230814 ], [ 109.347985203954067, -0.022317401326973 ], [ 109.347634668904902, -0.022368265183218 ], [ 109.34761151675815, -0.022371624151106 ], [ 109.347542400261602, -0.022381653390539 ], [ 109.347314903260212, -0.022436368143815 ], [ 109.347311630627303, -0.022437155050625 ], [ 109.346730968059774, -0.022576808073211 ], [ 109.346550848243112, -0.022620128416122 ], [ 109.346542593366053, -0.022622113219882 ], [ 109.346453571275333, -0.022643523379827 ], [ 109.346092899967402, -0.022730266588496 ], [ 109.345709114284261, -0.022822570305323 ], [ 109.345669995573871, -0.022833125648162 ], [ 109.345588240005327, -0.022855186917297 ], [ 109.344615506300613, -0.023117672042872 ], [ 109.344250695413336, -0.023216112733394 ], [ 109.344247135896637, -0.02321707320931 ], [ 109.344161317191094, -0.023118995844925 ], [ 109.344135250341594, -0.023089204902817 ], [ 109.343808397139867, -0.022715664296413 ], [ 109.343330313043566, -0.022169289281237 ], [ 109.343290810322685, -0.0221241433145 ], [ 109.343272466850919, -0.022103179218277 ], [ 109.342772058883497, -0.021687115068232 ], [ 109.342765159284738, -0.021681378292953 ], [ 109.342194275945133, -0.021206717016355 ], [ 109.342189710087098, -0.021202920977998 ], [ 109.341945377777051, -0.020999771322352 ], [ 109.341728085382897, -0.020819102919234 ], [ 109.341497074730285, -0.020627030213234 ], [ 109.341495616929251, -0.020625817027792 ], [ 109.341254459225979, -0.020425305983053 ], [ 109.341253892653071, -0.020424834738265 ], [ 109.340703502164956, -0.01996721201715 ], [ 109.340703470688709, -0.019967186836141 ], [ 109.340689632820386, -0.019955681809222 ], [ 109.339998807798793, -0.019330979441122 ], [ 109.339997645874746, -0.019329928133629 ], [ 109.339864155006808, -0.019209214833324 ], [ 109.339696781281475, -0.019057859832344 ], [ 109.339627897709363, -0.01899557098875 ], [ 109.339379539134484, -0.018770984193509 ], [ 109.338530344399942, -0.018003069286181 ], [ 109.338254338866705, -0.017753482237367 ], [ 109.337873854594761, -0.017409404320517 ], [ 109.338145397692017, -0.017083898303213 ], [ 109.338829693635489, -0.01626361317517 ], [ 109.33882960010601, -0.016263509753117 ], [ 109.338833877281672, -0.016260623828657 ], [ 109.33884590031812, -0.016252510145193 ], [ 109.338939555715967, -0.01615903371237 ], [ 109.338939809324813, -0.016159230663902 ], [ 109.339074579927967, -0.016025139948226 ], [ 109.339366169812934, -0.01573501955545 ], [ 109.339680290413128, -0.015387159989416 ], [ 109.339680230158535, -0.015387109627341 ], [ 109.339686404903716, -0.01538025139746 ], [ 109.339707240396876, -0.015357110042544 ], [ 109.339752829729377, -0.015283530210695 ], [ 109.339971614098772, -0.014929850232363 ], [ 109.340075476801871, -0.014762415353118 ], [ 109.34035057941577, -0.014445825214636 ], [ 109.340524535279144, -0.014245776421376 ], [ 109.340525369850013, -0.01424481594546 ], [ 109.340526049737491, -0.014244070407472 ], [ 109.340529700085654, -0.014240009968432 ], [ 109.34053252665484, -0.014236395593116 ], [ 109.340867141005788, -0.013808706806344 ], [ 109.340867710276655, -0.013807980154127 ], [ 109.340919073256714, -0.013743552722758 ], [ 109.341048869709653, -0.013580740358805 ], [ 109.341110845589128, -0.01350274665441 ], [ 109.341161722935226, -0.013438721219984 ], [ 109.341220749937747, -0.013364439916927 ], [ 109.341271448318764, -0.01329604018008 ], [ 109.341296322667233, -0.013262479279945 ], [ 109.341546003245526, -0.012925614825235 ], [ 109.341553929870031, -0.012914920087439 ], [ 109.341576369753739, -0.012884969965341 ], [ 109.34163576008234, -0.01280562008327 ], [ 109.341647728260114, -0.012790419742032 ], [ 109.341648050217429, -0.012790009651155 ], [ 109.342047611807914, -0.012280798220218 ], [ 109.342079340788985, -0.01224036200307 ], [ 109.342111930421311, -0.012198830411648 ], [ 109.342307866614817, -0.011933510622953 ], [ 109.342335480298232, -0.011896120409574 ], [ 109.34233550997584, -0.011896089832646 ], [ 109.34246901613227, -0.011715256853563 ], [ 109.342470240109549, -0.011713600302357 ], [ 109.342470640307852, -0.011713059809836 ], [ 109.342784230308041, -0.011414250167491 ], [ 109.342849389787546, -0.011352126799181 ], [ 109.342877990027262, -0.011324860254035 ], [ 109.342958767133439, -0.011183941885349 ], [ 109.342968260376949, -0.011167379970573 ], [ 109.343050380170951, -0.011023900332702 ], [ 109.343048460118382, -0.010993940318031 ], [ 109.343045675817336, -0.010951182950691 ], [ 109.343038078344705, -0.010917578883095 ], [ 109.343038017190793, -0.010917309985814 ], [ 109.343037805850145, -0.010916378288186 ], [ 109.343372788923148, -0.010395697803176 ], [ 109.343442242665446, -0.010287742285414 ], [ 109.343516652571509, -0.010172082275744 ], [ 109.343530124415793, -0.010151144259851 ], [ 109.343569984167516, -0.010071942765876 ], [ 109.343745556112594, -0.00972307685845 ], [ 109.343753369422529, -0.009651024974801 ], [ 109.34375426964391, -0.00964306957195 ], [ 109.343758405625977, -0.00960647076198 ], [ 109.343758459585274, -0.009605989624674 ], [ 109.343758500054776, -0.009605920376885 ], [ 109.343760133223611, -0.009602814118523 ], [ 109.343784192786302, -0.009557035928424 ], [ 109.344009034089709, -0.009129242820279 ], [ 109.344032660179209, -0.009084290207795 ], [ 109.344043009577263, -0.009064649913626 ], [ 109.3441902160057, -0.008711221745443 ], [ 109.344414239825369, -0.008173359712714 ], [ 109.343893750895973, -0.007971720918135 ], [ 109.343893359690867, -0.007971569832023 ], [ 109.343893359690867, -0.007971452020854 ], [ 109.343893378576638, -0.007966228758391 ], [ 109.343893640279362, -0.007893389967933 ], [ 109.343893650171879, -0.007893180425867 ], [ 109.343893660064396, -0.007893040131648 ], [ 109.343899796138714, -0.007808372558316 ], [ 109.34391226883622, -0.007781464842708 ], [ 109.344022541007519, -0.007543574376427 ], [ 109.344022541007519, -0.007543240727955 ], [ 109.34402255989329, -0.007543200258453 ], [ 109.344022541007519, -0.007539068772985 ], [ 109.344022541007519, -0.007407553715609 ], [ 109.344022541007519, -0.007406480824386 ], [ 109.344123090608207, -0.007266088559106 ], [ 109.344151920175022, -0.007225836702958 ], [ 109.344170824823777, -0.007199441600903 ], [ 109.344172636058374, -0.00719503132558 ], [ 109.344393118347796, -0.006658015554933 ], [ 109.344422690754641, -0.006582298034573 ], [ 109.344561227718543, -0.006227593728397 ], [ 109.344605002219112, -0.00611551661774 ], [ 109.344665987045744, -0.005970937108998 ], [ 109.344869581865794, -0.005488261074333 ], [ 109.344900320693284, -0.005415386310972 ], [ 109.344921284789507, -0.005364085384201 ], [ 109.344955498597471, -0.005280355803734 ], [ 109.344958564386275, -0.005272950785979 ], [ 109.344970924668473, -0.005243089696762 ], [ 109.345084273420525, -0.004969263220858 ], [ 109.345422519233921, -0.004152129317276 ], [ 109.3454645949152, -0.004050480745036 ], [ 109.34554568138816, -0.003854594014228 ], [ 109.345548498964092, -0.003847787945006 ] ] ] ] } },
{ "type": "Feature", "properties": { "OBJECTID_1": 906123, "kdprov": "61", "kdkab": "71", "kdkec": "020", "kddesa": "007", "nmprov": "KALIMANTAN BARAT", "nmkab": "KOTA PONTIANAK", "nmkec": "PONTIANAK TIMUR", "nmdesa": "TAMBELAN SAMPIT", "nmsls": "RT 003 RW 001", "RT": "RT 003 ", "RW": "RW 001", "KRW": "TSRW 001", "Puskesmas": "Pkm Tambelan Sampit" }, "geometry": { "type": "MultiPolygon", "coordinates": [ [ [ [ 109.351106623072269, -0.036259806844555 ], [ 109.35096320818559, -0.036028999438713 ], [ 109.350871432370752, -0.035881296584535 ], [ 109.350748147908746, -0.035682887255405 ], [ 109.350685709777736, -0.035582402405907 ], [ 109.350662753683196, -0.035545457356932 ], [ 109.350512076770997, -0.035302962361754 ], [ 109.350508064895337, -0.035296506128816 ], [ 109.350346580830092, -0.035036618245272 ], [ 109.350263793739146, -0.034903382784819 ], [ 109.350262895316405, -0.034901935775679 ], [ 109.350217866261573, -0.034829468405178 ], [ 109.350029782948184, -0.034526773691596 ], [ 109.350026198250532, -0.034521003641373 ], [ 109.349926501207108, -0.034360554695809 ], [ 109.349813816154779, -0.034179202807934 ], [ 109.349808183700759, -0.034170139440334 ], [ 109.349729901313935, -0.034044153414925 ], [ 109.349684172586535, -0.033970559193904 ], [ 109.349622852312848, -0.033904128073004 ], [ 109.349537680219839, -0.033811856731745 ], [ 109.349372545806432, -0.033632961791682 ], [ 109.349303779146169, -0.033558464651378 ], [ 109.349187425759169, -0.033432415673417 ], [ 109.349114596861227, -0.033282031940189 ], [ 109.348998306426779, -0.033041901262663 ], [ 109.348998057314532, -0.033041386850471 ], [ 109.348895116416543, -0.032828823990997 ], [ 109.348887116946969, -0.032812307042263 ], [ 109.348765098730382, -0.03256034938056 ], [ 109.348746418012865, -0.032521774760028 ], [ 109.34863578341475, -0.03229332357796 ], [ 109.348630266973316, -0.032281933664251 ], [ 109.348563587639546, -0.032144249257669 ], [ 109.34851559981513, -0.032045156558695 ], [ 109.348510924239804, -0.032035501437178 ], [ 109.348405433763844, -0.031817673946421 ], [ 109.348303929083102, -0.031608074353073 ], [ 109.348296714721641, -0.03159317708338 ], [ 109.348293664221274, -0.031586878231792 ], [ 109.348223489222732, -0.031441973168455 ], [ 109.348223076433896, -0.031441119711872 ], [ 109.348154248619721, -0.031298998050261 ], [ 109.348048793217288, -0.031081241605989 ], [ 109.348029402035309, -0.031041201090488 ], [ 109.347983157996396, -0.030945712874313 ], [ 109.347980733424151, -0.030940706348474 ], [ 109.347884147135744, -0.030741263698303 ], [ 109.347815471307001, -0.030599454101491 ], [ 109.347712863158165, -0.030387578324053 ], [ 109.347710088749636, -0.030381849642595 ], [ 109.347661207898511, -0.030280914232776 ], [ 109.347587675730722, -0.030129078094433 ], [ 109.347578558403825, -0.030110249888082 ], [ 109.347494790152496, -0.029937276084354 ], [ 109.347397471815952, -0.029736322573171 ], [ 109.347339616630052, -0.029616858431211 ], [ 109.347111507190391, -0.02914583221434 ], [ 109.34674175272977, -0.028382323984999 ], [ 109.346721473017624, -0.028340447953269 ], [ 109.346621325413878, -0.028133650647419 ], [ 109.347528175684829, -0.027860960914552 ], [ 109.347528238637381, -0.027860935733543 ], [ 109.347529424843117, -0.027860469884729 ], [ 109.347529450024183, -0.02786048966982 ], [ 109.347529489594308, -0.027860520246747 ], [ 109.347607056120808, -0.027829942397886 ], [ 109.347975590201372, -0.027684659619297 ], [ 109.348166009953445, -0.027958249573487 ], [ 109.348166050422947, -0.027958299935563 ], [ 109.348280224752614, -0.028096405224858 ], [ 109.348627960212241, -0.028517019944445 ], [ 109.348627999782423, -0.028517060413947 ], [ 109.348841086946663, -0.028758130882977 ], [ 109.348966320239526, -0.028899810078144 ], [ 109.349118589851116, -0.029072069820131 ], [ 109.349244240429414, -0.029010860162998 ], [ 109.34932573969121, -0.029105449956489 ], [ 109.349357350861112, -0.029142129705463 ], [ 109.349394640350454, -0.029185399686412 ], [ 109.349672979624359, -0.029508380407378 ], [ 109.349828020047141, -0.029688269997621 ], [ 109.349828049724749, -0.029688299675229 ], [ 109.349832853903138, -0.02969431344178 ], [ 109.349840150102921, -0.029703445157793 ], [ 109.349862429907262, -0.029731330436505 ], [ 109.350166970029704, -0.03011247031418 ], [ 109.350269550299572, -0.030210480229414 ], [ 109.350318209917532, -0.030272199802141 ], [ 109.350318229702623, -0.030272230379069 ], [ 109.350528859918995, -0.03053948011285 ], [ 109.350559370318763, -0.030578239993758 ], [ 109.350559610437756, -0.030578540367287 ], [ 109.350578967445472, -0.030601796835413 ], [ 109.350644439889038, -0.030680459635448 ], [ 109.350791079744567, -0.030854990165608 ], [ 109.351115180121553, -0.031286719606385 ], [ 109.351152080204372, -0.031335880146685 ], [ 109.351152582026089, -0.031335611249403 ], [ 109.351386174632296, -0.031210586599229 ], [ 109.351433719990268, -0.031185140281934 ], [ 109.351638220427617, -0.031075680198455 ], [ 109.35190616983391, -0.030932470357186 ], [ 109.352209199994661, -0.030782850148341 ], [ 109.352221188856845, -0.030776257218463 ], [ 109.352414480144205, -0.030669969943119 ], [ 109.352414960382191, -0.030669710039035 ], [ 109.352755505762048, -0.030476847728266 ], [ 109.352759069775288, -0.03047482964962 ], [ 109.352764230085199, -0.030480409942925 ], [ 109.352837468174698, -0.030559488229756 ], [ 109.352962220330255, -0.03069418958512 ], [ 109.353004948019986, -0.030739177271187 ], [ 109.353091409740841, -0.030830210245938 ], [ 109.35309146010286, -0.03083024981612 ], [ 109.353091520357452, -0.030830319963229 ], [ 109.353184559719693, -0.030928319985946 ], [ 109.353301899662995, -0.031051930002548 ], [ 109.353301869985387, -0.031051949787582 ], [ 109.353329689613531, -0.031081130090058 ], [ 109.353381528334921, -0.031135575946053 ], [ 109.353551260082668, -0.031313850353854 ], [ 109.353563799329947, -0.031329272827634 ], [ 109.353608609849516, -0.031384389577852 ], [ 109.353608609849516, -0.031384539764645 ], [ 109.353676075190776, -0.031467475243744 ], [ 109.35370668991186, -0.031505110072715 ], [ 109.353706910245762, -0.031505379869316 ], [ 109.353850200126715, -0.031681819660207 ], [ 109.353885439161729, -0.031725113023526 ], [ 109.353907209949853, -0.031751859760448 ], [ 109.35391881030489, -0.031766149987789 ], [ 109.353940750165521, -0.031792890429529 ], [ 109.354035543205839, -0.031932134260558 ], [ 109.354044729780526, -0.031945630386474 ], [ 109.354156869843735, -0.032109969799194 ], [ 109.354161489661067, -0.03211674259353 ], [ 109.354360238933964, -0.032408094158143 ], [ 109.354597519659876, -0.032755930341864 ], [ 109.354657509836272, -0.032843874145442 ], [ 109.354661449766127, -0.032849649591583 ], [ 109.354676890226358, -0.032872350278694 ], [ 109.354677132143991, -0.032872706410217 ], [ 109.354680279771173, -0.032877329824885 ], [ 109.35485292981889, -0.033131211136435 ], [ 109.354906882846421, -0.033210548428031 ], [ 109.355074080304632, -0.033456409585597 ], [ 109.3551418496167, -0.033556059864225 ], [ 109.355235281083424, -0.033693469977607 ], [ 109.355283039580684, -0.033763709727396 ], [ 109.355283130412204, -0.033763830236524 ], [ 109.355412549149889, -0.033932927062892 ], [ 109.355464350099737, -0.034000610040096 ], [ 109.355471234410004, -0.034009609555767 ], [ 109.355675049563956, -0.034276059792262 ], [ 109.355862860382786, -0.034521589999315 ], [ 109.355990636958381, -0.03464796722983 ], [ 109.356012530054272, -0.034669620206785 ], [ 109.356126740356842, -0.03478257955237 ], [ 109.356387703829512, -0.035040684080286 ], [ 109.356600219924246, -0.035250870031575 ], [ 109.356609169977276, -0.035259724756429 ], [ 109.356887288018015, -0.03553488762492 ], [ 109.356915589682785, -0.035562889815481 ], [ 109.35696600028075, -0.035612539586964 ], [ 109.356984750246113, -0.035630999970635 ], [ 109.357297580319141, -0.035924810281699 ], [ 109.357451629689024, -0.036069489615215 ], [ 109.357671340360127, -0.036276580100036 ], [ 109.357671639834393, -0.036276859789211 ], [ 109.357770919592326, -0.036395230355538 ], [ 109.357763366186475, -0.036400485993568 ], [ 109.357243040034348, -0.036762509881896 ], [ 109.357249630266267, -0.036775850425101 ], [ 109.357265309946172, -0.036807400441148 ], [ 109.357124010264897, -0.036922330201321 ], [ 109.357031329732138, -0.036997740153538 ], [ 109.356839019605104, -0.037135039650309 ], [ 109.356820078983503, -0.037148572648448 ], [ 109.356951667785324, -0.037334991316754 ], [ 109.356888470626473, -0.037379416027193 ], [ 109.356361877998324, -0.037749594967806 ], [ 109.356361796160002, -0.03774948075386 ], [ 109.356260977662032, -0.037846823372149 ], [ 109.355999446717135, -0.037491717069031 ], [ 109.355550419716167, -0.036882027983154 ], [ 109.354972351692709, -0.037225878371544 ], [ 109.354913148423122, -0.037266204871401 ], [ 109.354511650592258, -0.037539688705635 ], [ 109.353944120824565, -0.037746670372485 ], [ 109.353423328823624, -0.038053804139679 ], [ 109.352566938613393, -0.038510544625865 ], [ 109.352447656134473, -0.0383693933328 ], [ 109.352333509683774, -0.038234319658102 ], [ 109.352311812640096, -0.03819940168097 ], [ 109.352230397914582, -0.038068374056195 ], [ 109.352228975187131, -0.038066084382251 ], [ 109.352177664367787, -0.037983505933994 ], [ 109.352161083567239, -0.037956823048887 ], [ 109.352010512774996, -0.037714498924913 ], [ 109.351900228013164, -0.037537009625225 ], [ 109.351886582599775, -0.037515049979504 ], [ 109.3517540270268, -0.037301718199672 ], [ 109.351753177167438, -0.037300350330838 ], [ 109.351719983190719, -0.037246927903368 ], [ 109.351657919177683, -0.037147044700305 ], [ 109.351503786170838, -0.036898987398274 ], [ 109.351362812044215, -0.036672108231187 ], [ 109.351138068766943, -0.036310414394052 ], [ 109.351134895059431, -0.036305306244856 ], [ 109.351106623072269, -0.036259806844555 ] ] ] ] } },
{ "type": "Feature", "properties": { "OBJECTID_1": 898733, "kdprov": "61", "kdkab": "71", "kdkec": "020", "kddesa": "004", "nmprov": "KALIMANTAN BARAT", "nmkab": "KOTA PONTIANAK", "nmkec": "PONTIANAK TIMUR", "nmdesa": "TANJUNG HULU", "nmsls": "RT 002 RW 003", "RT": "RT 002 ", "RW": "RW 003", "KRW": "THRW 003", "Puskesmas": "Pkm Tanjung Hulu" }, "geometry": { "type": "MultiPolygon", "coordinates": [ [ [ [ 109.362737342854132, -0.024661189262417 ], [ 109.362870650260334, -0.024142220187287 ], [ 109.362880219946248, -0.023870079940195 ], [ 109.362890490203995, -0.023578168997233 ], [ 109.362916532771806, -0.022837967598093 ], [ 109.362953463431666, -0.021788304086897 ], [ 109.362968624202722, -0.0213573849353 ], [ 109.362971913023443, -0.021263912999132 ], [ 109.362984290392774, -0.020912119798425 ], [ 109.362984117722931, -0.020912142281475 ], [ 109.362984587169024, -0.020898624571828 ], [ 109.362986018889728, -0.020069676274488 ], [ 109.362986457758893, -0.01981561419916 ], [ 109.363004251744883, -0.019815011653407 ], [ 109.363016645302025, -0.019814591670013 ], [ 109.363246527305478, -0.019806811635021 ], [ 109.3632586123951, -0.019806403342784 ], [ 109.364006522782859, -0.01978108922583 ], [ 109.364378230570935, -0.01976850771041 ], [ 109.364722320178998, -0.019756862389215 ], [ 109.364726558683799, -0.019756719397037 ], [ 109.364730094818071, -0.019756598887852 ], [ 109.365400810099345, -0.019733898200798 ], [ 109.365479719313669, -0.019731227214322 ], [ 109.365482141187954, -0.019731145375999 ], [ 109.365963597741882, -0.019714849660545 ], [ 109.366434249840836, -0.019788061669658 ], [ 109.366785706695055, -0.019842733255473 ], [ 109.367132732589596, -0.019896715061293 ], [ 109.367227078666815, -0.019911391097764 ], [ 109.368231014349874, -0.020067559270387 ], [ 109.368304603174977, -0.02007900584141 ], [ 109.368780821178007, -0.020153084796959 ], [ 109.368973995553517, -0.020183133844512 ], [ 109.369013509066235, -0.020191134213405 ], [ 109.369311485936407, -0.02025145983697 ], [ 109.369876055135876, -0.020365759172421 ], [ 109.369926718443367, -0.020376015940315 ], [ 109.370036171332288, -0.020398175235528 ], [ 109.370534938936316, -0.020499152913544 ], [ 109.371007024554615, -0.02059472926328 ], [ 109.371154862307094, -0.020624658700967 ], [ 109.371421753211393, -0.020733777042153 ], [ 109.371541011408624, -0.020782535585511 ], [ 109.37162587413485, -0.020817232329364 ], [ 109.371675885433831, -0.020837679315377 ], [ 109.371864044290248, -0.02091460822254 ], [ 109.371947775669355, -0.020948841815539 ], [ 109.37195842634037, -0.020953196332869 ], [ 109.372019933673073, -0.020978344075274 ], [ 109.372120112753066, -0.02101930189923 ], [ 109.372257431135608, -0.021075444775931 ], [ 109.372502401064992, -0.021175601372875 ], [ 109.372955939964697, -0.021361029887544 ], [ 109.373505471600311, -0.021585705715722 ], [ 109.373856489585364, -0.021729220427119 ], [ 109.374114070707833, -0.021834531938055 ], [ 109.374259745590848, -0.02189409133922 ], [ 109.374646892939836, -0.022052377415264 ], [ 109.374650486630742, -0.022053846008134 ], [ 109.375105352030459, -0.022239817713341 ], [ 109.375346748953348, -0.022338512911972 ], [ 109.37538336215249, -0.022407161761066 ], [ 109.375390841813953, -0.022421185789028 ], [ 109.375456089427018, -0.022449803115876 ], [ 109.375970990868609, -0.022675637270822 ], [ 109.375998463358485, -0.022687689984878 ], [ 109.376018735876016, -0.022696586078553 ], [ 109.376051278743603, -0.022710850225508 ], [ 109.376787250631196, -0.023033643887516 ], [ 109.376863829702017, -0.02306723086798 ], [ 109.377039459203729, -0.0231442613985 ], [ 109.377251914144608, -0.023236968011645 ], [ 109.377505647967325, -0.023348457864984 ], [ 109.37780278307207, -0.023477684147736 ], [ 109.377830504674137, -0.023489741358446 ], [ 109.378079765269035, -0.023593093246632 ], [ 109.378224562413664, -0.023653131087087 ], [ 109.378289038408468, -0.023680289713525 ], [ 109.378500260378758, -0.023768300066934 ], [ 109.379048089597745, -0.023996559693444 ], [ 109.379391103616626, -0.024076745045704 ], [ 109.379401934151986, -0.024079247858936 ], [ 109.379483622271437, -0.024098127326681 ], [ 109.379775361443819, -0.024166571130309 ], [ 109.38090597023438, -0.024431820771838 ], [ 109.380942213812204, -0.024440323861825 ], [ 109.380942483608806, -0.024439406553313 ], [ 109.381042051149791, -0.02446268190721 ], [ 109.38142322070513, -0.024536320194954 ], [ 109.382872556423422, -0.024816304328908 ], [ 109.381823690610872, -0.029475862720858 ], [ 109.381823445095961, -0.029476959893714 ], [ 109.38217338479393, -0.029552621656137 ], [ 109.382097722132244, -0.029798525981164 ], [ 109.382135553013427, -0.029864731372186 ], [ 109.382107180302171, -0.029930935863945 ], [ 109.382050433081076, -0.029949851304536 ], [ 109.382007315984879, -0.030044497755341 ], [ 109.381974586058334, -0.030066459199702 ], [ 109.381954203823511, -0.030112678057606 ], [ 109.3816579329673, -0.030784504900907 ], [ 109.381199228361766, -0.03117227637938 ], [ 109.380012600800967, -0.032318753707443 ], [ 109.379941335824071, -0.032387607601947 ], [ 109.379642761804064, -0.032498039852612 ], [ 109.379596124761406, -0.032515288849481 ], [ 109.379593460070168, -0.032514226750095 ], [ 109.379598489079058, -0.032511741923315 ], [ 109.379165775779995, -0.032338656603656 ], [ 109.378924618076724, -0.032242194421713 ], [ 109.37892447058789, -0.03223791814537 ], [ 109.378921989358389, -0.032165948999307 ], [ 109.37891988944142, -0.032105055004251 ], [ 109.378753808041893, -0.032058994427018 ], [ 109.378752301677423, -0.032058579839543 ], [ 109.378092371066145, -0.031875553414011 ], [ 109.378059748158933, -0.031866505334904 ], [ 109.377633491992128, -0.031748288552649 ], [ 109.377468075191587, -0.031702413235735 ], [ 109.377427915965598, -0.031691275132175 ], [ 109.376768231768551, -0.03148556690536 ], [ 109.376664081282399, -0.031450850376416 ], [ 109.376661831178637, -0.031450100341829 ], [ 109.376638226672867, -0.031444459793931 ], [ 109.376555808303976, -0.031424767339104 ], [ 109.376127800257848, -0.031322500033298 ], [ 109.376127463911416, -0.031322419993614 ], [ 109.37605559638871, -0.031394286617001 ], [ 109.376055535234798, -0.031394347770913 ], [ 109.375985943896239, -0.031364991201315 ], [ 109.375883889729778, -0.031321939755685 ], [ 109.375598769567603, -0.031161599628092 ], [ 109.374992630105851, -0.030975889625552 ], [ 109.374525589684254, -0.030930949603601 ], [ 109.37448924358381, -0.030927453039453 ], [ 109.374151059823589, -0.030894910171924 ], [ 109.373936270242723, -0.030874359763857 ], [ 109.373870187159469, -0.030866052726083 ], [ 109.373587139934614, -0.030830470150022 ], [ 109.373568919669992, -0.030828179576758 ], [ 109.373547790098485, -0.030825520281496 ], [ 109.373547090425916, -0.030825430349296 ], [ 109.373544692833377, -0.030825074217773 ], [ 109.372840220599755, -0.030720433601061 ], [ 109.372839859971634, -0.030720379641764 ], [ 109.37317839986332, -0.031266629651213 ], [ 109.373128206001979, -0.031319445036331 ], [ 109.373068890317086, -0.031381859784972 ], [ 109.373028419925674, -0.031424379731277 ], [ 109.373022013155435, -0.031431112955431 ], [ 109.373017989588618, -0.031435339769075 ], [ 109.372803629883663, -0.031660422090738 ], [ 109.371838300297384, -0.032674039875019 ], [ 109.371817929753718, -0.032695430249873 ], [ 109.371678149926765, -0.032836899902975 ], [ 109.371492910269637, -0.033025270100097 ], [ 109.371429329999614, -0.033088719968418 ], [ 109.371404909808803, -0.033113439633496 ], [ 109.371331917234272, -0.033186053593454 ], [ 109.371299150435505, -0.033218650420338 ], [ 109.371013100374341, -0.033503200412326 ], [ 109.370642532926638, -0.033871831619706 ], [ 109.370279640293234, -0.034232830280871 ], [ 109.369697510032097, -0.034793300370495 ], [ 109.369693274225313, -0.034797360809534 ], [ 109.369407386941418, -0.034510342178521 ], [ 109.369171369762967, -0.034273389705106 ], [ 109.368976670137272, -0.034061649725288 ], [ 109.368946452017212, -0.034028786699082 ], [ 109.368279889805137, -0.033303889962497 ], [ 109.36827222128602, -0.033295548750516 ], [ 109.368238440052039, -0.033258809646327 ], [ 109.368238059638827, -0.033258389662933 ], [ 109.368030382796007, -0.033015885674558 ], [ 109.368017779696856, -0.033001170067905 ], [ 109.367790673001196, -0.032735958197861 ], [ 109.367734979785553, -0.032670920126805 ], [ 109.367358478610981, -0.032254389228626 ], [ 109.367315880423575, -0.032207260256826 ], [ 109.367049440079654, -0.031904540362177 ], [ 109.367044099905343, -0.031898280181451 ], [ 109.367043910148368, -0.031898049954975 ], [ 109.367005215918027, -0.031852687251671 ], [ 109.366970170237209, -0.031811599925334 ], [ 109.366794619875861, -0.031605979832079 ], [ 109.366756690069224, -0.031561503860246 ], [ 109.36670012271253, -0.03149517436276 ], [ 109.366579364446181, -0.031353576106596 ], [ 109.366554389373619, -0.031324289684164 ], [ 109.366386106433708, -0.031126965836734 ], [ 109.366279812863127, -0.031002329693706 ], [ 109.36626332019614, -0.030982989773122 ], [ 109.366071400374892, -0.030806579659895 ], [ 109.366046436094223, -0.030783629860593 ], [ 109.366044099655539, -0.030781482279508 ], [ 109.36597769011837, -0.030720430003782 ], [ 109.365977660440763, -0.030720410218692 ], [ 109.365836546019864, -0.030542427191222 ], [ 109.365515556397895, -0.030137573989805 ], [ 109.365495280283028, -0.030111999968767 ], [ 109.365412649674113, -0.030007790127343 ], [ 109.365412619996448, -0.030007749657898 ], [ 109.365310209698464, -0.029867129864101 ], [ 109.365272452561669, -0.029815289344072 ], [ 109.365066089628385, -0.029531949839566 ], [ 109.365064487036534, -0.029529749198502 ], [ 109.364877634894981, -0.029273186108583 ], [ 109.364636370172434, -0.028941910041056 ], [ 109.364628830256379, -0.028931557045667 ], [ 109.364547997392208, -0.028820567215348 ], [ 109.364462300095113, -0.028702899918869 ], [ 109.364225758611951, -0.028378064795788 ], [ 109.364225288266482, -0.028377418183254 ], [ 109.362330842094764, -0.028532418136535 ], [ 109.361503428040805, -0.028447987984237 ], [ 109.36206869511426, -0.026777050320561 ], [ 109.362470409681748, -0.025589560309925 ], [ 109.362471150723081, -0.025587367762739 ], [ 109.362471479874955, -0.02558639739425 ], [ 109.362472030260051, -0.025584769621389 ], [ 109.362595079998982, -0.025221090081175 ], [ 109.36260586017238, -0.025178869609078 ], [ 109.362653579998778, -0.024990764711958 ], [ 109.362724979873974, -0.024709320079012 ], [ 109.362737342854132, -0.024661189262417 ] ] ] ] } },
{ "type": "Feature", "properties": { "OBJECTID_1": 914168, "kdprov": "61", "kdkab": "71", "kdkec": "040", "kddesa": "004", "nmprov": "KALIMANTAN BARAT", "nmkab": "KOTA PONTIANAK", "nmkec": "PONTIANAK UTARA", "nmdesa": "SIANTAN HULU", "nmsls": "RT 001 RW 035", "RT": "RT 001 ", "RW": "RW 035", "KRW": "SHRW 035", "Puskesmas": "Pkm Telaga Biru" }, "geometry": { "type": "MultiPolygon", "coordinates": [ [ [ [ 109.364730094818071, -0.019756598887852 ], [ 109.364726558683799, -0.019756719397037 ], [ 109.364722320178998, -0.019756862389215 ], [ 109.364378230570935, -0.01976850771041 ], [ 109.364006522782859, -0.01978108922583 ], [ 109.3632586123951, -0.019806403342784 ], [ 109.363279233849596, -0.018636145241885 ], [ 109.363348141703455, -0.018326056302385 ], [ 109.363778819836739, -0.017430245209596 ], [ 109.363813274662959, -0.017166096338201 ], [ 109.36367545805598, -0.016810069129349 ], [ 109.363704168912307, -0.016586116356109 ], [ 109.36384448203728, -0.015592702741003 ], [ 109.363362497581249, -0.015615654338944 ], [ 109.363035183027364, -0.015569715170159 ], [ 109.363034761245274, -0.015590984136566 ], [ 109.362122145420756, -0.015460610318883 ], [ 109.361766117312527, -0.015449125076998 ], [ 109.361765876294214, -0.015456841260175 ], [ 109.36126078825481, -0.015502241735021 ], [ 109.360758329833118, -0.015562536781601 ], [ 109.360370719333275, -0.015631446434043 ], [ 109.360308398114114, -0.015644036043398 ], [ 109.360086472412831, -0.015688869945336 ], [ 109.360086511083693, -0.015691779252165 ], [ 109.360086472412831, -0.015691740581303 ], [ 109.35971614958072, -0.015757870429354 ], [ 109.359680266631074, -0.014481441065584 ], [ 109.359680157813102, -0.014477555095027 ], [ 109.359702439416083, -0.012917886051525 ], [ 109.35970255273071, -0.012909885682632 ], [ 109.360034292848411, -0.012901220714696 ], [ 109.360055426017141, -0.012579990973734 ], [ 109.360094906254972, -0.012219870050899 ], [ 109.358241408913955, -0.012160080423314 ], [ 109.358235809734879, -0.011594600210572 ], [ 109.358235098371154, -0.011594507580412 ], [ 109.358224613175423, -0.010379655696511 ], [ 109.358221812686565, -0.010281677257524 ], [ 109.359204405658829, -0.010292873817036 ], [ 109.359235199345051, -0.009548231565589 ], [ 109.357950271387949, -0.009500642140893 ], [ 109.357062858164454, -0.009469847555351 ], [ 109.357064931101775, -0.00945482977653 ], [ 109.357188830700011, -0.008557240724031 ], [ 109.357190341561079, -0.008557331555551 ], [ 109.357263015775629, -0.007702021431101 ], [ 109.357268665316724, -0.007702177013812 ], [ 109.35726091585866, -0.007516210704523 ], [ 109.358464662014626, -0.007561001439001 ], [ 109.358503853570028, -0.006911538037002 ], [ 109.358498605126613, -0.006911367165799 ], [ 109.358542415600084, -0.006693641298455 ], [ 109.358583887836232, -0.006487539168575 ], [ 109.359312270345072, -0.006476668163657 ], [ 109.360033118333831, -0.006492063657788 ], [ 109.360013522106442, -0.006105746383014 ], [ 109.358566227849224, -0.006080550976606 ], [ 109.358571390857037, -0.005786261326875 ], [ 109.358571827028243, -0.005761419353973 ], [ 109.359800766792034, -0.005811808368207 ], [ 109.359813101893224, -0.00550872244952 ], [ 109.359819480784495, -0.005351978710792 ], [ 109.359820363019423, -0.005330310445402 ], [ 109.359820363019423, -0.005165144555747 ], [ 109.361075357042182, -0.005182749684082 ], [ 109.361136808616891, -0.004773068921963 ], [ 109.359411649927779, -0.004732636302094 ], [ 109.359409934021301, -0.004732592235314 ], [ 109.359441043369543, -0.0043449178836 ], [ 109.360090505872222, -0.004372911980283 ], [ 109.360079880382216, -0.003923958723647 ], [ 109.360989115655229, -0.003947402250787 ], [ 109.360989115655229, -0.004199349120597 ], [ 109.361213069327732, -0.004176953303727 ], [ 109.361284139151735, -0.003860579901811 ], [ 109.36127185711058, -0.003860620371313 ], [ 109.361350240221498, -0.003496697114826 ], [ 109.361120689168558, -0.003499495805045 ], [ 109.361120689168558, -0.003489891045604 ], [ 109.361120689168558, -0.003325932945415 ], [ 109.361372635139048, -0.003314734587264 ], [ 109.361434221612114, -0.002894824036844 ], [ 109.361437722672804, -0.002851652981349 ], [ 109.361451019149285, -0.002687667901512 ], [ 109.361491304280321, -0.002687996154066 ], [ 109.361619083553933, -0.001203791022078 ], [ 109.361627381598453, -0.001107400785884 ], [ 109.361641583692176, -0.001107400785884 ], [ 109.361685235884977, -0.000664161821589 ], [ 109.361151481955403, -0.000638033818177 ], [ 109.361319447434596, 0.000276440005734 ], [ 109.36151836578, 0.001584148689574 ], [ 109.36139256501491, 0.001599224924348 ], [ 109.361392456196938, 0.001599238414144 ], [ 109.36117866576285, 0.001624859199922 ], [ 109.361178582125945, 0.001624869092495 ], [ 109.359321170036026, 0.001847462090723 ], [ 109.359475171741849, 0.002671036938864 ], [ 109.35957962080289, 0.003232739999021 ], [ 109.359627203033028, 0.003527517980615 ], [ 109.359796641601804, 0.004700826581939 ], [ 109.359856990607682, 0.005062917020041 ], [ 109.359956797368341, 0.006026168273081 ], [ 109.359982987424985, 0.006192142653333 ], [ 109.361081226917122, 0.00602172742083 ], [ 109.361083695556147, 0.006021344309659 ], [ 109.361140247624405, 0.006428750686325 ], [ 109.361194025284078, 0.006420908598102 ], [ 109.361362214694509, 0.006396381387958 ], [ 109.361408485713127, 0.006752669400214 ], [ 109.361408636799183, 0.006753827727039 ], [ 109.361199133433331, 0.006778815390078 ], [ 109.361118241213944, 0.00678891657526 ], [ 109.361104263950665, 0.006790663058723 ], [ 109.361102689237782, 0.006790820440074 ], [ 109.361088182273875, 0.006792560628242 ], [ 109.361073964891602, 0.006794301715672 ], [ 109.361060038889718, 0.006795753221468 ], [ 109.361048433138762, 0.006797494308955 ], [ 109.360097272371263, 0.006916424253632 ], [ 109.360142483988511, 0.00720295815006 ], [ 109.360180972274122, 0.007358391576531 ], [ 109.360474400373334, 0.008543385968551 ], [ 109.360577200977104, 0.009002809132369 ], [ 109.360736682252139, 0.00971553444441 ], [ 109.360912014078224, 0.010530410150352 ], [ 109.360980395828676, 0.010848225165489 ], [ 109.361193936251198, 0.011825402420413 ], [ 109.360369150915631, 0.012005578894389 ], [ 109.36163419756025, 0.018348760786751 ], [ 109.361093694218653, 0.018556988014609 ], [ 109.361035350700945, 0.018572193751766 ], [ 109.361602673624532, 0.024079584405342 ], [ 109.36164889967705, 0.024062810250541 ], [ 109.362518609746076, 0.02375317007278 ], [ 109.363308780176112, 0.02343817982819 ], [ 109.36343620961344, 0.023390951031615 ], [ 109.363460183740528, 0.023382064830457 ], [ 109.364338989552778, 0.023056360063038 ], [ 109.364374709725155, 0.023043120243869 ], [ 109.365050060112253, 0.022810530381719 ], [ 109.365180780168942, 0.022765510320085 ], [ 109.365328311252597, 0.02272114226696 ], [ 109.365589120041932, 0.022642719585861 ], [ 109.365589290913078, 0.022642672821121 ], [ 109.365898298867478, 0.022565918382497 ], [ 109.365929731072299, 0.0225581113678 ], [ 109.365997459914922, 0.02254129044826 ], [ 109.366118941236209, 0.022503661015207 ], [ 109.366480049614665, 0.022391809634371 ], [ 109.366641361010068, 0.022342510598435 ], [ 109.36668307066725, 0.02232976180909 ], [ 109.367370970194202, 0.022119539884898 ], [ 109.368025190110473, 0.02193389013695 ], [ 109.368161139724862, 0.021895310120499 ], [ 109.368162020161151, 0.021895049317095 ], [ 109.368687431080161, 0.021737352297009 ], [ 109.36901493988762, 0.021639059994698 ], [ 109.369524039802627, 0.021489570187555 ], [ 109.36965797043905, 0.021452448871457 ], [ 109.369767020431709, 0.021422219959504 ], [ 109.370255870312235, 0.021286700221083 ], [ 109.37058997025099, 0.021179930009794 ], [ 109.370664941334041, 0.021128290937952 ], [ 109.370690170914713, 0.021110912438701 ], [ 109.370690730293006, 0.021110530226849 ], [ 109.370759520335639, 0.021081230314564 ], [ 109.370828609852538, 0.021051800000635 ], [ 109.370896829724984, 0.021042640405597 ], [ 109.37090816028342, 0.021041119652011 ], [ 109.371008920325494, 0.020998409948731 ], [ 109.371048420348359, 0.02098068970713 ], [ 109.371124279961634, 0.020946670152739 ], [ 109.371124410363336, 0.020946609898203 ], [ 109.371124789877229, 0.02093846024178 ], [ 109.371125760245718, 0.020917489850319 ], [ 109.371140705179471, 0.020736959942781 ], [ 109.371104549735264, 0.02061318984687 ], [ 109.37105959982074, 0.020459330233962 ], [ 109.371028940133556, 0.020205609901041 ], [ 109.370998439626362, 0.019953180095229 ], [ 109.370928510142676, 0.01954251007885 ], [ 109.370898909856862, 0.01935772008278 ], [ 109.370870240369356, 0.019178770284043 ], [ 109.37086013019092, 0.019155490433604 ], [ 109.370788660168614, 0.01899102961238 ], [ 109.370660460012289, 0.018779830125084 ], [ 109.3705789904281, 0.018627510151532 ], [ 109.370578869918972, 0.01862728981763 ], [ 109.370602180346395, 0.018474760302013 ], [ 109.370670459574114, 0.0183584401899 ], [ 109.370753699923398, 0.018216619801194 ], [ 109.370753779963024, 0.018216139563265 ], [ 109.370777010350821, 0.018075820143054 ], [ 109.370784970250213, 0.017963629717769 ], [ 109.370823640198921, 0.017418740382595 ], [ 109.37076860079037, 0.017040107814751 ], [ 109.370753709815915, 0.016937669637798 ], [ 109.370567319925954, 0.016578680062082 ], [ 109.370485649792954, 0.016421390434857 ], [ 109.370410759648905, 0.016289440105652 ], [ 109.370310618340397, 0.01611300121408 ], [ 109.370299179863309, 0.016092850104997 ], [ 109.370293489852713, 0.015966939622615 ], [ 109.370287520152999, 0.015834720396072 ], [ 109.370296368582615, 0.01581366366969 ], [ 109.370415730201842, 0.015529649673624 ], [ 109.370427540098945, 0.015440499879219 ], [ 109.370427569776609, 0.015440509771736 ], [ 109.370427579669126, 0.015440439624626 ], [ 109.370427549991518, 0.015440429732109 ], [ 109.370429232623053, 0.015427721412266 ], [ 109.370436509937065, 0.015372750352185 ], [ 109.370462350157368, 0.015177639736351 ], [ 109.370439049622519, 0.014837370448333 ], [ 109.370334150001099, 0.014497100260996 ], [ 109.370369120138832, 0.014344559953543 ], [ 109.370574390395859, 0.014245059861651 ], [ 109.370683790224803, 0.014192030437925 ], [ 109.370695459827687, 0.014051229880408 ], [ 109.370612220377723, 0.013852889799068 ], [ 109.370345819603926, 0.0132181500976 ], [ 109.370304600077304, 0.013087269961602 ], [ 109.370258220240714, 0.012939999681294 ], [ 109.370079249757623, 0.012560990297516 ], [ 109.369996170387026, 0.012385070314792 ], [ 109.370066109763229, 0.011986130155833 ], [ 109.370031150417333, 0.011681060332705 ], [ 109.369821360167691, 0.010812780185688 ], [ 109.369809529586178, 0.010779439619512 ], [ 109.369704809829159, 0.010484239855828 ], [ 109.36971501983237, 0.010404610284581 ], [ 109.369751429784742, 0.010120500061078 ], [ 109.369635070102447, 0.009910619879236 ], [ 109.369471719943988, 0.00961595970881 ], [ 109.369471870130781, 0.009615840099002 ], [ 109.369504019095245, 0.009591568296287 ], [ 109.369891300443214, 0.009299160028263 ], [ 109.370089430083169, 0.009205289692432 ], [ 109.370427419589817, 0.009170090227542 ], [ 109.3704528497193, 0.009154090389018 ], [ 109.370520660400246, 0.009111420255863 ], [ 109.370555080152883, 0.009042120297636 ], [ 109.370602249594185, 0.008947150090933 ], [ 109.370672779824986, 0.008692710300409 ], [ 109.370731590090884, 0.008480550337197 ], [ 109.37074211036014, 0.008442609738722 ], [ 109.370742476384237, 0.008440215743406 ], [ 109.370744570005968, 0.008426514572022 ], [ 109.37083535027125, 0.007832470092467 ], [ 109.370844359679495, 0.007700970323583 ], [ 109.370858659799353, 0.00749219990513 ], [ 109.37092802990469, 0.007298219737095 ], [ 109.370963560320092, 0.007198859939479 ], [ 109.371072460126015, 0.00710654003484 ], [ 109.371185000387527, 0.007011130059652 ], [ 109.371185119997335, 0.007010969980342 ], [ 109.371232889286489, 0.006948089382888 ], [ 109.371262280030237, 0.006909399649146 ], [ 109.371268719176101, 0.006900922639488 ], [ 109.371336519964473, 0.006811660429833 ], [ 109.371351410039608, 0.006736700138674 ], [ 109.371476379831108, 0.006107650447746 ], [ 109.371652559717916, 0.005231940102021 ], [ 109.371662859653327, 0.005180700329106 ], [ 109.371849350267382, 0.003948680387339 ], [ 109.372027569816566, 0.003495410384915 ], [ 109.37207079033476, 0.003385479955966 ], [ 109.372222309911706, 0.002505460058956 ], [ 109.372257270156979, 0.002059589678368 ], [ 109.372350510068031, 0.001824919684339 ], [ 109.372364349734994, 0.001692550271002 ], [ 109.372373819596135, 0.001601980447106 ], [ 109.372439149946899, 0.001442269844915 ], [ 109.372455409689451, 0.001402509917966 ], [ 109.372455499621651, 0.001402400200675 ], [ 109.372665090221801, 0.001121049996527 ], [ 109.372665199939092, 0.001120909702252 ], [ 109.372758439850202, 0.000804100129187 ], [ 109.372769382800811, 0.000775179730795 ], [ 109.37282183036325, 0.000636579814341 ], [ 109.372851679761254, 0.000557700277682 ], [ 109.372959940149201, 0.000495418628702 ], [ 109.37301485005537, 0.00046382994185 ], [ 109.373060409710206, 0.000413369881187 ], [ 109.373131400393902, 0.000334760141129 ], [ 109.3731326702366, 0.000307740010214 ], [ 109.373143050211638, 0.000088360289624 ], [ 109.373197479879877, -0.000279529876366 ], [ 109.373224630412437, -0.000463110284272 ], [ 109.373463949901407, -0.000760730123545 ], [ 109.373618650380479, -0.000953110397688 ], [ 109.373620899584921, -0.000955919879743 ], [ 109.373807380306403, -0.001061520073051 ], [ 109.373860930437672, -0.001123139821004 ], [ 109.374052139794458, -0.001343130181283 ], [ 109.374226959906309, -0.001436999617795 ], [ 109.374355169955209, -0.001601269782725 ], [ 109.37452883983417, -0.001768510408397 ], [ 109.37462322997817, -0.00185940039097 ], [ 109.374859980104077, -0.002042130040195 ], [ 109.37497288009439, -0.002129275245807 ], [ 109.375588740328169, -0.002176069669815 ], [ 109.375590590233628, -0.002176209964091 ], [ 109.375656309990802, -0.002214379889665 ], [ 109.375893620394322, -0.002352209986441 ], [ 109.376136070423399, -0.002596300378912 ], [ 109.3761616903098, -0.002622090237253 ], [ 109.376161659732873, -0.002622369926371 ], [ 109.376138379882377, -0.002868490088701 ], [ 109.375953097957165, -0.002943101442952 ], [ 109.3757887297661, -0.003009289746899 ], [ 109.375788840382711, -0.003010289792996 ], [ 109.37581204019358, -0.003208760276038 ], [ 109.376045139971268, -0.003455170020061 ], [ 109.376044759558056, -0.003457390446158 ], [ 109.375986860305431, -0.003795440207341 ], [ 109.375823690011373, -0.00405357980884 ], [ 109.375822910299121, -0.004057869574979 ], [ 109.375800379583893, -0.004182649609561 ], [ 109.37598070984194, -0.004440630031013 ], [ 109.376020590278074, -0.004497680323652 ], [ 109.376021830443165, -0.004499450189428 ], [ 109.376219960083176, -0.005039190006585 ], [ 109.376488020106081, -0.005391199943858 ], [ 109.376511329634241, -0.005754939738608 ], [ 109.376625789948321, -0.005923360274835 ], [ 109.376662840217989, -0.005977879875218 ], [ 109.377012490334209, -0.006282949698345 ], [ 109.377070770000103, -0.006576289663997 ], [ 109.377127260015072, -0.006775340209742 ], [ 109.377187230406435, -0.006986640421076 ], [ 109.377187320338635, -0.006986959680376 ], [ 109.377525309845225, -0.007280299646084 ], [ 109.377567899938697, -0.007298679990015 ], [ 109.377606899938542, -0.00731550990281 ], [ 109.377580965289383, -0.007383388932226 ], [ 109.377490339707492, -0.007620579725938 ], [ 109.377583579618545, -0.008136849935624 ], [ 109.377586443059954, -0.008145248704238 ], [ 109.377588451246083, -0.008151140162965 ], [ 109.377851639641506, -0.008923000396123 ], [ 109.377881439576811, -0.009223009734058 ], [ 109.377909920206719, -0.009509680327426 ], [ 109.377965525288801, -0.01075261983749 ], [ 109.377968100047838, -0.010810170153206 ], [ 109.377968180087521, -0.010812100098292 ], [ 109.37807966994086, -0.010876239746608 ], [ 109.37813135038158, -0.010905970434123 ], [ 109.37814301009189, -0.011070239699734 ], [ 109.378105250257136, -0.011127260314765 ], [ 109.378073780280772, -0.011174779592352 ], [ 109.37807307970894, -0.011175839893042 ], [ 109.377898249704515, -0.011199310399832 ], [ 109.377749949700501, -0.011362829630855 ], [ 109.377653500108977, -0.011469179858693 ], [ 109.377652980300866, -0.011470529741132 ], [ 109.377478670104608, -0.011926789989332 ], [ 109.377478670104608, -0.012149720233367 ], [ 109.377555150250032, -0.012235279934146 ], [ 109.377583559833454, -0.012267060176612 ], [ 109.377584860253137, -0.012266949560001 ], [ 109.377632220350733, -0.012262800088081 ], [ 109.377851629748989, -0.012243599562396 ], [ 109.378189040092195, -0.012114750095577 ], [ 109.378189620154899, -0.012114529761675 ], [ 109.378335820241944, -0.012158680178914 ], [ 109.378422719932644, -0.012184929590774 ], [ 109.378553510136442, -0.012448279864202 ], [ 109.378562579799279, -0.012466539699005 ], [ 109.378562569906762, -0.012466719563406 ], [ 109.378539559852868, -0.012744639753294 ], [ 109.378539270271176, -0.012748139914663 ], [ 109.378341129839328, -0.013041479880371 ], [ 109.378281410358852, -0.013091990303053 ], [ 109.378049750395746, -0.01328787973182 ], [ 109.377799479862176, -0.013502510132696 ], [ 109.377737090294545, -0.013556019794407 ], [ 109.377735070417202, -0.013557750090058 ], [ 109.37769834030621, -0.013636990254838 ], [ 109.377653480323943, -0.013733750112408 ], [ 109.377663399846085, -0.013760860175523 ], [ 109.377688019686445, -0.013828119571997 ], [ 109.377688189658272, -0.013828589917466 ], [ 109.377689568318999, -0.013832353580199 ], [ 109.377735070417202, -0.013956690249017 ], [ 109.377863269674208, -0.01403882982811 ], [ 109.377945959638396, -0.013938930437234 ], [ 109.378096370351273, -0.013757219719878 ], [ 109.378364440266751, -0.013581219697471 ], [ 109.378367880173585, -0.013579289752386 ], [ 109.378679120245238, -0.013405219675121 ], [ 109.378947190160773, -0.013452159789267 ], [ 109.379028380055729, -0.013580600064586 ], [ 109.379028770361515, -0.013581229590045 ], [ 109.379063739599985, -0.013968429999011 ], [ 109.379005459934092, -0.014203109885557 ], [ 109.378842289640033, -0.014449509737062 ], [ 109.378761370440941, -0.014563550067749 ], [ 109.378725740200821, -0.014613779901993 ], [ 109.378623159930953, -0.014661440373118 ], [ 109.378119669986859, -0.01489538011765 ], [ 109.377723399915055, -0.015071380140057 ], [ 109.377715324003077, -0.015091126554182 ], [ 109.377708180688046, -0.015108591388355 ], [ 109.377641819714256, -0.015270849769877 ], [ 109.377654779844249, -0.01529041991688 ], [ 109.377735059625365, -0.015411650327337 ], [ 109.37793319016464, -0.015493789906429 ], [ 109.378324690232319, -0.015516309829763 ], [ 109.378341110054237, -0.015517260413162 ], [ 109.378345649831942, -0.015519749736598 ], [ 109.378597520259405, -0.01565806007136 ], [ 109.37880168974624, -0.015807549878502 ], [ 109.378853929565253, -0.01584579984376 ], [ 109.378882140398503, -0.015894480146073 ], [ 109.378935519658569, -0.01598660040122 ], [ 109.378909840416839, -0.016022149702394 ], [ 109.37884227974746, -0.016115670201998 ], [ 109.378262842056586, -0.016578312938748 ], [ 109.378168010345462, -0.016654029559788 ], [ 109.378166280049868, -0.016655410019098 ], [ 109.378134110400936, -0.016759039797819 ], [ 109.378108000383975, -0.016843149791498 ], [ 109.378055089670738, -0.017162740068329 ], [ 109.378049729711336, -0.017195149836255 ], [ 109.378048899637065, -0.017205679998085 ], [ 109.378014759573546, -0.017641030109417 ], [ 109.378014759573546, -0.017847019824046 ], [ 109.378014759573546, -0.017875700103446 ], [ 109.377983429891458, -0.017973460007113 ], [ 109.377898200241816, -0.018239439898196 ], [ 109.377688390207084, -0.018435570345275 ], [ 109.377571859653642, -0.018544509721323 ], [ 109.377397029649273, -0.01886131030119 ], [ 109.377287490425431, -0.019236229568264 ], [ 109.377280730221571, -0.019259379916377 ], [ 109.377280480210061, -0.01926024956083 ], [ 109.377253049988326, -0.01932099966433 ], [ 109.377105650205635, -0.019647449969796 ], [ 109.377037280146396, -0.01987360967928 ], [ 109.377024060112319, -0.019917320328034 ], [ 109.377053975160891, -0.020354049999355 ], [ 109.377059554554876, -0.020435541167217 ], [ 109.377070670175328, -0.020597869695905 ], [ 109.377046151958382, -0.020681184688897 ], [ 109.377014250307468, -0.020789589867604 ], [ 109.376977430264276, -0.020914670275772 ], [ 109.37678498973554, -0.021155259607497 ], [ 109.376764610198677, -0.021180739199679 ], [ 109.376580269863609, -0.021411189574678 ], [ 109.3765511102456, -0.021477439931857 ], [ 109.376051278743603, -0.022710850225508 ], [ 109.376018735876016, -0.022696586078553 ], [ 109.375998463358485, -0.022687689984878 ], [ 109.375970990868609, -0.022675637270822 ], [ 109.375456089427018, -0.022449803115876 ], [ 109.375390841813953, -0.022421185789028 ], [ 109.37538336215249, -0.022407161761066 ], [ 109.375346748953348, -0.022338512911972 ], [ 109.375105352030459, -0.022239817713341 ], [ 109.374650486630742, -0.022053846008134 ], [ 109.374646892939836, -0.022052377415264 ], [ 109.374259745590848, -0.02189409133922 ], [ 109.374114070707833, -0.021834531938055 ], [ 109.373856489585364, -0.021729220427119 ], [ 109.373505471600311, -0.021585705715722 ], [ 109.372955939964697, -0.021361029887544 ], [ 109.372502401064992, -0.021175601372875 ], [ 109.372257431135608, -0.021075444775931 ], [ 109.372120112753066, -0.02101930189923 ], [ 109.372019933673073, -0.020978344075274 ], [ 109.37195842634037, -0.020953196332869 ], [ 109.371947775669355, -0.020948841815539 ], [ 109.371864044290248, -0.02091460822254 ], [ 109.371675885433831, -0.020837679315377 ], [ 109.37162587413485, -0.020817232329364 ], [ 109.371541011408624, -0.020782535585511 ], [ 109.371421753211393, -0.020733777042153 ], [ 109.371154862307094, -0.020624658700967 ], [ 109.371007024554615, -0.02059472926328 ], [ 109.370534938936316, -0.020499152913544 ], [ 109.370036171332288, -0.020398175235528 ], [ 109.369926718443367, -0.020376015940315 ], [ 109.369876055135876, -0.020365759172421 ], [ 109.369311485936407, -0.02025145983697 ], [ 109.369013509066235, -0.020191134213405 ], [ 109.368973995553517, -0.020183133844512 ], [ 109.368780821178007, -0.020153084796959 ], [ 109.368304603174977, -0.02007900584141 ], [ 109.368231014349874, -0.020067559270387 ], [ 109.367227078666815, -0.019911391097764 ], [ 109.367132732589596, -0.019896715061293 ], [ 109.366785706695055, -0.019842733255473 ], [ 109.366434249840836, -0.019788061669658 ], [ 109.365963597741882, -0.019714849660545 ], [ 109.365482141187954, -0.019731145375999 ], [ 109.365479719313669, -0.019731227214322 ], [ 109.365400810099345, -0.019733898200798 ], [ 109.364730094818071, -0.019756598887852 ] ] ] ] } },
{ "type": "Feature", "properties": { "OBJECTID_1": 902838, "kdprov": "61", "kdkab": "71", "kdkec": "031", "kddesa": "005", "nmprov": "KALIMANTAN BARAT", "nmkab": "KOTA PONTIANAK", "nmkec": "PONTIANAK KOTA", "nmdesa": "SUNGAI JAWI", "nmsls": "RT 004 RW 029", "RT": "RT 004 ", "RW": "RW 029", "KRW": "SJRW 029", "Puskesmas": "Pkm Pal Tiga" }, "geometry": { "type": "MultiPolygon", "coordinates": [ [ [ [ 109.31043443010492, -0.023034820200735 ], [ 109.31043940965111, -0.023032740068857 ], [ 109.310602230108884, -0.02296465959131 ], [ 109.310598059952554, -0.022953070028109 ], [ 109.310600200339024, -0.022952249846412 ], [ 109.310604429850628, -0.022963909556722 ], [ 109.310604984732322, -0.022963682927582 ], [ 109.310777829932988, -0.022892909879829 ], [ 109.31086022042291, -0.022859158323456 ], [ 109.311098059627795, -0.022761723075007 ], [ 109.311180450117718, -0.022727969719995 ], [ 109.311273666646457, -0.022699059214176 ], [ 109.31127776036044, -0.02269779027074 ], [ 109.311279680413008, -0.02269720031552 ], [ 109.311354569657738, -0.02267397982024 ], [ 109.311349099981044, -0.022660249870569 ], [ 109.31134999030985, -0.022659980073968 ], [ 109.311355309799751, -0.022673239678227 ], [ 109.311357448387582, -0.022672548099592 ], [ 109.311599970362408, -0.022594100237484 ], [ 109.311596009748087, -0.022583769725145 ], [ 109.31159633979928, -0.022583669900371 ], [ 109.311600699712585, -0.022594840379554 ], [ 109.31161376776123, -0.022590725981161 ], [ 109.311730050101801, -0.022554119976633 ], [ 109.311738820290373, -0.022551359957276 ], [ 109.311741861797543, -0.022550402179263 ], [ 109.312043712047739, -0.022455378912582 ], [ 109.312051810442767, -0.022452830233874 ], [ 109.312050609847802, -0.022449109738602 ], [ 109.312051049616286, -0.022448970343646 ], [ 109.312052549685461, -0.022453570375944 ], [ 109.312188689956145, -0.022410230247885 ], [ 109.31232103958439, -0.022378410435238 ], [ 109.312324359881359, -0.022367040306619 ], [ 109.312324389558967, -0.022367030414102 ], [ 109.31232437966645, -0.022366980052027 ], [ 109.312325719656315, -0.022362389912303 ], [ 109.312327948176346, -0.022361688441094 ], [ 109.312459911995404, -0.022320086702564 ], [ 109.312920244373856, -0.022174972097218 ], [ 109.313089959933791, -0.022121469630065 ], [ 109.313243219698904, -0.022079240164771 ], [ 109.313320589273815, -0.022057921735666 ], [ 109.313678076082397, -0.021959419891289 ], [ 109.31376368974253, -0.021935829774691 ], [ 109.313763199612026, -0.021934280242817 ], [ 109.313927961706156, -0.021888124337408 ], [ 109.314296374378216, -0.021784919038737 ], [ 109.31430718962514, -0.02178188922278 ], [ 109.314353590146141, -0.021768890421924 ], [ 109.314353459744439, -0.021768480331048 ], [ 109.314353814976641, -0.02176838140565 ], [ 109.314496649800617, -0.021728359775921 ], [ 109.314567769986638, -0.021706890260702 ], [ 109.314568189970032, -0.021708320182768 ], [ 109.314590230554757, -0.021702145437587 ], [ 109.31472021676467, -0.021665728290657 ], [ 109.314753759678354, -0.021656330375322 ], [ 109.314753819932889, -0.021656309690911 ], [ 109.314928380140714, -0.021607409953958 ], [ 109.314928610367133, -0.021607339806849 ], [ 109.314952702305447, -0.021600591294202 ], [ 109.315108269730899, -0.021557010147831 ], [ 109.315134449895027, -0.021549669881324 ], [ 109.315253011117647, -0.021516459716793 ], [ 109.315252959856252, -0.02151624028221 ], [ 109.31528338032382, -0.021507800144832 ], [ 109.315353139835622, -0.021488399969655 ], [ 109.315444632363949, -0.021462766593345 ], [ 109.315509049902801, -0.021444719897829 ], [ 109.315577635799286, -0.021428114815592 ], [ 109.315609169627521, -0.021420479571418 ], [ 109.315627790090502, -0.021415970370697 ], [ 109.315732939723432, -0.021390499771712 ], [ 109.315733070125134, -0.021390470094047 ], [ 109.315826588826098, -0.02136782336629 ], [ 109.315933680095327, -0.021341888717131 ], [ 109.31599016021778, -0.021328210028798 ], [ 109.315990889567956, -0.021328030164398 ], [ 109.316182383110572, -0.021281658421742 ], [ 109.316187330281139, -0.021280459625473 ], [ 109.316245127910406, -0.021266462577159 ], [ 109.316474619608073, -0.021210885373989 ], [ 109.316731364361033, -0.021148707147063 ], [ 109.3168576201831, -0.021118131096841 ], [ 109.316896979911746, -0.021108600081789 ], [ 109.317012076046524, -0.02108072739361 ], [ 109.317218239330316, -0.021030798832271 ], [ 109.317420329584593, -0.020981856827177 ], [ 109.317523461138876, -0.020956880855294 ], [ 109.317802234785347, -0.020889369648614 ], [ 109.317808100163745, -0.020887949619123 ], [ 109.31783737669366, -0.020880859364127 ], [ 109.317957550400706, -0.020851750108136 ], [ 109.318066287429303, -0.020826784928147 ], [ 109.318142671347289, -0.020809248148225 ], [ 109.318343329880804, -0.020763180376434 ], [ 109.318359407061052, -0.020760194627258 ], [ 109.318375969875149, -0.020757119845143 ], [ 109.318376649762627, -0.020757000235335 ], [ 109.318442451358123, -0.020744782945314 ], [ 109.318763484147553, -0.020685191168582 ], [ 109.318879083902686, -0.020663733344577 ], [ 109.318885509558697, -0.020662539944226 ], [ 109.318977357319227, -0.020645488798209 ], [ 109.319063951240423, -0.020629413416657 ], [ 109.319098628199185, -0.020622976069433 ], [ 109.319345330222859, -0.020577179892882 ], [ 109.319347224195099, -0.02057686692882 ], [ 109.319347330315111, -0.020576849841689 ], [ 109.319347316825258, -0.020576713144749 ], [ 109.319510160665459, -0.020546394300595 ], [ 109.319517500032646, -0.020545028230401 ], [ 109.31968380806137, -0.020514070867648 ], [ 109.319685639980378, -0.020513730024561 ], [ 109.31968567955056, -0.020514009713736 ], [ 109.31989940433408, -0.020473691307757 ], [ 109.320009320373913, -0.020452955639371 ], [ 109.320023449622568, -0.020450290048814 ], [ 109.32002235964427, -0.020443060398861 ], [ 109.320023449622568, -0.020450149754538 ], [ 109.320205264661297, -0.020413080599155 ], [ 109.320209680332539, -0.020412181277095 ], [ 109.32048547812235, -0.020355952065472 ], [ 109.320494760025213, -0.020354059891929 ], [ 109.320495199793697, -0.020354200186148 ], [ 109.320632660269098, -0.020326189901709 ], [ 109.320633299687074, -0.020326060399327 ], [ 109.320640921441452, -0.020324507270175 ], [ 109.32090871976169, -0.020269920220585 ], [ 109.320958999058632, -0.02026014458994 ], [ 109.320961929049872, -0.020259575319074 ], [ 109.320970693842526, -0.020257870204489 ], [ 109.321315674678715, -0.020190778981203 ], [ 109.321522354173339, -0.020150583782367 ], [ 109.321525150165598, -0.02015003969251 ], [ 109.321592229697728, -0.020136995925554 ], [ 109.321596889984562, -0.020136090308256 ], [ 109.321596229882175, -0.02013024021835 ], [ 109.321596889984562, -0.020135789934727 ], [ 109.321744609925872, -0.02010724005703 ], [ 109.321744629710963, -0.020107390243822 ], [ 109.321745568603149, -0.020107206782143 ], [ 109.322087081653535, -0.020040516656479 ], [ 109.32213094968364, -0.020031949714678 ], [ 109.322181440321287, -0.020022090447071 ], [ 109.322182979960644, -0.020021790073486 ], [ 109.322236432965042, -0.020011353441134 ], [ 109.322279783884994, -0.020002888122747 ], [ 109.322363050314607, -0.019986630178778 ], [ 109.322359579830788, -0.019957850074661 ], [ 109.322363189709506, -0.019986769573734 ], [ 109.322447889658463, -0.019970380328743 ], [ 109.322845050059072, -0.019893487394484 ], [ 109.322977469834427, -0.019867850420894 ], [ 109.322978920440903, -0.019867569832456 ], [ 109.323131026375847, -0.019838127827313 ], [ 109.323158292920937, -0.019832849706177 ], [ 109.323158310008068, -0.019832990000452 ], [ 109.32326375012201, -0.019812609564212 ], [ 109.323465629934958, -0.019773589779277 ], [ 109.323472169804859, -0.019772328030456 ], [ 109.323490710228157, -0.019768749628042 ], [ 109.323504709974429, -0.01976666140223 ], [ 109.323517920115989, -0.019764690088323 ], [ 109.323721841389954, -0.019734251634361 ], [ 109.323721919630941, -0.019734239943148 ], [ 109.323721460077365, -0.019730010431601 ], [ 109.323721860275668, -0.019729940284492 ], [ 109.323722360298746, -0.019734540316733 ], [ 109.323809660187749, -0.019721760051141 ], [ 109.324129620985275, -0.019674372074576 ], [ 109.324129861104268, -0.019674336101673 ], [ 109.324167190163735, -0.019668809767722 ], [ 109.324167269304098, -0.019668798076509 ], [ 109.324167845769523, -0.019668712640907 ], [ 109.32437562243706, -0.019638129396128 ], [ 109.324375687188251, -0.019638118604234 ], [ 109.324375765429295, -0.019638107812398 ], [ 109.324376916561505, -0.019637937840514 ], [ 109.324461479813522, -0.019625490324074 ], [ 109.324513660277262, -0.019617809214481 ], [ 109.324545040321425, -0.019613190296468 ], [ 109.324545099676698, -0.019613630064953 ], [ 109.324727400349332, -0.019585969616742 ], [ 109.324890921378994, -0.019551966250219 ], [ 109.324895470149897, -0.019551020163419 ], [ 109.32489559965228, -0.019550760259335 ], [ 109.324895650014298, -0.019550979693918 ], [ 109.32490239043301, -0.01954958034878 ], [ 109.325329479372044, -0.019460772296782 ], [ 109.325330689859527, -0.019460519587255 ], [ 109.325486643094166, -0.019428083739001 ], [ 109.325560370414848, -0.019412750298159 ], [ 109.325613520347758, -0.01940170032816 ], [ 109.325613450200649, -0.019401210197657 ], [ 109.325680500055114, -0.019387670004903 ], [ 109.325688476142318, -0.019386224794403 ], [ 109.325792030377954, -0.019367460439923 ], [ 109.325792167074894, -0.019367435258857 ], [ 109.325855196060502, -0.019356013868901 ], [ 109.326025119363806, -0.019311536098485 ], [ 109.326005973696795, -0.019206488088912 ], [ 109.326025665252303, -0.01931136972388 ], [ 109.326025997102136, -0.0193113256571 ], [ 109.32602600519607, -0.01931136972388 ], [ 109.326028428868938, -0.019311045068605 ], [ 109.326165895639633, -0.019292641342304 ], [ 109.326316640000982, -0.019272459656236 ], [ 109.32631747816913, -0.019272260906064 ], [ 109.326436471066359, -0.019252153863761 ], [ 109.326439904677898, -0.019251573801057 ], [ 109.326497796735964, -0.019241790975798 ], [ 109.326513945861961, -0.019238862783254 ], [ 109.326514037592801, -0.019238845696123 ], [ 109.326521269940713, -0.019237289869011 ], [ 109.326561490320557, -0.019229490048872 ], [ 109.326511979943973, -0.019468650357908 ], [ 109.326484806928363, -0.019601287769149 ], [ 109.326484799733805, -0.019601320144773 ], [ 109.326400369581449, -0.020008730118775 ], [ 109.326262139286371, -0.020675825628814 ], [ 109.326227929975062, -0.02084091957272 ], [ 109.326225619616707, -0.020852049582402 ], [ 109.326225354316705, -0.020853335612912 ], [ 109.326196360173924, -0.020993270123256 ], [ 109.326194852010872, -0.021000543839989 ], [ 109.326190430044392, -0.021021880255546 ], [ 109.32613618024061, -0.021283680097724 ], [ 109.326050369628888, -0.02179999977011 ], [ 109.326020430298684, -0.021982810358338 ], [ 109.326025630178776, -0.021981619655946 ], [ 109.32602556003161, -0.021982009961732 ], [ 109.326020670417677, -0.021983140409532 ], [ 109.326020204568863, -0.021985818590622 ], [ 109.325962799943341, -0.022316629708655 ], [ 109.325964479876916, -0.022316160262562 ], [ 109.32596427213349, -0.022317171100497 ], [ 109.325947810942807, -0.022397294399582 ], [ 109.325938609978948, -0.022442079738141 ], [ 109.325867115674896, -0.022790185718463 ], [ 109.325866999662367, -0.022790749593355 ], [ 109.325864610163705, -0.022791489735425 ], [ 109.325859709757879, -0.022818619583575 ], [ 109.32585787963751, -0.022832259601046 ], [ 109.325854689742187, -0.022855999904436 ], [ 109.325854650172005, -0.022855990011863 ], [ 109.325836339975183, -0.022946620090408 ], [ 109.32581973039629, -0.023116400401534 ], [ 109.325814790420281, -0.023153199760316 ], [ 109.325806301719524, -0.02325096056336 ], [ 109.325805840367309, -0.023256285449179 ], [ 109.325805809790324, -0.023256629889488 ], [ 109.325795160018686, -0.023379390046784 ], [ 109.325781189950021, -0.023505949839659 ], [ 109.325782479577811, -0.02350571961324 ], [ 109.325780620679154, -0.023523799583643 ], [ 109.325768809882732, -0.023638730243135 ], [ 109.325766530101362, -0.023719400330037 ], [ 109.325765540847101, -0.023799888753842 ], [ 109.325765539947781, -0.023799979585363 ], [ 109.32576538526439, -0.023804710019306 ], [ 109.325757548572085, -0.02404315896456 ], [ 109.325755999939531, -0.024090279842483 ], [ 109.325755740035447, -0.024090510068959 ], [ 109.325756060194067, -0.024090379667257 ], [ 109.325866792818317, -0.024301154674504 ], [ 109.325986229980572, -0.024528499690462 ], [ 109.325986339697863, -0.024528710131847 ], [ 109.326028061945578, -0.024609278595278 ], [ 109.326029720295423, -0.024612480181759 ], [ 109.326075976924869, -0.024701810739941 ], [ 109.326081339582231, -0.024712170030568 ], [ 109.326088749995904, -0.024726480043 ], [ 109.326102020392, -0.024746239946978 ], [ 109.326104360427962, -0.024749720323314 ], [ 109.326107560215803, -0.024754480434865 ], [ 109.326132379705598, -0.024791439873013 ], [ 109.326137430298218, -0.02479943034939 ], [ 109.326141919713905, -0.024806540389477 ], [ 109.326153080300458, -0.024829199707767 ], [ 109.326153699933343, -0.024830220438275 ], [ 109.326153629786234, -0.024830330155567 ], [ 109.3261549203134, -0.024832930095613 ], [ 109.326165630339631, -0.024854809701651 ], [ 109.32570093984657, -0.025158550326807 ], [ 109.325700160134318, -0.025159060242402 ], [ 109.325502070064545, -0.025288530241426 ], [ 109.325483650150375, -0.025305469871512 ], [ 109.325446852590233, -0.025339293373634 ], [ 109.325368650243092, -0.025411179782054 ], [ 109.324939359763675, -0.025662300174986 ], [ 109.324822980296346, -0.025733789982382 ], [ 109.324738989912532, -0.025787660272272 ], [ 109.324424798265909, -0.025989193846158 ], [ 109.324271739948927, -0.026087370135997 ], [ 109.323355540325963, -0.026696632943185 ], [ 109.323355499856518, -0.026696659922891 ], [ 109.323304911192736, -0.02660524923283 ], [ 109.323304060434111, -0.026603709593473 ], [ 109.323303420116815, -0.026602560259903 ], [ 109.32330318719238, -0.02660241187175 ], [ 109.323256140058902, -0.026635220039338 ], [ 109.322860879925713, -0.026895160083541 ], [ 109.322858699969117, -0.026906130013856 ], [ 109.322856729554474, -0.026912089821053 ], [ 109.322774429896072, -0.026962670390901 ], [ 109.322263380250831, -0.02727559039613 ], [ 109.321943530069916, -0.027473429555073 ], [ 109.321939832057637, -0.027475782181568 ], [ 109.321819609787212, -0.027552249736516 ], [ 109.321341739729576, -0.027849460384232 ], [ 109.321208620281652, -0.027934039824004 ], [ 109.321068307156736, -0.028021745307228 ], [ 109.32103908008952, -0.028040009638687 ], [ 109.320309710125059, -0.028512300302395 ], [ 109.320321979575738, -0.028504659662246 ], [ 109.320309699333222, -0.028512502649846 ], [ 109.320250999683935, -0.028419760063855 ], [ 109.320240789680781, -0.028406680323997 ], [ 109.320223143183568, -0.028385175735252 ], [ 109.319558751035572, -0.027575559264619 ], [ 109.319522817723907, -0.027531776670116 ], [ 109.319522790744259, -0.027531723610082 ], [ 109.319515721173673, -0.027532756031803 ], [ 109.319510274879349, -0.027533548334532 ], [ 109.319508076036925, -0.027533867593888 ], [ 109.319507212687768, -0.027533992599615 ], [ 109.319080833313876, -0.027595992760837 ], [ 109.319064689583797, -0.027598339991357 ], [ 109.319033061326763, -0.02760293462768 ], [ 109.319030777048795, -0.027603267376833 ], [ 109.31878913011434, -0.027638369714964 ], [ 109.318791517814361, -0.027660570378998 ], [ 109.318794715803563, -0.02769031365699 ], [ 109.318797013571384, -0.027711688743409 ], [ 109.318799510089377, -0.027734901144697 ], [ 109.31884155969027, -0.028126119724618 ], [ 109.318841660414364, -0.028126599962548 ], [ 109.318852410010777, -0.028227020060854 ], [ 109.318862139776002, -0.028317589884807 ], [ 109.317664747330298, -0.028463601114254 ], [ 109.31739729255105, -0.02849621412895 ], [ 109.317063560435031, -0.028536910250182 ], [ 109.315959090439719, -0.028671590021816 ], [ 109.315683619103822, -0.028705185096157 ], [ 109.31568358043296, -0.028705189592756 ], [ 109.315683072316006, -0.028817856658691 ], [ 109.315683071416686, -0.028818050012944 ], [ 109.315681875318376, -0.029083535276868 ], [ 109.315681232303064, -0.029226412368985 ], [ 109.315679799683096, -0.029544377570915 ], [ 109.315679760112914, -0.029553309637492 ], [ 109.315679709750839, -0.029553309637492 ], [ 109.315679709750839, -0.029560040163688 ], [ 109.315672599710751, -0.030633749747722 ], [ 109.315672599710751, -0.030634470104644 ], [ 109.315672589818234, -0.030637570067768 ], [ 109.315672588918915, -0.03063813304334 ], [ 109.315671414404335, -0.031151757447617 ], [ 109.315670405364983, -0.031592822750497 ], [ 109.315669739866678, -0.031883409891407 ], [ 109.315669737168719, -0.03188403761817 ], [ 109.315668329729704, -0.032194780364762 ], [ 109.31566790974631, -0.032374019745191 ], [ 109.315667902551695, -0.032378029822155 ], [ 109.315667889961219, -0.032385590422621 ], [ 109.315667620164618, -0.032497670231237 ], [ 109.315687620187589, -0.032562360264649 ], [ 109.315750084398928, -0.032764447820966 ], [ 109.315757160264809, -0.032787340063635 ], [ 109.315768610433111, -0.032824380440729 ], [ 109.315840976180141, -0.03300147224013 ], [ 109.315840999562568, -0.033001529796707 ], [ 109.315851310289816, -0.033014030373181 ], [ 109.315859039962788, -0.033006639744599 ], [ 109.315859090324807, -0.033006739569316 ], [ 109.315851550408809, -0.033014509711791 ], [ 109.31584059127033, -0.033001829270972 ], [ 109.315840540008992, -0.0330017699157 ], [ 109.315833259997021, -0.033009590420193 ], [ 109.31516427860862, -0.03371783890708 ], [ 109.315153964284093, -0.033728760274016 ], [ 109.31484852483959, -0.03405212770349 ], [ 109.314471750271139, -0.034451020198389 ], [ 109.31446706120596, -0.034455985355407 ], [ 109.314443352378873, -0.034481091728935 ], [ 109.314439190316421, -0.034485500205619 ], [ 109.314415959928681, -0.034510090368315 ], [ 109.314375930205074, -0.03455522014724 ], [ 109.314336818689299, -0.034599319303084 ], [ 109.313994616758237, -0.034985155440552 ], [ 109.313595504828754, -0.035435157306608 ], [ 109.313594270059582, -0.035436550356451 ], [ 109.313604349661091, -0.035445110103694 ], [ 109.313604300198335, -0.035445170358287 ], [ 109.313593719674486, -0.035436339915123 ], [ 109.313115550142584, -0.035976380105808 ], [ 109.313113497889674, -0.0359786967594 ], [ 109.313110408718444, -0.035982186128933 ], [ 109.313108670328916, -0.035984150248282 ], [ 109.31310861007438, -0.03598408999369 ], [ 109.313008350055384, -0.036097099701351 ], [ 109.312939569905268, -0.03617478044174 ], [ 109.31265568990824, -0.036495510159625 ], [ 109.312385979629312, -0.036808899611003 ], [ 109.312386020098813, -0.036808940080448 ], [ 109.312383294253664, -0.036812106593402 ], [ 109.312223400189851, -0.036997880447757 ], [ 109.312204179879075, -0.037020219607427 ], [ 109.312061140009689, -0.037186499757127 ], [ 109.31189022025751, -0.037385210359105 ], [ 109.311730870283498, -0.037570379869067 ], [ 109.311480640219429, -0.03786122961202 ], [ 109.311333539911004, -0.038032250088236 ], [ 109.311315549872802, -0.038053150332587 ], [ 109.311305519733992, -0.038064810042897 ], [ 109.311305222957742, -0.038065155382583 ], [ 109.31121487526633, -0.038170119755193 ], [ 109.311098920278994, -0.03830485978142 ], [ 109.311076639575333, -0.038330799826497 ], [ 109.311046413361339, -0.038365931842236 ], [ 109.311021240437981, -0.0383951903857 ], [ 109.310884789901195, -0.038553790325125 ], [ 109.310329971151305, -0.039205811399029 ], [ 109.309804186114377, -0.039823714892464 ], [ 109.309798139972258, -0.039830820435952 ], [ 109.309331381937795, -0.040379357421386 ], [ 109.309263000187343, -0.040459719940088 ], [ 109.309268770237622, -0.04058155019834 ], [ 109.309269049926797, -0.040587310356045 ], [ 109.309075430386883, -0.040798949611769 ], [ 109.30905054974312, -0.0408269302186 ], [ 109.308925338033987, -0.040963551626533 ], [ 109.308673517968543, -0.041238319692638 ], [ 109.308671300240349, -0.041240739768284 ], [ 109.308333649778149, -0.041656810213567 ], [ 109.308280239941155, -0.041720080217488 ], [ 109.308281239987309, -0.04172079967509 ], [ 109.308150619755338, -0.041880309728469 ], [ 109.308114580323661, -0.041921999600561 ], [ 109.307946190364476, -0.042116790057776 ], [ 109.307945649871897, -0.042116440221491 ], [ 109.307910320005305, -0.042158290172893 ], [ 109.307693183193919, -0.042410332370878 ], [ 109.307692611225093, -0.042410996070544 ], [ 109.307677266992357, -0.042428807143665 ], [ 109.307316110050522, -0.042848029712729 ], [ 109.307083190137178, -0.043118409986562 ], [ 109.307065780161679, -0.04317681016164 ], [ 109.306677100367949, -0.043626490070437 ], [ 109.306550820264192, -0.043527630295841 ], [ 109.306481919604948, -0.043593820398428 ], [ 109.306260850058266, -0.043815169634343 ], [ 109.306260070346013, -0.043815960138375 ], [ 109.306255740110373, -0.043812979785116 ], [ 109.306052329651379, -0.044014499869206 ], [ 109.305672661064534, -0.044383825353236 ], [ 109.305663259551864, -0.044392969659782 ], [ 109.304919350247872, -0.045116610043465 ], [ 109.304882210046003, -0.045152740306662 ], [ 109.304721170245898, -0.045309400408428 ], [ 109.304660269955548, -0.045368639650974 ], [ 109.304360669809114, -0.045593239936011 ], [ 109.304355100307703, -0.045597990155102 ], [ 109.304343140223807, -0.045606989670773 ], [ 109.304343019714622, -0.045607079602973 ], [ 109.304327422772417, -0.04561880766181 ], [ 109.304153770879907, -0.045486977841733 ], [ 109.304561829265083, -0.045212484968147 ], [ 109.304284725659613, -0.042945126816107 ], [ 109.303782003736558, -0.042095411374078 ], [ 109.303782039709404, -0.042095387991708 ], [ 109.302561377305778, -0.039923517156524 ], [ 109.301957630939967, -0.039049345550836 ], [ 109.301296365734743, -0.038091896723586 ], [ 109.301078962724034, -0.038271254814504 ], [ 109.300410449882406, -0.037173370554569 ], [ 109.300410088354965, -0.03717352883524 ], [ 109.297953883365096, -0.038251637003384 ], [ 109.297839746806915, -0.038022005910818 ], [ 109.296115491936462, -0.035831493928242 ], [ 109.295777192163769, -0.035401697130567 ], [ 109.295777137305095, -0.035401633278695 ], [ 109.294689859649338, -0.033916518032811 ], [ 109.294135745967935, -0.03315965669276 ], [ 109.294554247280757, -0.032838988128731 ], [ 109.29439065070801, -0.03259981073262 ], [ 109.294098542813572, -0.032172749672611 ], [ 109.294098690302349, -0.032172630062803 ], [ 109.294109629655736, -0.032163680009774 ], [ 109.294399900235248, -0.031926119594686 ], [ 109.294685559990683, -0.031693910145805 ], [ 109.295358389578098, -0.031183490026024 ], [ 109.296437850326583, -0.03038776987961 ], [ 109.296540210262549, -0.030311969621664 ], [ 109.296539780386638, -0.030311340096205 ], [ 109.296540180584941, -0.030311046017914 ], [ 109.296805268348521, -0.030116833824763 ], [ 109.296907970026837, -0.030041590247151 ], [ 109.296940360009671, -0.030017869728852 ], [ 109.296997779923686, -0.029979500153786 ], [ 109.297154508373922, -0.029874794785883 ], [ 109.297650409838582, -0.029543499832585 ], [ 109.29776661034083, -0.029465249821385 ], [ 109.297828087096605, -0.029423852228945 ], [ 109.298152790019287, -0.029205200059891 ], [ 109.298152920420989, -0.029205399709383 ], [ 109.298735059675323, -0.028804349740881 ], [ 109.298742815428625, -0.02879900686861 ], [ 109.298891399618469, -0.028696639738087 ], [ 109.299252079919597, -0.028448159754703 ], [ 109.299792781112046, -0.028073834040185 ], [ 109.300242190324866, -0.027762709981005 ], [ 109.300280273016256, -0.027737495688825 ], [ 109.300524529783274, -0.027575779598521 ], [ 109.301280339815889, -0.027058840293193 ], [ 109.301743533837055, -0.02682569015343 ], [ 109.301826079909745, -0.026784139676238 ], [ 109.302033090354882, -0.026679939727387 ], [ 109.302153793762614, -0.026619184227911 ], [ 109.302458279925759, -0.026465919966199 ], [ 109.30273917237497, -0.02632453395006 ], [ 109.303024510173088, -0.026180910420635 ], [ 109.303457218975552, -0.025981097249769 ], [ 109.303458733433843, -0.025980397577257 ], [ 109.303476999563941, -0.025971960137781 ], [ 109.3034800698494, -0.025970544604888 ], [ 109.303531526358938, -0.025946815992711 ], [ 109.304008104090769, -0.025727045966335 ], [ 109.304191968684449, -0.025642257883874 ], [ 109.304197709956384, -0.025639611179088 ], [ 109.304233279042649, -0.025623209343564 ], [ 109.304609074249413, -0.025449919877872 ], [ 109.304624170269278, -0.025442959125201 ], [ 109.304915439096305, -0.025308645377606 ], [ 109.304931410156541, -0.02530127993009 ], [ 109.304941282913944, -0.025296723065253 ], [ 109.305177952100848, -0.025193649966923 ], [ 109.305184150228399, -0.025190951101479 ], [ 109.30540765603854, -0.025093611181148 ], [ 109.305412550149128, -0.025091478888612 ], [ 109.305796858338397, -0.024924106961919 ], [ 109.305808929938223, -0.02491884862593 ], [ 109.305979054689658, -0.024844757079848 ], [ 109.306240439045098, -0.024730919995932 ], [ 109.30670760986834, -0.024527460074182 ], [ 109.306729580305955, -0.024517890388267 ], [ 109.306911079682664, -0.024447360157524 ], [ 109.306914710245735, -0.024445932034098 ], [ 109.307221411439059, -0.024325293377558 ], [ 109.30750836981548, -0.024212420366837 ], [ 109.30768172583106, -0.024143438768647 ], [ 109.307821797937663, -0.024087702385486 ], [ 109.308415544741649, -0.023851442390082 ], [ 109.308564149615847, -0.023792310166925 ], [ 109.308569241577288, -0.023790235430965 ], [ 109.30870615166765, -0.023734493651887 ], [ 109.308707875668006, -0.023733792180735 ], [ 109.30875008085161, -0.023716612431656 ], [ 109.308763989766362, -0.023710950300085 ], [ 109.308746499751237, -0.023663820428908 ], [ 109.308764720015859, -0.023712429684849 ], [ 109.308767603242359, -0.023711276754 ], [ 109.309176587929244, -0.023547735939189 ], [ 109.309389820783679, -0.023462471216021 ], [ 109.309386799960919, -0.02347187992325 ], [ 109.309394669028791, -0.023468565022199 ], [ 109.309688839068713, -0.023344659128668 ], [ 109.309691671933194, -0.023343465728317 ], [ 109.309854038233311, -0.023275074984667 ], [ 109.310085263823908, -0.0231776793064 ], [ 109.310088534658234, -0.02317630064573 ], [ 109.310104420282812, -0.02316960968966 ], [ 109.310105690125567, -0.023169050311367 ], [ 109.31036197982155, -0.023063770276735 ], [ 109.310359340311379, -0.023057049643057 ], [ 109.310360260317793, -0.023056650344074 ], [ 109.310363450213117, -0.023064510418749 ], [ 109.310378459898061, -0.023058231352252 ], [ 109.310431173659822, -0.02303618177433 ], [ 109.31043443010492, -0.023034820200735 ] ] ] ] } }
]
}
