{
"type": "FeatureCollection",
"name": "PuskesmasKotang",
"crs": { "type": "name", "properties": { "name": "urn:ogc:def:crs:OGC:1.3:CRS84" } },
"features": [
{ "type": "Feature", "properties": { "ID": 24, "KECAMATAN": "Benda", "PUSKESMAS": "Benda", "KELURAHAN": "Benda", "AREA": 2980654.5030629998, "PERIMETER": 11879.217132, "REGENCY": "Kota Tangerang", "HECTARES": 298.065, "X_COORD": 106.6849, "Y_COORD": -6.11072 }, "geometry": { "type": "MultiPolygon", "coordinates": [ [ [ [ 106.671926867665434, -6.103318660247046 ], [ 106.672307947410857, -6.10331741537038 ], [ 106.672670210187079, -6.103393940790343 ], [ 106.672590546798006, -6.102721211851477 ], [ 106.672926227848635, -6.102564866424586 ], [ 106.673778840698404, -6.102329262654995 ], [ 106.674580458489189, -6.102326769548847 ], [ 106.674928625637364, -6.102028023996855 ], [ 106.67539375903749, -6.101923041904026 ], [ 106.675495183466268, -6.101275634357658 ], [ 106.675493093317471, -6.100602665281797 ], [ 106.675465386025451, -6.100007426923976 ], [ 106.675464019673626, -6.099567408656657 ], [ 106.675307582965559, -6.099153756443811 ], [ 106.675383872639884, -6.098739380262763 ], [ 106.675562953136193, -6.09811761493865 ], [ 106.675795759254285, -6.098142774408102 ], [ 106.67623519150618, -6.098089639819372 ], [ 106.676621459524569, -6.097570764413681 ], [ 106.676774519319494, -6.096897312801596 ], [ 106.677136375267764, -6.096844419199984 ], [ 106.677187544527172, -6.096879230334563 ], [ 106.67762872932299, -6.097179373833219 ], [ 106.678483503309451, -6.097642616987824 ], [ 106.679726476199718, -6.098208182500461 ], [ 106.68105959256755, -6.098656986858356 ], [ 106.682353801746004, -6.099067083453628 ], [ 106.683259732736161, -6.09934897222839 ], [ 106.68413924041414, -6.099449756896538 ], [ 106.685407108494999, -6.099704626068038 ], [ 106.686468352820498, -6.100037789654052 ], [ 106.687684424264276, -6.100266931475978 ], [ 106.687890768102733, -6.100303441803844 ], [ 106.688071479725494, -6.100513142348123 ], [ 106.688235362466841, -6.100967952912905 ], [ 106.688107736982786, -6.10171638598458 ], [ 106.688078502689706, -6.10275721908125 ], [ 106.688212033178331, -6.10389511111181 ], [ 106.688345055612913, -6.104870388694595 ], [ 106.688753903420292, -6.105730969304543 ], [ 106.689177520832487, -6.10611991721213 ], [ 106.690087803550895, -6.106279673914716 ], [ 106.691128564165936, -6.106601634334515 ], [ 106.693012786381246, -6.106498138234821 ], [ 106.694282217568968, -6.107209648932438 ], [ 106.694933896232058, -6.107793010703739 ], [ 106.69591100730365, -6.108537960281506 ], [ 106.696856755797725, -6.10964075948166 ], [ 106.697938158948801, -6.110537009922367 ], [ 106.698029542367834, -6.110612746830127 ], [ 106.698550747940672, -6.111033899110334 ], [ 106.698356718807048, -6.11132721908455 ], [ 106.697676846319226, -6.112109918807948 ], [ 106.697126325510808, -6.112697071646321 ], [ 106.696834408571107, -6.112860608514509 ], [ 106.69563281242398, -6.113059539483475 ], [ 106.692369132324302, -6.11363898188829 ], [ 106.691589725904237, -6.113771528570507 ], [ 106.689235817689323, -6.11434808903141 ], [ 106.689206387466172, -6.115323875679636 ], [ 106.68927443514437, -6.11629935574194 ], [ 106.689276681500829, -6.117014857625084 ], [ 106.689311216463992, -6.117665211645019 ], [ 106.689475517936557, -6.118250111057584 ], [ 106.689786905366702, -6.119110993928973 ], [ 106.689757784852191, -6.120184348640437 ], [ 106.689759828874784, -6.120834804641808 ], [ 106.689761259822291, -6.121290123833198 ], [ 106.689371959341685, -6.121486488230168 ], [ 106.689145531433653, -6.121812432291912 ], [ 106.688628915126372, -6.12285479866545 ], [ 106.68824124753219, -6.123571527811824 ], [ 106.687987188020173, -6.124238944406752 ], [ 106.687829745774934, -6.124255607944209 ], [ 106.687416477341486, -6.124409482857121 ], [ 106.686937537860885, -6.124454582104161 ], [ 106.686589255429311, -6.124499270126766 ], [ 106.686153731241774, -6.12450063939838 ], [ 106.685643308328352, -6.124587437640177 ], [ 106.685587845918022, -6.124596869083017 ], [ 106.685587071072149, -6.124349845588206 ], [ 106.685347862465534, -6.120983051956063 ], [ 106.685255566829838, -6.119326814438758 ], [ 106.685251469430767, -6.118019042488362 ], [ 106.685162931785655, -6.117561595646531 ], [ 106.684922918565178, -6.117409773876868 ], [ 106.684465282583304, -6.117302227481039 ], [ 106.683790569422172, -6.117413325632024 ], [ 106.683072508395696, -6.117589948190877 ], [ 106.682289732150792, -6.117962940689358 ], [ 106.682049923632022, -6.11787650617096 ], [ 106.681775577444981, -6.117190777249474 ], [ 106.681489629013242, -6.116276221511965 ], [ 106.681094189697831, -6.115165839838226 ], [ 106.680634037479862, -6.114251828023477 ], [ 106.679548006761578, -6.11165054471824 ], [ 106.678977963597561, -6.110409925842004 ], [ 106.678671133569694, -6.109778785734822 ], [ 106.679236622239358, -6.109559055010564 ], [ 106.679563257486976, -6.109558034786117 ], [ 106.679628176774557, -6.109427053098243 ], [ 106.679823818013446, -6.109317459519019 ], [ 106.680411285061368, -6.109163048573907 ], [ 106.680868029742214, -6.108987249247483 ], [ 106.682086172435405, -6.108569307441204 ], [ 106.683347863733999, -6.108151227070719 ], [ 106.683782966655301, -6.108019086365487 ], [ 106.683782285560568, -6.10780112412117 ], [ 106.683759897041398, -6.107605026269836 ], [ 106.683518663609462, -6.107060870387427 ], [ 106.683189579963511, -6.106277228242024 ], [ 106.682817082659, -6.105537314302964 ], [ 106.682049364390281, -6.103752405349408 ], [ 106.681325542959158, -6.102076339057854 ], [ 106.680842885297551, -6.100922633141331 ], [ 106.680364371387398, -6.101098498582161 ], [ 106.679081254748894, -6.101625617482044 ], [ 106.678037257439783, -6.102021209636844 ], [ 106.677102135228708, -6.102416460977292 ], [ 106.676036629553778, -6.102899303165517 ], [ 106.673448798767765, -6.104018979286641 ], [ 106.672666164428051, -6.104435547068 ], [ 106.671883325873992, -6.104786724953832 ], [ 106.671317836570907, -6.105006447429946 ], [ 106.671264221046357, -6.104987941085568 ], [ 106.671252152506298, -6.104744299875419 ], [ 106.671354464318895, -6.104381609925009 ], [ 106.671534352320137, -6.104018679039993 ], [ 106.671507129536394, -6.103578740261534 ], [ 106.671868349279208, -6.103318781070769 ], [ 106.671926867665434, -6.103318660247046 ] ] ] ] } },
{ "type": "Feature", "properties": { "ID": 73, "KECAMATAN": "Benda", "PUSKESMAS": "Jurumudi Baru", "KELURAHAN": "Belendung", "AREA": 2874508.9475759999, "PERIMETER": 8795.779854, "REGENCY": "Kota Tangerang", "HECTARES": 287.451, "X_COORD": 106.66139, "Y_COORD": -6.14491 }, "geometry": { "type": "MultiPolygon", "coordinates": [ [ [ [ 106.649512789576022, -6.142688852861654 ], [ 106.650093097167343, -6.142493255228425 ], [ 106.650642218825254, -6.142196638827743 ], [ 106.651269673037049, -6.141821134369322 ], [ 106.651779808379601, -6.141622944766092 ], [ 106.652545495524919, -6.141482949714781 ], [ 106.652976872382609, -6.141226018140508 ], [ 106.653958579886606, -6.141065692340566 ], [ 106.654821998372469, -6.140768100824235 ], [ 106.655371600405473, -6.140628770584498 ], [ 106.655960550372299, -6.140508979482267 ], [ 106.656510151547124, -6.140369648222099 ], [ 106.657393271064421, -6.140091653624675 ], [ 106.657844469799883, -6.139893641814068 ], [ 106.658315251048435, -6.139675907628398 ], [ 106.659050826792352, -6.13932955321295 ], [ 106.659560650813063, -6.139033051623014 ], [ 106.660050647843235, -6.138677627069657 ], [ 106.660560592320635, -6.138420447200365 ], [ 106.660697976313472, -6.138380698176555 ], [ 106.661287652231195, -6.138496836282595 ], [ 106.66168070862058, -6.13855460011625 ], [ 106.661955963899686, -6.138632390833181 ], [ 106.662073825971078, -6.138632024804701 ], [ 106.662151486370874, -6.138336863281201 ], [ 106.66226751974952, -6.137746662272127 ], [ 106.662404476654629, -6.137569284740973 ], [ 106.662777400861032, -6.137469819646904 ], [ 106.663032585085148, -6.137410042836391 ], [ 106.663287464302314, -6.137251960141976 ], [ 106.663601274168727, -6.137093694225969 ], [ 106.663934849418183, -6.136974689415573 ], [ 106.664425390129068, -6.13679621242177 ], [ 106.664817773560188, -6.136637701653244 ], [ 106.665308130333088, -6.136400240603225 ], [ 106.665926139115953, -6.136152551365209 ], [ 106.666436321529233, -6.135974011783386 ], [ 106.667103285034727, -6.135677015812671 ], [ 106.667515309922692, -6.135518442335057 ], [ 106.667715756874699, -6.135484362606979 ], [ 106.667750909762077, -6.135478385951305 ], [ 106.667829667179518, -6.135537124543474 ], [ 106.667811246349913, -6.135930407954802 ], [ 106.667793314690684, -6.136480980254273 ], [ 106.667717675369133, -6.13742495837112 ], [ 106.667541861447674, -6.137740086961053 ], [ 106.667543451263299, -6.138251275879542 ], [ 106.667544613136982, -6.138624837005837 ], [ 106.667780520082871, -6.138683085791064 ], [ 106.668036254193623, -6.138800256551963 ], [ 106.668291927206781, -6.138897766055718 ], [ 106.668704932887849, -6.139053768703561 ], [ 106.669049032999922, -6.13916083267029 ], [ 106.669403108079109, -6.139317018468422 ], [ 106.669659026392196, -6.13949317154223 ], [ 106.670013224294024, -6.139688678999239 ], [ 106.670268836614312, -6.139766526258706 ], [ 106.67068104655705, -6.139666933005805 ], [ 106.670837766600727, -6.139528814773088 ], [ 106.671014130176744, -6.139390635173437 ], [ 106.671288221331551, -6.139094860203152 ], [ 106.671464339439609, -6.138878036234832 ], [ 106.671640763933965, -6.138759517597869 ], [ 106.67179772868954, -6.138700043494322 ], [ 106.672053095249126, -6.138699245696207 ], [ 106.672091891850528, -6.138541834419399 ], [ 106.672090849456097, -6.138207596294539 ], [ 106.672090486502071, -6.138111575063773 ], [ 106.672399794151346, -6.138273311585154 ], [ 106.672922179784308, -6.13841679089719 ], [ 106.673096247984134, -6.138445269138836 ], [ 106.673183961388659, -6.138677173960795 ], [ 106.673272761927009, -6.139257343882431 ], [ 106.67310177339597, -6.140215617056865 ], [ 106.673045683159813, -6.140825262429503 ], [ 106.67296141200319, -6.141696197372845 ], [ 106.673050757436044, -6.142450499765165 ], [ 106.67308129462819, -6.142943784652124 ], [ 106.673170187668006, -6.143552976431745 ], [ 106.673142126319988, -6.143979653390884 ], [ 106.672997749279247, -6.144046896358532 ], [ 106.672417817654619, -6.14404871054282 ], [ 106.67204086200509, -6.144049889425696 ], [ 106.67186715420344, -6.14413749976669 ], [ 106.671664178002644, -6.14413813438292 ], [ 106.671405291568959, -6.144806458888606 ], [ 106.671290935219702, -6.145329219594321 ], [ 106.671407646540956, -6.145561033901449 ], [ 106.671063309175594, -6.146723006518871 ], [ 106.670690879912144, -6.148175291163115 ], [ 106.670432263281015, -6.148930682339034 ], [ 106.670954297647214, -6.148958072367086 ], [ 106.671389522590232, -6.149043778232065 ], [ 106.671505600710759, -6.149072437485233 ], [ 106.671303710169184, -6.149421337827897 ], [ 106.671015281777457, -6.149915620856219 ], [ 106.670929650355205, -6.150351224724462 ], [ 106.670902375362729, -6.150902735661605 ], [ 106.671192707733809, -6.151017916913989 ], [ 106.671454043210602, -6.151133188720316 ], [ 106.671772556588351, -6.150987079906016 ], [ 106.672033529308848, -6.150986262997941 ], [ 106.672149517173239, -6.150985899886801 ], [ 106.672179239783304, -6.151217985888848 ], [ 106.672179602616296, -6.151334074280026 ], [ 106.672034980501138, -6.151450616597971 ], [ 106.671861089234355, -6.151480183361278 ], [ 106.671832999184133, -6.151770495158686 ], [ 106.671891900229426, -6.152060534618724 ], [ 106.672036885360441, -6.152060080685359 ], [ 106.672152873457364, -6.152059717510359 ], [ 106.672269405903577, -6.152233486883259 ], [ 106.672385847697996, -6.152378234115462 ], [ 106.671417938333548, -6.153498626641952 ], [ 106.67046966381757, -6.154345181051599 ], [ 106.670125640654803, -6.154204659856725 ], [ 106.669555236653466, -6.153955592716465 ], [ 106.667900953517375, -6.153196806589798 ], [ 106.667011279457796, -6.152857514576259 ], [ 106.66653222998643, -6.152676572325212 ], [ 106.665984329153517, -6.152336211394176 ], [ 106.665139445816919, -6.151745923875969 ], [ 106.664477551768073, -6.151383111559734 ], [ 106.66324447962397, -6.150520372800756 ], [ 106.662331034818436, -6.149861878423732 ], [ 106.66107518425639, -6.148999203618148 ], [ 106.66007053471067, -6.148318182666972 ], [ 106.658780407656138, -6.147421399757121 ], [ 106.658559699826043, -6.147265954886167 ], [ 106.658232374635517, -6.147035418857878 ], [ 106.657753119933446, -6.146786052716497 ], [ 106.657251575034522, -6.146696388839395 ], [ 106.656841451100945, -6.146697660339236 ], [ 106.656568246768714, -6.146766921642031 ], [ 106.656067266078452, -6.146859693468947 ], [ 106.654450257737196, -6.147092749831941 ], [ 106.653061234903944, -6.147370706249724 ], [ 106.651626429096638, -6.147580386299128 ], [ 106.650624461776857, -6.147765921122593 ], [ 106.650167369566148, -6.147822252594556 ], [ 106.650055053003356, -6.147836094287492 ], [ 106.650043484877884, -6.14777911776906 ], [ 106.649994752540621, -6.1467530479122 ], [ 106.649877456021414, -6.145658774888964 ], [ 106.649852423169705, -6.144929095371691 ], [ 106.649712554400566, -6.14390330641101 ], [ 106.649572897328852, -6.142945931295847 ], [ 106.649512789576022, -6.142688852861654 ] ] ] ] } },
{ "type": "Feature", "properties": { "ID": 74, "KECAMATAN": "Benda", "PUSKESMAS": "Jurumudi Baru", "KELURAHAN": "Jurumudi Baru", "AREA": 2027671.7907759999, "PERIMETER": 6760.057962, "REGENCY": "Kota Tangerang", "HECTARES": 202.767, "X_COORD": 106.67912, "Y_COORD": -6.14897 }, "geometry": { "type": "MultiPolygon", "coordinates": [ [ [ [ 106.687446322260939, -6.143370435912823 ], [ 106.687426583456201, -6.143953554619384 ], [ 106.687417841438375, -6.145176306112749 ], [ 106.687496981795846, -6.14631054231767 ], [ 106.687552047212534, -6.147797805569669 ], [ 106.687670681895924, -6.149473948812336 ], [ 106.68767147693444, -6.149726054247033 ], [ 106.687647719415637, -6.15017992360302 ], [ 106.687675611670201, -6.151037002467358 ], [ 106.687806645744175, -6.152650079029393 ], [ 106.687783286667795, -6.153230001041508 ], [ 106.687722104669021, -6.153797437230708 ], [ 106.68762206532017, -6.154024650599576 ], [ 106.687597354376763, -6.154131271883872 ], [ 106.687373392203895, -6.154059203440317 ], [ 106.687100048664263, -6.154082871816309 ], [ 106.686872921743301, -6.154311634254117 ], [ 106.68645165759979, -6.154392780931349 ], [ 106.685745692862781, -6.154509033176915 ], [ 106.684743526791223, -6.154626219503704 ], [ 106.684128484057723, -6.154673769310489 ], [ 106.683217024600381, -6.154653839681026 ], [ 106.682760971796483, -6.15454125496595 ], [ 106.682350703716736, -6.154496939083674 ], [ 106.681872224961921, -6.154498446835715 ], [ 106.680937765068833, -6.154410172057137 ], [ 106.680003305043357, -6.154321895557479 ], [ 106.678840926007922, -6.154211529598989 ], [ 106.677303063488196, -6.154250570620997 ], [ 106.676368960060202, -6.154276309347581 ], [ 106.675229864575229, -6.15432549439833 ], [ 106.674394726087925, -6.154268364220727 ], [ 106.674272689546896, -6.154260083456135 ], [ 106.67343008052255, -6.154399553233519 ], [ 106.672313553671316, -6.154380247534164 ], [ 106.671151670421892, -6.154429495417333 ], [ 106.670513481407951, -6.154363078951509 ], [ 106.67046966381757, -6.154345181051599 ], [ 106.671417938333548, -6.153498626641952 ], [ 106.672385847697996, -6.152378234115462 ], [ 106.672269405903577, -6.152233486883259 ], [ 106.672152873457364, -6.152059717510359 ], [ 106.672036885360441, -6.152060080685359 ], [ 106.671891900229426, -6.152060534618724 ], [ 106.671832999184133, -6.151770495158686 ], [ 106.671861089234355, -6.151480183361278 ], [ 106.672034980501138, -6.151450616597971 ], [ 106.672179602616296, -6.151334074280026 ], [ 106.672179239783304, -6.151217985888848 ], [ 106.672149517173239, -6.150985899886801 ], [ 106.672033529308848, -6.150986262997941 ], [ 106.671772556588351, -6.150987079906016 ], [ 106.671454043210602, -6.151133188720316 ], [ 106.671192707733809, -6.151017916913989 ], [ 106.670902375362729, -6.150902735661605 ], [ 106.670929650355205, -6.150351224724462 ], [ 106.671015281777457, -6.149915620856219 ], [ 106.671303710169184, -6.149421337827897 ], [ 106.671505600710759, -6.149072437485233 ], [ 106.671389522590232, -6.149043778232065 ], [ 106.670954297647214, -6.148958072367086 ], [ 106.670432263281015, -6.148930682339034 ], [ 106.670690879912144, -6.148175291163115 ], [ 106.671063309175594, -6.146723006518871 ], [ 106.671407646540956, -6.145561033901449 ], [ 106.671290935219702, -6.145329219594321 ], [ 106.671405291568959, -6.144806458888606 ], [ 106.671664178002644, -6.14413813438292 ], [ 106.67186715420344, -6.14413749976669 ], [ 106.67204086200509, -6.144049889425696 ], [ 106.672417817654619, -6.14404871054282 ], [ 106.672997749279247, -6.144046896358532 ], [ 106.673142126319988, -6.143979653390884 ], [ 106.673750571930242, -6.143696271990979 ], [ 106.674996061860611, -6.143257036870357 ], [ 106.674967337578153, -6.143344193885885 ], [ 106.674796534399619, -6.144360511125697 ], [ 106.67468299829342, -6.145144470245724 ], [ 106.675002142531042, -6.14520151511857 ], [ 106.676279083038011, -6.145545780688929 ], [ 106.677323233390354, -6.145629572456264 ], [ 106.677960521890057, -6.145424416330877 ], [ 106.67840983235071, -6.145379472403673 ], [ 106.679395260368807, -6.145231266220889 ], [ 106.679945648429026, -6.145055403310544 ], [ 106.680582114854701, -6.144589046697691 ], [ 106.681478454946145, -6.143773605409485 ], [ 106.681753602163369, -6.143671162251827 ], [ 106.682333166016704, -6.143553250238655 ], [ 106.682651670711536, -6.143407136933453 ], [ 106.682970904594484, -6.143493199046526 ], [ 106.683376854124461, -6.143491921288852 ], [ 106.684275377075963, -6.143373003170598 ], [ 106.685898990554264, -6.143309842630112 ], [ 106.686971854991782, -6.143306459258524 ], [ 106.687446322260939, -6.143370435912823 ] ] ] ] } },
{ "type": "Feature", "properties": { "ID": 76, "KECAMATAN": "Larangan", "PUSKESMAS": "Cipadu", "KELURAHAN": "Kreo", "AREA": 916957.26919599995, "PERIMETER": 4540.652268, "REGENCY": "Kota Tangerang", "HECTARES": 91.696, "X_COORD": 106.73998, "Y_COORD": -6.23043 }, "geometry": { "type": "MultiPolygon", "coordinates": [ [ [ [ 106.743969581650475, -6.236169734254345 ], [ 106.743947660581995, -6.23618260143189 ], [ 106.743753268741088, -6.236183244778595 ], [ 106.743429175171144, -6.236151895436195 ], [ 106.743137319578054, -6.236071806555568 ], [ 106.74294260642192, -6.235975185282995 ], [ 106.74232585456248, -6.235620585140073 ], [ 106.742082329659297, -6.235459281233162 ], [ 106.741855271727431, -6.235378977268235 ], [ 106.741579562406699, -6.235282623062528 ], [ 106.741336198285524, -6.235169950899357 ], [ 106.741125607233698, -6.235170646699124 ], [ 106.740785207752211, -6.23510692755621 ], [ 106.7405097124756, -6.235075415654766 ], [ 106.740217964422826, -6.235027746348481 ], [ 106.739974760884834, -6.234963705675238 ], [ 106.739683066298468, -6.234932246789052 ], [ 106.739293801822569, -6.234787633254545 ], [ 106.739180192927165, -6.234723164458133 ], [ 106.73917977242543, -6.234722913862388 ], [ 106.739017879284447, -6.234626434477565 ], [ 106.738871604783313, -6.234481018722313 ], [ 106.738740728660773, -6.234092388129015 ], [ 106.738562109202405, -6.233963289851047 ], [ 106.738367450686326, -6.233882877188917 ], [ 106.737848486046161, -6.233706268104967 ], [ 106.737151489412241, -6.233578877972347 ], [ 106.736154352620005, -6.233314682311171 ], [ 106.735773781736128, -6.23326834953598 ], [ 106.73563576180311, -6.23325154616424 ], [ 106.735551869913849, -6.233222226519281 ], [ 106.735660297701273, -6.232905400396246 ], [ 106.735896588014995, -6.232161359352292 ], [ 106.7359213686196, -6.231630375576839 ], [ 106.735920234216792, -6.23128529288346 ], [ 106.735814130531352, -6.231285642158682 ], [ 106.735733854775688, -6.231073545497146 ], [ 106.735731935434799, -6.230489559327285 ], [ 106.735621994001434, -6.229321936073895 ], [ 106.735697995752659, -6.228233336266845 ], [ 106.735644072205815, -6.227968062501232 ], [ 106.735760604163701, -6.227104962877423 ], [ 106.735731288534339, -6.22625561557119 ], [ 106.735598224319361, -6.226123327601372 ], [ 106.735386018979028, -6.226124025424813 ], [ 106.735093713733235, -6.225965715754789 ], [ 106.734669215919382, -6.225940566029966 ], [ 106.73450927789041, -6.225702185476822 ], [ 106.734507971288167, -6.22530401274931 ], [ 106.734453439339077, -6.224852924635971 ], [ 106.734447065709332, -6.224694754734468 ], [ 106.734489691168477, -6.224702365838756 ], [ 106.735018631562255, -6.224675417465842 ], [ 106.735346287492831, -6.224724760656638 ], [ 106.735448295217438, -6.225102576983217 ], [ 106.735600106929013, -6.225303758709702 ], [ 106.73567642673774, -6.225530398725352 ], [ 106.735677089005279, -6.225732077414436 ], [ 106.735904310301734, -6.225882590761179 ], [ 106.737390698074236, -6.225902909889602 ], [ 106.738146611720182, -6.225950841092833 ], [ 106.738575366292608, -6.226100689287955 ], [ 106.738877997158184, -6.226200532517606 ], [ 106.739281228542652, -6.226249623879854 ], [ 106.739482678284858, -6.22622374986865 ], [ 106.740036893112432, -6.226221922856226 ], [ 106.74139748708879, -6.226293065182621 ], [ 106.741674345042966, -6.226216521469053 ], [ 106.741951452149422, -6.226215606886117 ], [ 106.7422033676647, -6.226214775320976 ], [ 106.742530857783308, -6.226213694106739 ], [ 106.742757498548798, -6.226187735714578 ], [ 106.742759410596165, -6.226767559736763 ], [ 106.742760325117771, -6.227044866873132 ], [ 106.742887114502309, -6.227296548234546 ], [ 106.743139446219274, -6.227421764749629 ], [ 106.743216019030328, -6.227724031869151 ], [ 106.743216933933084, -6.228001338927808 ], [ 106.743192574065375, -6.228253519488726 ], [ 106.743193156313467, -6.228429987616017 ], [ 106.743193572215262, -6.22855603627753 ], [ 106.743333082957136, -6.22884549033203 ], [ 106.74350959096968, -6.228895326997975 ], [ 106.743685682954919, -6.228819114968872 ], [ 106.743912657485396, -6.228893994675655 ], [ 106.744013424100686, -6.228893661547014 ], [ 106.744366356937192, -6.228968124593571 ], [ 106.74441723971718, -6.229119216278084 ], [ 106.744292030605109, -6.22934652024853 ], [ 106.7441918466033, -6.229523321480241 ], [ 106.7440916625455, -6.229700122710415 ], [ 106.74431880400185, -6.229825421550123 ], [ 106.744646629060369, -6.229925177244019 ], [ 106.744898879107524, -6.230025182730218 ], [ 106.745226621010602, -6.230099728294102 ], [ 106.745478704558721, -6.230149314048369 ], [ 106.745505562578558, -6.230653424662989 ], [ 106.745506729089087, -6.231006360447469 ], [ 106.745482953902396, -6.231435008711407 ], [ 106.745181402671179, -6.231662896611167 ], [ 106.745030668606319, -6.231789445375179 ], [ 106.744905126250941, -6.231915910748785 ], [ 106.744628266479253, -6.231992456846434 ], [ 106.744502890549995, -6.232169341586005 ], [ 106.744503723490638, -6.232421438696353 ], [ 106.744744753584712, -6.232937445772054 ], [ 106.744770362002171, -6.233063410932019 ], [ 106.744771278511706, -6.233340717704147 ], [ 106.744772361712933, -6.233668443885455 ], [ 106.744622460294764, -6.234047089789219 ], [ 106.744447783418991, -6.234551867633317 ], [ 106.744247247842097, -6.234855051186456 ], [ 106.744248081022434, -6.235107148305682 ], [ 106.744198863605646, -6.235460251032286 ], [ 106.744098762297298, -6.235662262253256 ], [ 106.743998910884258, -6.235939902618154 ], [ 106.74397430212808, -6.236116453997348 ], [ 106.743969581650475, -6.236169734254345 ] ] ] ] } },
{ "type": "Feature", "properties": { "ID": 77, "KECAMATAN": "Larangan", "PUSKESMAS": "Larangan Utara", "KELURAHAN": "Larangan Utara", "AREA": 1042206.219482, "PERIMETER": 5900.160067, "REGENCY": "Kota Tangerang", "HECTARES": 104.221, "X_COORD": 106.72491, "Y_COORD": -6.23113 }, "geometry": { "type": "MultiPolygon", "coordinates": [ [ [ [ 106.720820821897249, -6.224281619281533 ], [ 106.722270255800041, -6.224288589900508 ], [ 106.72325297933169, -6.224361013744474 ], [ 106.726994068824808, -6.224386603713478 ], [ 106.727148922839774, -6.224382222579058 ], [ 106.727142802641666, -6.224468743987866 ], [ 106.727127662774109, -6.224793014219067 ], [ 106.727095847137463, -6.224971439700352 ], [ 106.7270966416108, -6.225214602624074 ], [ 106.727146139461439, -6.225490028245956 ], [ 106.727292938218682, -6.225797557484093 ], [ 106.727294156725989, -6.226170407248996 ], [ 106.727311362540263, -6.226478360550954 ], [ 106.727280023885299, -6.226802683774542 ], [ 106.727159775169895, -6.227184036643154 ], [ 106.727144052845858, -6.227329987404606 ], [ 106.727160887881013, -6.227524464695877 ], [ 106.727371742421468, -6.227604829606142 ], [ 106.727389478545476, -6.228074891437315 ], [ 106.727390326554726, -6.228334265151775 ], [ 106.727390803575744, -6.228480162864934 ], [ 106.727536808632692, -6.228544528898472 ], [ 106.727666720514492, -6.228641369641342 ], [ 106.727699861177868, -6.228868215496841 ], [ 106.727684351153457, -6.229079009654636 ], [ 106.727604468281967, -6.229419702872074 ], [ 106.727492239853788, -6.229776713068295 ], [ 106.727493936476264, -6.230295460433037 ], [ 106.727592775989592, -6.230797678540169 ], [ 106.727472845580721, -6.231276296741935 ], [ 106.727862212462782, -6.231453342347334 ], [ 106.72868885485633, -6.231596532180046 ], [ 106.730115562130976, -6.231948495105367 ], [ 106.731120716222378, -6.232188360934931 ], [ 106.731704369707899, -6.232332343237569 ], [ 106.732409597923549, -6.232500241817809 ], [ 106.733106221159346, -6.232514163304721 ], [ 106.733738526095138, -6.232674194144072 ], [ 106.734386977262076, -6.232817960030705 ], [ 106.735084346131629, -6.233058829804572 ], [ 106.735359265973443, -6.233154912683217 ], [ 106.735343032670812, -6.23322498622196 ], [ 106.735131347938179, -6.233384953726489 ], [ 106.734867134406002, -6.23370436479516 ], [ 106.733967079432745, -6.234264774101592 ], [ 106.733305321634674, -6.234691673008284 ], [ 106.732828897108604, -6.235011781420113 ], [ 106.732537109420278, -6.235012740736603 ], [ 106.732112429523056, -6.234934501199583 ], [ 106.731820641766276, -6.234935460107677 ], [ 106.731211323626866, -6.23517636854485 ], [ 106.730283429200369, -6.235338686976667 ], [ 106.729156282644553, -6.23540874956899 ], [ 106.728625758107484, -6.235410490075166 ], [ 106.728122020435293, -6.23549177784755 ], [ 106.727804835375295, -6.235837905730932 ], [ 106.727567054947798, -6.236130682760264 ], [ 106.727355279171462, -6.236264103160045 ], [ 106.727063489943262, -6.236265059638184 ], [ 106.726665161151885, -6.23613363892512 ], [ 106.726532355964125, -6.236080983624758 ], [ 106.726188643033211, -6.236427197833241 ], [ 106.72589676670718, -6.236401608731612 ], [ 106.725604543118706, -6.23626983960802 ], [ 106.725339193139945, -6.23624416329316 ], [ 106.725127329727229, -6.236351037994802 ], [ 106.724783875822396, -6.236776886508415 ], [ 106.724732037988176, -6.237148689826595 ], [ 106.724600360641645, -6.237441118748606 ], [ 106.724416064234788, -6.237866446233673 ], [ 106.7240715678588, -6.237973754897267 ], [ 106.723806043374609, -6.237894988053741 ], [ 106.72356687189955, -6.23776304428369 ], [ 106.723194981727033, -6.237604989239835 ], [ 106.722716726012806, -6.23736764584551 ], [ 106.722371102668006, -6.237129868307761 ], [ 106.721919287373936, -6.236865892231659 ], [ 106.721812575389094, -6.236680423888703 ], [ 106.721758483156648, -6.236362057057508 ], [ 106.721811016184205, -6.236202613597678 ], [ 106.721571586029285, -6.235991033504783 ], [ 106.721199524297518, -6.235779886482169 ], [ 106.72106611335893, -6.235541414435857 ], [ 106.721090475476288, -6.234877702114291 ], [ 106.721057646521629, -6.234676585371871 ], [ 106.72107697304854, -6.234661009461587 ], [ 106.721189629226373, -6.234433686463342 ], [ 106.72126978069214, -6.234174047458097 ], [ 106.721333838393988, -6.233946883172328 ], [ 106.721511186391865, -6.233686926762065 ], [ 106.721848149243144, -6.232696950658851 ], [ 106.72204085013675, -6.232177566931025 ], [ 106.722233709388703, -6.231706815925288 ], [ 106.722280615603054, -6.231187908425674 ], [ 106.722425140838851, -6.230798370689515 ], [ 106.722691821824142, -6.230611072333427 ], [ 106.722804952739367, -6.2305296474425 ], [ 106.723014909364949, -6.230334428752036 ], [ 106.723305280589969, -6.229960625575471 ], [ 106.723466797592721, -6.229814198261378 ], [ 106.723466057090235, -6.229587245802621 ], [ 106.723450378217521, -6.229442723842934 ], [ 106.723432653598493, -6.229279344744905 ], [ 106.723625511121512, -6.228808593814722 ], [ 106.723754100296446, -6.228500163499572 ], [ 106.72367268089863, -6.228370741029891 ], [ 106.723558863043635, -6.228241424379871 ], [ 106.723590891358739, -6.228127842307762 ], [ 106.72368644743139, -6.22762498720763 ], [ 106.723716413423617, -6.226879180461052 ], [ 106.723715726040226, -6.226668438896793 ], [ 106.723699209595537, -6.226571226470822 ], [ 106.72343975806956, -6.226491018531602 ], [ 106.723066806493065, -6.226378758900098 ], [ 106.722775273742414, -6.226395921746708 ], [ 106.722726147723662, -6.226233971406477 ], [ 106.722530595020984, -6.225877966113613 ], [ 106.722351717219809, -6.225667805927622 ], [ 106.722189197198375, -6.225506225494825 ], [ 106.72210730345742, -6.225230904398382 ], [ 106.722009527522928, -6.225052901540804 ], [ 106.721701056950224, -6.224843163738559 ], [ 106.721376704152505, -6.224730743976143 ], [ 106.721279139694758, -6.224617584533589 ], [ 106.720986815980311, -6.22439158242681 ], [ 106.720820821897249, -6.224281619281533 ] ] ] ] } },
{ "type": "Feature", "properties": { "ID": 78, "KECAMATAN": "Ciledug", "PUSKESMAS": "Paninggilan", "KELURAHAN": "Paninggilan Utara", "AREA": 1076527.4468719999, "PERIMETER": 5517.904491, "REGENCY": "Kota Tangerang", "HECTARES": 107.653, "X_COORD": 106.711, "Y_COORD": -6.24155 }, "geometry": { "type": "MultiPolygon", "coordinates": [ [ [ [ 106.719044037652964, -6.245263247535467 ], [ 106.718876424925114, -6.245399935870285 ], [ 106.718763607913857, -6.245578626440229 ], [ 106.718520927794316, -6.245676685726015 ], [ 106.718197089778812, -6.245726376678455 ], [ 106.717921798302655, -6.245759697834214 ], [ 106.717500602487533, -6.245761072964104 ], [ 106.717290004544481, -6.245761760402752 ], [ 106.717030437219663, -6.245649129819559 ], [ 106.71680332248107, -6.245552604296048 ], [ 106.716640954342239, -6.245439656300159 ], [ 106.7164135228725, -6.24524586491944 ], [ 106.71628329054198, -6.245051756364082 ], [ 106.716201816189923, -6.244906122072355 ], [ 106.716136436119655, -6.244728013035825 ], [ 106.716006151262235, -6.24451769340046 ], [ 106.716005570576371, -6.244339373009198 ], [ 106.716004831546115, -6.244112419782077 ], [ 106.716020186768631, -6.243852991841822 ], [ 106.716019236658411, -6.243561194831969 ], [ 106.715613872579567, -6.24344903851149 ], [ 106.715386917277257, -6.243401144889134 ], [ 106.715160120254595, -6.243401884015102 ], [ 106.715014322154104, -6.243402359115966 ], [ 106.714771378037881, -6.243419361817 ], [ 106.714528486611158, -6.243452575367865 ], [ 106.714155469492454, -6.243324101308491 ], [ 106.713863398745673, -6.243179152228796 ], [ 106.713538875842929, -6.243018097453136 ], [ 106.713117207053372, -6.242873569743963 ], [ 106.712233870711032, -6.242738649146894 ], [ 106.711925916672826, -6.242691017332079 ], [ 106.71156931061843, -6.242627332363565 ], [ 106.710969655009421, -6.242548226025706 ], [ 106.710613364641091, -6.242581806301178 ], [ 106.710224569357408, -6.242583069624193 ], [ 106.709835458490858, -6.24248706667009 ], [ 106.708669229776433, -6.242539487023091 ], [ 106.707940868186157, -6.242736384983806 ], [ 106.70790102187685, -6.24273924599054 ], [ 106.707349705598844, -6.242778830768591 ], [ 106.706685774670106, -6.242862039847548 ], [ 106.706248536267083, -6.242912090952307 ], [ 106.705697951160616, -6.242978720236537 ], [ 106.705228260178302, -6.243012664500875 ], [ 106.704920620109789, -6.243062294695205 ], [ 106.704434886213761, -6.243144923889846 ], [ 106.703932742537063, -6.243162760929417 ], [ 106.703721777328411, -6.243049965306789 ], [ 106.703478412447282, -6.242937274431312 ], [ 106.703299637592707, -6.242759529517958 ], [ 106.703023611289225, -6.2425658879283 ], [ 106.702860984199717, -6.242371879320303 ], [ 106.702843894111496, -6.242096343740414 ], [ 106.702762266504223, -6.24190207303628 ], [ 106.702502650106794, -6.241773222839791 ], [ 106.702361993870355, -6.241731492052859 ], [ 106.702518221733712, -6.241578637719625 ], [ 106.702954360653308, -6.241188157710321 ], [ 106.703082440719101, -6.240717617874703 ], [ 106.703258439342534, -6.240036177145079 ], [ 106.703304944333482, -6.239387577731783 ], [ 106.703335040274297, -6.238674186495253 ], [ 106.703259553985689, -6.238078377703308 ], [ 106.703672894571753, -6.238119759494369 ], [ 106.704283008923099, -6.238117785892855 ], [ 106.704787016282211, -6.238116154994013 ], [ 106.70478744523416, -6.238248881253489 ], [ 106.705185345786134, -6.238247593333924 ], [ 106.705556462070589, -6.238166755281213 ], [ 106.705636213809726, -6.238219588088814 ], [ 106.705636642982441, -6.238352314288822 ], [ 106.706034543435422, -6.238351025706697 ], [ 106.706220230284956, -6.238350424265629 ], [ 106.706326766403237, -6.238482806707072 ], [ 106.706566279629101, -6.238720940306026 ], [ 106.706991222324888, -6.238878836302027 ], [ 106.70730954278612, -6.238877804555278 ], [ 106.70786651750916, -6.238849453327623 ], [ 106.708582824093682, -6.238873675646714 ], [ 106.709325399070408, -6.238818175320604 ], [ 106.70977712690464, -6.239055618275013 ], [ 106.710016039118855, -6.239107933555275 ], [ 106.710201037254166, -6.238894969231773 ], [ 106.710246963975649, -6.238533476871004 ], [ 106.710278637578654, -6.238284171799548 ], [ 106.710329539189829, -6.237620370163683 ], [ 106.711151777435106, -6.237591154586978 ], [ 106.712133088512118, -6.237534875354688 ], [ 106.712610739030652, -6.237586413622933 ], [ 106.713538737440871, -6.237450668890586 ], [ 106.71428122176637, -6.237368617141398 ], [ 106.714294423927186, -6.237369315031079 ], [ 106.715156769652708, -6.237418858166627 ], [ 106.715793578698751, -6.237469875295814 ], [ 106.716482836094812, -6.237334903135123 ], [ 106.716907605563435, -6.237439700460101 ], [ 106.717358728781463, -6.2374913207671 ], [ 106.718101816247781, -6.237595079247708 ], [ 106.719096516032408, -6.237578561561832 ], [ 106.71964033222109, -6.23749900717223 ], [ 106.719490912527235, -6.237608499627828 ], [ 106.719184916878234, -6.23816067550612 ], [ 106.718967780822609, -6.238639611447726 ], [ 106.718904038997621, -6.238964041383958 ], [ 106.718824308846948, -6.239353367894684 ], [ 106.718760619796825, -6.239694008777063 ], [ 106.718810275463937, -6.240018068633141 ], [ 106.719021293706149, -6.240147068588967 ], [ 106.719167989074052, -6.240422178269017 ], [ 106.719169733288453, -6.240957138627126 ], [ 106.719170896182774, -6.241313778859582 ], [ 106.719301128080133, -6.241507886687995 ], [ 106.719594308876268, -6.241993261829343 ], [ 106.719572908431317, -6.242679320445188 ], [ 106.719572387555303, -6.242696018836728 ], [ 106.71957230966008, -6.242698516026142 ], [ 106.719477861313152, -6.243541801166314 ], [ 106.719334496333829, -6.244287979635143 ], [ 106.719044037652964, -6.245263247535467 ] ] ] ] } },
{ "type": "Feature", "properties": { "ID": 79, "KECAMATAN": "Ciledug", "PUSKESMAS": "Tajur", "KELURAHAN": "Parung Serab", "AREA": 1409112.1699689999, "PERIMETER": 5843.31668, "REGENCY": "Kota Tangerang", "HECTARES": 140.911, "X_COORD": 106.70353, "Y_COORD": -6.24894 }, "geometry": { "type": "MultiPolygon", "coordinates": [ [ [ [ 106.702361993870355, -6.241731492052859 ], [ 106.702502650106794, -6.241773222839791 ], [ 106.702762266504223, -6.24190207303628 ], [ 106.702843894111496, -6.242096343740414 ], [ 106.702860984199717, -6.242371879320303 ], [ 106.703023611289225, -6.2425658879283 ], [ 106.703299637592707, -6.242759529517958 ], [ 106.703478412447282, -6.242937274431312 ], [ 106.703721777328411, -6.243049965306789 ], [ 106.703932742537063, -6.243162760929417 ], [ 106.704434886213761, -6.243144923889846 ], [ 106.704920620109789, -6.243062294695205 ], [ 106.705228260178302, -6.243012664500875 ], [ 106.705697951160616, -6.242978720236537 ], [ 106.706248536267083, -6.242912090952307 ], [ 106.706685774670106, -6.242862039847548 ], [ 106.707349705598844, -6.242778830768591 ], [ 106.70790102187685, -6.24273924599054 ], [ 106.707900394875708, -6.242744621898369 ], [ 106.707756277163384, -6.243263847443502 ], [ 106.707549040677392, -6.244302035801891 ], [ 106.707372365206609, -6.244772733506285 ], [ 106.707260856864124, -6.245356698109002 ], [ 106.707148770621885, -6.245762341532275 ], [ 106.70695526436775, -6.246038559623543 ], [ 106.706600283601702, -6.246477413478294 ], [ 106.706431155565113, -6.246777869222115 ], [ 106.706431890789659, -6.247004823566631 ], [ 106.70648096338104, -6.247150565122597 ], [ 106.706659898490017, -6.247376941295404 ], [ 106.706660896531545, -6.247684950718664 ], [ 106.706597724991013, -6.248187702676542 ], [ 106.706663523196383, -6.24849550181451 ], [ 106.706894607888742, -6.248648581937815 ], [ 106.706907048886862, -6.248656823367062 ], [ 106.707101186360859, -6.248575137265973 ], [ 106.707278860969936, -6.248412448618828 ], [ 106.707408145688873, -6.248314761784735 ], [ 106.707586030358911, -6.248216917138111 ], [ 106.707763914951386, -6.248119072449057 ], [ 106.708039157139851, -6.248069545092154 ], [ 106.708233557038, -6.248068913721259 ], [ 106.70842252788961, -6.248198983663237 ], [ 106.708457264572814, -6.248294621774566 ], [ 106.709008989823658, -6.248980171461169 ], [ 106.709588191387979, -6.249665630829527 ], [ 106.710002545617556, -6.250351625330216 ], [ 106.710679565125773, -6.251545397304623 ], [ 106.710900347142314, -6.251847109014616 ], [ 106.711122901893319, -6.25206836920437 ], [ 106.710295227991239, -6.252071063066174 ], [ 106.708884427157571, -6.252138406015184 ], [ 106.707442371027128, -6.252237223910794 ], [ 106.706063838469859, -6.252586848813086 ], [ 106.704810523017983, -6.252873310105157 ], [ 106.704341100800704, -6.253157227052972 ], [ 106.704106694314532, -6.253393315904932 ], [ 106.703857778164704, -6.253990289109185 ], [ 106.703735911067184, -6.255088884955684 ], [ 106.703974485571976, -6.256139245978376 ], [ 106.703873131376014, -6.256027287406834 ], [ 106.703831717289802, -6.255981540269604 ], [ 106.703124825814228, -6.255200686452413 ], [ 106.702747538777132, -6.25488813766539 ], [ 106.701492286060613, -6.254578432482448 ], [ 106.69979703713652, -6.253956375246714 ], [ 106.699136434732551, -6.25329958985458 ], [ 106.698254419134145, -6.252047350881424 ], [ 106.698253406728327, -6.251733581623042 ], [ 106.697626087763027, -6.251672853499388 ], [ 106.696685311495685, -6.251644513738958 ], [ 106.695932670007849, -6.251615565305018 ], [ 106.695931153599631, -6.251144910839481 ], [ 106.696085910839557, -6.250516865775516 ], [ 106.696334735136134, -6.249888517274209 ], [ 106.696581537149953, -6.248632629668571 ], [ 106.696673683463743, -6.248036164029423 ], [ 106.696659570085927, -6.247873044042844 ], [ 106.696942538026605, -6.246689455787241 ], [ 106.697103908232634, -6.245391223492077 ], [ 106.697239910070195, -6.244783345300071 ], [ 106.697224926981463, -6.244566209907281 ], [ 106.697368197609407, -6.244586246352017 ], [ 106.697773196954884, -6.244584939855551 ], [ 106.698340352636919, -6.244631743521034 ], [ 106.699004498970865, -6.244613388372322 ], [ 106.699490340936762, -6.244563185767166 ], [ 106.699749383358181, -6.244513715355412 ], [ 106.700056450260121, -6.244285765943845 ], [ 106.700363255349075, -6.243976761034353 ], [ 106.700659413761073, -6.243628737096544 ], [ 106.70075058885331, -6.243521594623322 ], [ 106.701202355047869, -6.242952741170359 ], [ 106.701549475266759, -6.242586866317223 ], [ 106.701953006674344, -6.242131647191877 ], [ 106.702361993870355, -6.241731492052859 ] ] ] ] } },
{ "type": "Feature", "properties": { "ID": 83, "KECAMATAN": "Larangan", "PUSKESMAS": "Cipadu", "KELURAHAN": "Kreo Selatan", "AREA": 894389.93378700002, "PERIMETER": 3871.171589, "REGENCY": "Kota Tangerang", "HECTARES": 89.439, "X_COORD": 106.7438, "Y_COORD": -6.23996 }, "geometry": { "type": "MultiPolygon", "coordinates": [ [ [ [ 106.73944347190276, -6.244000083716 ], [ 106.739420617206235, -6.243768066215013 ], [ 106.739370359921509, -6.243265693755754 ], [ 106.739238998076317, -6.2427311674032 ], [ 106.739140089212356, -6.242212744644273 ], [ 106.739138752207708, -6.241807475958367 ], [ 106.739169760857806, -6.241385889493634 ], [ 106.739199967471563, -6.240721141820037 ], [ 106.73922065770634, -6.239626836078048 ], [ 106.739090260118857, -6.239384102815877 ], [ 106.739072991577629, -6.239059941314754 ], [ 106.73907181565319, -6.238703304816137 ], [ 106.73903770649386, -6.238184667772978 ], [ 106.739036370437447, -6.23777939900323 ], [ 106.739035034469524, -6.23737413022698 ], [ 106.739033858890977, -6.237017493698577 ], [ 106.739065188997316, -6.236693171730167 ], [ 106.739036856275902, -6.235469340162328 ], [ 106.739036054983515, -6.235226178876107 ], [ 106.739067866042859, -6.235047753687997 ], [ 106.739099677096888, -6.234869328502802 ], [ 106.73917977242543, -6.234722913862388 ], [ 106.739180192927165, -6.234723164458133 ], [ 106.739293801822569, -6.234787633254545 ], [ 106.739683066298468, -6.234932246789052 ], [ 106.739974760884834, -6.234963705675238 ], [ 106.740217964422826, -6.235027746348481 ], [ 106.7405097124756, -6.235075415654766 ], [ 106.740785207752211, -6.23510692755621 ], [ 106.741125607233698, -6.235170646699124 ], [ 106.741336198285524, -6.235169950899357 ], [ 106.741579562406699, -6.235282623062528 ], [ 106.741855271727431, -6.235378977268235 ], [ 106.742082329659297, -6.235459281233162 ], [ 106.74232585456248, -6.235620585140073 ], [ 106.74294260642192, -6.235975185282995 ], [ 106.743137319578054, -6.236071806555568 ], [ 106.743429175171144, -6.236151895436195 ], [ 106.743753268741088, -6.236183244778595 ], [ 106.743947660581995, -6.23618260143189 ], [ 106.743969581650475, -6.236169734254345 ], [ 106.743950026660301, -6.236393844237562 ], [ 106.744177004754548, -6.236468722890773 ], [ 106.744605352268465, -6.236492514737439 ], [ 106.744907572965417, -6.236466303980885 ], [ 106.745462047122132, -6.236540097353104 ], [ 106.74568835805816, -6.236413297748657 ], [ 106.745814151176432, -6.236362461031039 ], [ 106.746242498305577, -6.236386251549506 ], [ 106.746393483304004, -6.236335331219364 ], [ 106.746897406217997, -6.236358870705526 ], [ 106.747113583154018, -6.236975797681797 ], [ 106.74724079548983, -6.237353525006617 ], [ 106.747317791019327, -6.237781838703008 ], [ 106.747470362922158, -6.238209901630356 ], [ 106.74762268457323, -6.238562335448935 ], [ 106.747724622319751, -6.23891493635547 ], [ 106.747952687848112, -6.239317538475076 ], [ 106.748079818197155, -6.239670055583661 ], [ 106.748257249450504, -6.239997195687624 ], [ 106.748485065241141, -6.240324168367546 ], [ 106.748561644832449, -6.240626433191445 ], [ 106.74849987664868, -6.240992182243182 ], [ 106.748425219743282, -6.241269739364628 ], [ 106.748073365004075, -6.241523007033537 ], [ 106.747470423352084, -6.242029207451865 ], [ 106.747096216301344, -6.243139687003521 ], [ 106.746996784125727, -6.243543376150418 ], [ 106.746998455490768, -6.244047569478121 ], [ 106.746874499480811, -6.244653019629839 ], [ 106.746762847053787, -6.245170194163024 ], [ 106.746761597190869, -6.245194160601078 ], [ 106.746228838010794, -6.245074811266186 ], [ 106.74558053276877, -6.244979697190934 ], [ 106.744948373437538, -6.24486831783523 ], [ 106.744429450221887, -6.244707929633019 ], [ 106.743554136477258, -6.244548721794099 ], [ 106.742532973019181, -6.244373784431211 ], [ 106.741884453740539, -6.244213822482146 ], [ 106.741139219177782, -6.244200077768217 ], [ 106.740458407969555, -6.244072642543097 ], [ 106.740021018940908, -6.24407408889694 ], [ 106.739454140025046, -6.244108384746534 ], [ 106.73944347190276, -6.244000083716 ] ] ] ] } },
{ "type": "Feature", "properties": { "ID": 84, "KECAMATAN": "Larangan", "PUSKESMAS": "Cipadu", "KELURAHAN": "Cipadu", "AREA": 703004.22454900004, "PERIMETER": 4250.76211, "REGENCY": "Kota Tangerang", "HECTARES": 70.3, "X_COORD": 106.73545, "Y_COORD": -6.23929 }, "geometry": { "type": "MultiPolygon", "coordinates": [ [ [ [ 106.735773781736128, -6.23326834953598 ], [ 106.736154352620005, -6.233314682311171 ], [ 106.737151489412241, -6.233578877972347 ], [ 106.737848486046161, -6.233706268104967 ], [ 106.738367450686326, -6.233882877188917 ], [ 106.738562109202405, -6.233963289851047 ], [ 106.738740728660773, -6.234092388129015 ], [ 106.738871604783313, -6.234481018722313 ], [ 106.739017879284447, -6.234626434477565 ], [ 106.73917977242543, -6.234722913862388 ], [ 106.739099677096888, -6.234869328502802 ], [ 106.739067866042859, -6.235047753687997 ], [ 106.739036054983515, -6.235226178876107 ], [ 106.739036856275902, -6.235469340162328 ], [ 106.739065188997316, -6.236693171730167 ], [ 106.739033858890977, -6.237017493698577 ], [ 106.739035034469524, -6.23737413022698 ], [ 106.739036370437447, -6.23777939900323 ], [ 106.73903770649386, -6.238184667772978 ], [ 106.73907181565319, -6.238703304816137 ], [ 106.739072991577629, -6.239059941314754 ], [ 106.739090260118857, -6.239384102815877 ], [ 106.73922065770634, -6.239626836078048 ], [ 106.739199967471563, -6.240721141820037 ], [ 106.739169760857806, -6.241385889493634 ], [ 106.739138752207708, -6.241807475958367 ], [ 106.739140089212356, -6.242212744644273 ], [ 106.739238998076317, -6.2427311674032 ], [ 106.739370359921509, -6.243265693755754 ], [ 106.739420617206235, -6.243768066215013 ], [ 106.73944347190276, -6.244000083716 ], [ 106.73942418191281, -6.24410828095116 ], [ 106.739265373250007, -6.244214986039001 ], [ 106.739267388385684, -6.244825515567733 ], [ 106.739268089349537, -6.245037873661393 ], [ 106.739055964431756, -6.245065119839926 ], [ 106.738365748053752, -6.244908130208845 ], [ 106.737357300471032, -6.24477873542371 ], [ 106.736456183884329, -6.245020615659599 ], [ 106.735395818865726, -6.245236474727231 ], [ 106.735024708252254, -6.245317333916521 ], [ 106.734706388560767, -6.245318383486118 ], [ 106.73441459546234, -6.245319345422612 ], [ 106.73420203279052, -6.245213865579419 ], [ 106.734041999318904, -6.244948941776602 ], [ 106.733749245573335, -6.244657910050013 ], [ 106.733748546875887, -6.244445551329185 ], [ 106.734171662319838, -6.24404598031097 ], [ 106.734302897569052, -6.243620825909293 ], [ 106.734301674678804, -6.243249198241645 ], [ 106.734061538454313, -6.242825267454274 ], [ 106.733822450433834, -6.24271987453658 ], [ 106.733557272467337, -6.242747293067989 ], [ 106.73345160283256, -6.242880366736987 ], [ 106.733106757803384, -6.242881502289916 ], [ 106.732867320757052, -6.242669929475243 ], [ 106.732442285429144, -6.2424855125053 ], [ 106.732176496717244, -6.242327116277484 ], [ 106.732016116515894, -6.241956011837841 ], [ 106.731988020248409, -6.241478291490789 ], [ 106.732226758628244, -6.241477506045904 ], [ 106.732118298102208, -6.240761143749483 ], [ 106.731825373725215, -6.240417020227364 ], [ 106.73165362716712, -6.240144034926153 ], [ 106.73155871468191, -6.239993174581848 ], [ 106.731451998907772, -6.239807709324367 ], [ 106.731476869422536, -6.239303269442305 ], [ 106.731715432561728, -6.239249394753481 ], [ 106.732325626395024, -6.239273933185526 ], [ 106.732350670549692, -6.238822583222039 ], [ 106.732722039408131, -6.23882136163425 ], [ 106.733067230744595, -6.238926406490291 ], [ 106.733597932066331, -6.238977750230022 ], [ 106.733969562598588, -6.239056162260433 ], [ 106.734393809384343, -6.239001675109466 ], [ 106.734818230613826, -6.239000277301937 ], [ 106.735003652906826, -6.238920031169735 ], [ 106.735533043687681, -6.238573200596148 ], [ 106.735824134032967, -6.238359880539838 ], [ 106.735874391358038, -6.237510271571834 ], [ 106.735739838835201, -6.236926722559989 ], [ 106.735606683865456, -6.236767890569312 ], [ 106.735367424199339, -6.236609408004246 ], [ 106.735391593218125, -6.23589261035474 ], [ 106.735497348643847, -6.235786081610775 ], [ 106.73560275480871, -6.23557337356547 ], [ 106.735627709517047, -6.235095479388775 ], [ 106.735678666633305, -6.234458228922819 ], [ 106.735729449268007, -6.23376788882543 ], [ 106.735728140039598, -6.233369716478028 ], [ 106.735773781736128, -6.23326834953598 ] ] ] ] } },
{ "type": "Feature", "properties": { "ID": 85, "KECAMATAN": "Larangan", "PUSKESMAS": "Cipadu", "KELURAHAN": "Cipadu Jaya", "AREA": 1628833.2355579999, "PERIMETER": 6765.424707, "REGENCY": "Kota Tangerang", "HECTARES": 162.883, "X_COORD": 106.73942, "Y_COORD": -6.24655 }, "geometry": { "type": "MultiPolygon", "coordinates": [ [ [ [ 106.73165362716712, -6.240144034926153 ], [ 106.731825373725215, -6.240417020227364 ], [ 106.732118298102208, -6.240761143749483 ], [ 106.732226758628244, -6.241477506045904 ], [ 106.731988020248409, -6.241478291490789 ], [ 106.732016116515894, -6.241956011837841 ], [ 106.732176496717244, -6.242327116277484 ], [ 106.732442285429144, -6.2424855125053 ], [ 106.732867320757052, -6.242669929475243 ], [ 106.733106757803384, -6.242881502289916 ], [ 106.73345160283256, -6.242880366736987 ], [ 106.733557272467337, -6.242747293067989 ], [ 106.733822450433834, -6.24271987453658 ], [ 106.734061538454313, -6.242825267454274 ], [ 106.734301674678804, -6.243249198241645 ], [ 106.734302897569052, -6.243620825909293 ], [ 106.734171662319838, -6.24404598031097 ], [ 106.733748546875887, -6.244445551329185 ], [ 106.733749245573335, -6.244657910050013 ], [ 106.734041999318904, -6.244948941776602 ], [ 106.73420203279052, -6.245213865579419 ], [ 106.73441459546234, -6.245319345422612 ], [ 106.734706388560767, -6.245318383486118 ], [ 106.735024708252254, -6.245317333916521 ], [ 106.735395818865726, -6.245236474727231 ], [ 106.736456183884329, -6.245020615659599 ], [ 106.737357300471032, -6.24477873542371 ], [ 106.738365748053752, -6.244908130208845 ], [ 106.739055964431756, -6.245065119839926 ], [ 106.739268089349537, -6.245037873661393 ], [ 106.739267388385684, -6.244825515567733 ], [ 106.739265373250007, -6.244214986039001 ], [ 106.73942418191281, -6.24410828095116 ], [ 106.73944347190276, -6.244000083716 ], [ 106.739454140025046, -6.244108384746534 ], [ 106.740021018940908, -6.24407408889694 ], [ 106.740458407969555, -6.244072642543097 ], [ 106.741139219177782, -6.244200077768217 ], [ 106.741884453740539, -6.244213822482146 ], [ 106.742532973019181, -6.244373784431211 ], [ 106.743554136477258, -6.244548721794099 ], [ 106.744429450221887, -6.244707929633019 ], [ 106.744948373437538, -6.24486831783523 ], [ 106.74558053276877, -6.244979697190934 ], [ 106.746228838010794, -6.245074811266186 ], [ 106.746761597190869, -6.245194160601078 ], [ 106.746739409798167, -6.24569968083004 ], [ 106.746666089271443, -6.246380592797058 ], [ 106.746617292540805, -6.246859743791433 ], [ 106.746618630047109, -6.247263098485739 ], [ 106.746821340521223, -6.24761536453024 ], [ 106.746999276914451, -6.248093762410294 ], [ 106.747025723895405, -6.248471823652468 ], [ 106.747051501888023, -6.248648207590196 ], [ 106.747278987710885, -6.248874341224202 ], [ 106.747708097958707, -6.249125014549436 ], [ 106.748011078285941, -6.249325686872056 ], [ 106.748272961671347, -6.249487659502198 ], [ 106.748150378816732, -6.250016870008951 ], [ 106.747909558349022, -6.250411398608803 ], [ 106.747900893874998, -6.250425593334375 ], [ 106.747892438962694, -6.250442656071749 ], [ 106.747620574481189, -6.250991301421833 ], [ 106.74718295886062, -6.251400650069638 ], [ 106.746399708498956, -6.251591511718801 ], [ 106.745741669289217, -6.251719203538184 ], [ 106.745114256378244, -6.251627157472824 ], [ 106.744894979112075, -6.251690638426238 ], [ 106.744519758465941, -6.252005648929035 ], [ 106.744207351530633, -6.252351827340353 ], [ 106.742639388119613, -6.252294275466619 ], [ 106.741385494268201, -6.25239256110159 ], [ 106.740193514387229, -6.252396509145281 ], [ 106.739284698098615, -6.252399517486307 ], [ 106.738374982968466, -6.252277020810765 ], [ 106.735444046152551, -6.252522031651201 ], [ 106.733751275029846, -6.252653125280626 ], [ 106.732434765464902, -6.252782973479688 ], [ 106.730776788145505, -6.25295823005703 ], [ 106.730785773200509, -6.252735926366061 ], [ 106.730712633477083, -6.252305532540169 ], [ 106.730686758917614, -6.251707513985322 ], [ 106.730708857467988, -6.251157185761851 ], [ 106.730635089184176, -6.250535400677414 ], [ 106.73063383085146, -6.250152618382366 ], [ 106.730790672487558, -6.249630776440608 ], [ 106.730807268631523, -6.249458997389929 ], [ 106.731124980574933, -6.24927213538139 ], [ 106.731363722594736, -6.249271349351555 ], [ 106.731412764411061, -6.249202164084302 ], [ 106.731495746014815, -6.249085098550943 ], [ 106.731494087619879, -6.248580746066878 ], [ 106.731200983274277, -6.248183533639215 ], [ 106.730882399474126, -6.248104946744073 ], [ 106.730775943174422, -6.247999116427982 ], [ 106.73069487978303, -6.247548115349463 ], [ 106.730853691717215, -6.247441412103763 ], [ 106.731172013343041, -6.247440364509796 ], [ 106.731330563352245, -6.247254026540872 ], [ 106.731489113254099, -6.247067688553881 ], [ 106.73151476744826, -6.246802152542772 ], [ 106.731513284144881, -6.246350889759738 ], [ 106.731433180453777, -6.246191882456218 ], [ 106.73127393281132, -6.246165861378789 ], [ 106.731087896761466, -6.246060292906214 ], [ 106.730901250288198, -6.245768910194202 ], [ 106.730869927613881, -6.24430902905426 ], [ 106.730921934635845, -6.243990315989768 ], [ 106.731106836283942, -6.243750801326357 ], [ 106.731158668813052, -6.243378998531337 ], [ 106.731130747243114, -6.242954367726427 ], [ 106.730918011607343, -6.242795796337521 ], [ 106.730822162938324, -6.242688603580206 ], [ 106.730705014619886, -6.242557590171314 ], [ 106.730568199087131, -6.241283871631448 ], [ 106.730700483027576, -6.241177256112086 ], [ 106.730832418348939, -6.240964461034416 ], [ 106.730830849893294, -6.240486653102858 ], [ 106.730803539268408, -6.240247836323213 ], [ 106.731320761260875, -6.240232863447282 ], [ 106.73165362716712, -6.240144034926153 ] ] ] ] } },
{ "type": "Feature", "properties": { "ID": 86, "KECAMATAN": "Larangan", "PUSKESMAS": "Larangan Utara", "KELURAHAN": "Gaga", "AREA": 1199279.8134399999, "PERIMETER": 6030.404411, "REGENCY": "Kota Tangerang", "HECTARES": 119.928, "X_COORD": 106.72732, "Y_COORD": -6.23815 }, "geometry": { "type": "MultiPolygon", "coordinates": [ [ [ [ 106.735773781736128, -6.23326834953598 ], [ 106.735728140039598, -6.233369716478028 ], [ 106.735729449268007, -6.23376788882543 ], [ 106.735678666633305, -6.234458228922819 ], [ 106.735627709517047, -6.235095479388775 ], [ 106.73560275480871, -6.23557337356547 ], [ 106.735497348643847, -6.235786081610775 ], [ 106.735391593218125, -6.23589261035474 ], [ 106.735367424199339, -6.236609408004246 ], [ 106.735606683865456, -6.236767890569312 ], [ 106.735739838835201, -6.236926722559989 ], [ 106.735874391358038, -6.237510271571834 ], [ 106.735824134032967, -6.238359880539838 ], [ 106.735533043687681, -6.238573200596148 ], [ 106.735003652906826, -6.238920031169735 ], [ 106.734818230613826, -6.239000277301937 ], [ 106.734393809384343, -6.239001675109466 ], [ 106.733969562598588, -6.239056162260433 ], [ 106.733597932066331, -6.238977750230022 ], [ 106.733067230744595, -6.238926406490291 ], [ 106.732722039408131, -6.23882136163425 ], [ 106.732350670549692, -6.238822583222039 ], [ 106.732325626395024, -6.239273933185526 ], [ 106.731715432561728, -6.239249394753481 ], [ 106.731476869422536, -6.239303269442305 ], [ 106.731451998907772, -6.239807709324367 ], [ 106.73155871468191, -6.239993174581848 ], [ 106.73165362716712, -6.240144034926153 ], [ 106.731320761260875, -6.240232863447282 ], [ 106.730803539268408, -6.240247836323213 ], [ 106.730830849893294, -6.240486653102858 ], [ 106.730832418348939, -6.240964461034416 ], [ 106.730700483027576, -6.241177256112086 ], [ 106.730568199087131, -6.241283871631448 ], [ 106.730705014619886, -6.242557590171314 ], [ 106.730822162938324, -6.242688603580206 ], [ 106.73050689330617, -6.242810420687174 ], [ 106.729526019436719, -6.242999460836534 ], [ 106.728253003341365, -6.24308327786924 ], [ 106.727298218700966, -6.243139502462085 ], [ 106.726422578600619, -6.243062739632909 ], [ 106.725971364785735, -6.242984583710657 ], [ 106.725440831735128, -6.242986323113378 ], [ 106.724989357285509, -6.242828531395268 ], [ 106.724379244127846, -6.242830530474633 ], [ 106.723927769891944, -6.242672737720203 ], [ 106.723636150193798, -6.242726783246255 ], [ 106.722999162961543, -6.242622687583103 ], [ 106.722096735553421, -6.242466368952097 ], [ 106.720982094801954, -6.242310742449936 ], [ 106.720877374628571, -6.242735809700892 ], [ 106.720559054109401, -6.24273685028558 ], [ 106.719816132801299, -6.242686187493172 ], [ 106.719572387555303, -6.242696018836728 ], [ 106.719572908431317, -6.242679320445188 ], [ 106.719594308876268, -6.241993261829343 ], [ 106.719301128080133, -6.241507886687995 ], [ 106.719170896182774, -6.241313778859582 ], [ 106.719169733288453, -6.240957138627126 ], [ 106.719167989074052, -6.240422178269017 ], [ 106.719021293706149, -6.240147068588967 ], [ 106.718810275463937, -6.240018068633141 ], [ 106.718760619796825, -6.239694008777063 ], [ 106.718824308846948, -6.239353367894684 ], [ 106.718904038997621, -6.238964041383958 ], [ 106.718967780822609, -6.238639611447726 ], [ 106.719184916878234, -6.23816067550612 ], [ 106.719490912527235, -6.237608499627828 ], [ 106.71964033222109, -6.23749900717223 ], [ 106.719668685078489, -6.237478230625431 ], [ 106.719797594619493, -6.237267065654153 ], [ 106.719796960488608, -6.237072534653402 ], [ 106.719941065411817, -6.236553309406271 ], [ 106.720198778206168, -6.236098557667783 ], [ 106.720343305484562, -6.235709019778386 ], [ 106.720753353601012, -6.234775543721166 ], [ 106.720801793464119, -6.234726752318717 ], [ 106.720996187139335, -6.234726117584487 ], [ 106.721057646521629, -6.234676585371871 ], [ 106.721090475476288, -6.234877702114291 ], [ 106.72106611335893, -6.235541414435857 ], [ 106.721199524297518, -6.235779886482169 ], [ 106.721571586029285, -6.235991033504783 ], [ 106.721811016184205, -6.236202613597678 ], [ 106.721758483156648, -6.236362057057508 ], [ 106.721812575389094, -6.236680423888703 ], [ 106.721919287373936, -6.236865892231659 ], [ 106.722371102668006, -6.237129868307761 ], [ 106.722716726012806, -6.23736764584551 ], [ 106.723194981727033, -6.237604989239835 ], [ 106.72356687189955, -6.23776304428369 ], [ 106.723806043374609, -6.237894988053741 ], [ 106.7240715678588, -6.237973754897267 ], [ 106.724416064234788, -6.237866446233673 ], [ 106.724600360641645, -6.237441118748606 ], [ 106.724732037988176, -6.237148689826595 ], [ 106.724783875822396, -6.236776886508415 ], [ 106.725127329727229, -6.236351037994802 ], [ 106.725339193139945, -6.23624416329316 ], [ 106.725604543118706, -6.23626983960802 ], [ 106.72589676670718, -6.236401608731612 ], [ 106.726188643033211, -6.236427197833241 ], [ 106.726532355964125, -6.236080983624758 ], [ 106.726665161151885, -6.23613363892512 ], [ 106.727063489943262, -6.236265059638184 ], [ 106.727355279171462, -6.236264103160045 ], [ 106.727567054947798, -6.236130682760264 ], [ 106.727804835375295, -6.235837905730932 ], [ 106.728122020435293, -6.23549177784755 ], [ 106.728625758107484, -6.235410490075166 ], [ 106.729156282644553, -6.23540874956899 ], [ 106.730283429200369, -6.235338686976667 ], [ 106.731211323626866, -6.23517636854485 ], [ 106.731820641766276, -6.234935460107677 ], [ 106.732112429523056, -6.234934501199583 ], [ 106.732537109420278, -6.235012740736603 ], [ 106.732828897108604, -6.235011781420113 ], [ 106.733305321634674, -6.234691673008284 ], [ 106.733967079432745, -6.234264774101592 ], [ 106.734867134406002, -6.23370436479516 ], [ 106.735131347938179, -6.233384953726489 ], [ 106.735343032670812, -6.23322498622196 ], [ 106.735359265973443, -6.233154912683217 ], [ 106.735551869913849, -6.233222226519281 ], [ 106.73563576180311, -6.23325154616424 ], [ 106.735773781736128, -6.23326834953598 ] ] ] ] } },
{ "type": "Feature", "properties": { "ID": 87, "KECAMATAN": "Larangan", "PUSKESMAS": "Larangan Utara", "KELURAHAN": "Larangan Selatan", "AREA": 1382349.5707100001, "PERIMETER": 4932.586642, "REGENCY": "Kota Tangerang", "HECTARES": 138.235, "X_COORD": 106.72526, "Y_COORD": -6.24769 }, "geometry": { "type": "MultiPolygon", "coordinates": [ [ [ [ 106.719044037652964, -6.245263247535467 ], [ 106.719334496333829, -6.244287979635143 ], [ 106.719477861313152, -6.243541801166314 ], [ 106.71957230966008, -6.242698516026142 ], [ 106.719572387555303, -6.242696018836728 ], [ 106.719816132801299, -6.242686187493172 ], [ 106.720559054109401, -6.24273685028558 ], [ 106.720877374628571, -6.242735809700892 ], [ 106.720982094801954, -6.242310742449936 ], [ 106.722096735553421, -6.242466368952097 ], [ 106.722999162961543, -6.242622687583103 ], [ 106.723636150193798, -6.242726783246255 ], [ 106.723927769891944, -6.242672737720203 ], [ 106.724379244127846, -6.242830530474633 ], [ 106.724989357285509, -6.242828531395268 ], [ 106.725440831735128, -6.242986323113378 ], [ 106.725971364785735, -6.242984583710657 ], [ 106.726422578600619, -6.243062739632909 ], [ 106.727298218700966, -6.243139502462085 ], [ 106.728253003341365, -6.24308327786924 ], [ 106.729526019436719, -6.242999460836534 ], [ 106.73050689330617, -6.242810420687174 ], [ 106.730822162938324, -6.242688603580206 ], [ 106.730918011607343, -6.242795796337521 ], [ 106.731130747243114, -6.242954367726427 ], [ 106.731158668813052, -6.243378998531337 ], [ 106.731106836283942, -6.243750801326357 ], [ 106.730921934635845, -6.243990315989768 ], [ 106.730869927613881, -6.24430902905426 ], [ 106.730901250288198, -6.245768910194202 ], [ 106.731087896761466, -6.246060292906214 ], [ 106.73127393281132, -6.246165861378789 ], [ 106.731433180453777, -6.246191882456218 ], [ 106.731513284144881, -6.246350889759738 ], [ 106.73151476744826, -6.246802152542772 ], [ 106.731489113254099, -6.247067688553881 ], [ 106.731330563352245, -6.247254026540872 ], [ 106.731172013343041, -6.247440364509796 ], [ 106.730853691717215, -6.247441412103763 ], [ 106.73069487978303, -6.247548115349463 ], [ 106.730775943174422, -6.247999116427982 ], [ 106.730882399474126, -6.248104946744073 ], [ 106.731200983274277, -6.248183533639215 ], [ 106.731494087619879, -6.248580746066878 ], [ 106.731495746014815, -6.249085098550943 ], [ 106.731412764411061, -6.249202164084302 ], [ 106.731363722594736, -6.249271349351555 ], [ 106.731124980574933, -6.24927213538139 ], [ 106.730807268631523, -6.249458997389929 ], [ 106.730790672487558, -6.249630776440608 ], [ 106.73063383085146, -6.250152618382366 ], [ 106.730635089184176, -6.250535400677414 ], [ 106.730708857467988, -6.251157185761851 ], [ 106.730686758917614, -6.251707513985322 ], [ 106.730712633477083, -6.252305532540169 ], [ 106.730785773200509, -6.252735926366061 ], [ 106.730776788145505, -6.25295823005703 ], [ 106.729676423286037, -6.253074449741998 ], [ 106.729268700128401, -6.253044414798337 ], [ 106.729001390947914, -6.252978476424338 ], [ 106.728892126156026, -6.252951523533412 ], [ 106.728061053566108, -6.252907191789697 ], [ 106.725363561218458, -6.252633663433583 ], [ 106.722823050624328, -6.252422359606252 ], [ 106.721599982007717, -6.2523636136257 ], [ 106.720358787399803, -6.252305585895077 ], [ 106.720443059607121, -6.251992347333532 ], [ 106.720320783141986, -6.251155397799481 ], [ 106.720102719608448, -6.250270912939429 ], [ 106.719575496181719, -6.249889848961478 ], [ 106.719359622308176, -6.249675236302351 ], [ 106.719165938026151, -6.248934216466518 ], [ 106.719068900945572, -6.248503896354724 ], [ 106.719091949684298, -6.2482406537494 ], [ 106.71924745816662, -6.247609440878818 ], [ 106.719239381210215, -6.247408925022786 ], [ 106.719254205343958, -6.246987388276426 ], [ 106.719221170702056, -6.246792963182133 ], [ 106.719057796666959, -6.246372008756333 ], [ 106.71904861232693, -6.246039711413995 ], [ 106.718998426016867, -6.245553542663503 ], [ 106.719030032291869, -6.24531027303424 ], [ 106.719044037652964, -6.245263247535467 ] ] ] ] } },
{ "type": "Feature", "properties": { "ID": 88, "KECAMATAN": "Larangan", "PUSKESMAS": "Larangan Utara", "KELURAHAN": "Larangan Indah", "AREA": 797592.98317999998, "PERIMETER": 3652.909526, "REGENCY": "Kota Tangerang", "HECTARES": 79.759, "X_COORD": 106.73151, "Y_COORD": -6.22857 }, "geometry": { "type": "MultiPolygon", "coordinates": [ [ [ [ 106.735359265973443, -6.233154912683217 ], [ 106.735084346131629, -6.233058829804572 ], [ 106.734386977262076, -6.232817960030705 ], [ 106.733738526095138, -6.232674194144072 ], [ 106.733106221159346, -6.232514163304721 ], [ 106.732409597923549, -6.232500241817809 ], [ 106.731704369707899, -6.232332343237569 ], [ 106.731120716222378, -6.232188360934931 ], [ 106.730115562130976, -6.231948495105367 ], [ 106.72868885485633, -6.231596532180046 ], [ 106.727862212462782, -6.231453342347334 ], [ 106.727472845580721, -6.231276296741935 ], [ 106.727592775989592, -6.230797678540169 ], [ 106.727493936476264, -6.230295460433037 ], [ 106.727492239853788, -6.229776713068295 ], [ 106.727604468281967, -6.229419702872074 ], [ 106.727684351153457, -6.229079009654636 ], [ 106.727699861177868, -6.228868215496841 ], [ 106.727666720514492, -6.228641369641342 ], [ 106.727536808632692, -6.228544528898472 ], [ 106.727390803575744, -6.228480162864934 ], [ 106.727390326554726, -6.228334265151775 ], [ 106.727389478545476, -6.228074891437315 ], [ 106.727371742421468, -6.227604829606142 ], [ 106.727160887881013, -6.227524464695877 ], [ 106.727144052845858, -6.227329987404606 ], [ 106.727159775169895, -6.227184036643154 ], [ 106.727280023885299, -6.226802683774542 ], [ 106.727311362540263, -6.226478360550954 ], [ 106.727294156725989, -6.226170407248996 ], [ 106.727292938218682, -6.225797557484093 ], [ 106.727146139461439, -6.225490028245956 ], [ 106.7270966416108, -6.225214602624074 ], [ 106.727095847137463, -6.224971439700352 ], [ 106.727127662774109, -6.224793014219067 ], [ 106.727142802641666, -6.224468743987866 ], [ 106.727148922839774, -6.224382222579058 ], [ 106.729009236163989, -6.224329587007665 ], [ 106.730923056747415, -6.224096423820274 ], [ 106.732081291866365, -6.223916153922229 ], [ 106.732408947537721, -6.22396549914571 ], [ 106.732787068982887, -6.22403988865918 ], [ 106.733857586498047, -6.22399855869455 ], [ 106.733984040366565, -6.22414940416698 ], [ 106.734085716196375, -6.224426381632004 ], [ 106.734212418351063, -6.224652856571004 ], [ 106.734447065709332, -6.224694754734468 ], [ 106.734453439339077, -6.224852924635971 ], [ 106.734507971288167, -6.22530401274931 ], [ 106.73450927789041, -6.225702185476822 ], [ 106.734669215919382, -6.225940566029966 ], [ 106.735093713733235, -6.225965715754789 ], [ 106.735386018979028, -6.226124025424813 ], [ 106.735598224319361, -6.226123327601372 ], [ 106.735731288534339, -6.22625561557119 ], [ 106.735760604163701, -6.227104962877423 ], [ 106.735644072205815, -6.227968062501232 ], [ 106.735697995752659, -6.228233336266845 ], [ 106.735621994001434, -6.229321936073895 ], [ 106.735731935434799, -6.230489559327285 ], [ 106.735733854775688, -6.231073545497146 ], [ 106.735814130531352, -6.231285642158682 ], [ 106.735920234216792, -6.23128529288346 ], [ 106.7359213686196, -6.231630375576839 ], [ 106.735896588014995, -6.232161359352292 ], [ 106.735660297701273, -6.232905400396246 ], [ 106.735551869913849, -6.233222226519281 ], [ 106.735359265973443, -6.233154912683217 ] ] ] ] } },
{ "type": "Feature", "properties": { "ID": 90, "KECAMATAN": "Ciledug", "PUSKESMAS": "Paninggilan", "KELURAHAN": "Sudimara Timur", "AREA": 842974.00202500005, "PERIMETER": 3882.542521, "REGENCY": "Kota Tangerang", "HECTARES": 84.297, "X_COORD": 106.71875, "Y_COORD": -6.23226 }, "geometry": { "type": "MultiPolygon", "coordinates": [ [ [ [ 106.721057646521629, -6.234676585371871 ], [ 106.720996187139335, -6.234726117584487 ], [ 106.720801793464119, -6.234726752318717 ], [ 106.720753353601012, -6.234775543721166 ], [ 106.720343305484562, -6.235709019778386 ], [ 106.720198778206168, -6.236098557667783 ], [ 106.719941065411817, -6.236553309406271 ], [ 106.719796960488608, -6.237072534653402 ], [ 106.719797594619493, -6.237267065654153 ], [ 106.719668685078489, -6.237478230625431 ], [ 106.71964033222109, -6.23749900717223 ], [ 106.719096516032408, -6.237578561561832 ], [ 106.718101816247781, -6.237595079247708 ], [ 106.717358728781463, -6.2374913207671 ], [ 106.716907605563435, -6.237439700460101 ], [ 106.716482836094812, -6.237334903135123 ], [ 106.715793578698751, -6.237469875295814 ], [ 106.715156769652708, -6.237418858166627 ], [ 106.714294423927186, -6.237369315031079 ], [ 106.7142942693891, -6.237302211181765 ], [ 106.714346114850969, -6.236930406866517 ], [ 106.714371347572438, -6.2365321437522 ], [ 106.714370053871349, -6.236133966946715 ], [ 106.714236559179483, -6.235868947227267 ], [ 106.714103754445802, -6.235816288432606 ], [ 106.714023571535378, -6.235630731406251 ], [ 106.714260067643792, -6.234939781633688 ], [ 106.714338439742761, -6.23456789106636 ], [ 106.714284352377931, -6.234249522144572 ], [ 106.714363069340891, -6.233983812088735 ], [ 106.714495356251717, -6.233877200215 ], [ 106.714228454881876, -6.233373705570133 ], [ 106.714068521197561, -6.233135316953534 ], [ 106.714067314616557, -6.232763685161636 ], [ 106.714118643605659, -6.232232610118756 ], [ 106.714090910909775, -6.23186106455639 ], [ 106.714354794559156, -6.231435480168592 ], [ 106.714353243421627, -6.230957667905008 ], [ 106.714511969765951, -6.230824424867396 ], [ 106.714829422202925, -6.230557938712812 ], [ 106.714762201819397, -6.230279430566919 ], [ 106.714973118295987, -6.229880563802027 ], [ 106.714786745867997, -6.229668806541355 ], [ 106.714653512015289, -6.229483421844551 ], [ 106.714572641247486, -6.229085503650814 ], [ 106.714571262801556, -6.228660781650087 ], [ 106.714570056740001, -6.228289149893763 ], [ 106.714621816711798, -6.227890800601116 ], [ 106.714673576686266, -6.227492451319093 ], [ 106.714778991656601, -6.227279745516384 ], [ 106.714959634383561, -6.226930503232031 ], [ 106.7152727885709, -6.227120617997671 ], [ 106.715944020641416, -6.227317944272467 ], [ 106.716705636811056, -6.227442426936029 ], [ 106.716995795966071, -6.227495894236074 ], [ 106.717702686796528, -6.227511730619467 ], [ 106.718282769187468, -6.227546116138443 ], [ 106.71878138250004, -6.227607972070439 ], [ 106.719126385371908, -6.227806356391704 ], [ 106.719634739595833, -6.228076756471062 ], [ 106.720052474758063, -6.228347451369597 ], [ 106.720506694363493, -6.228690575245739 ], [ 106.721033291987098, -6.228997188239251 ], [ 106.721432490785489, -6.229140982457457 ], [ 106.722012928847079, -6.22928418468733 ], [ 106.722575006573464, -6.229354897815197 ], [ 106.723119019545862, -6.229443806392693 ], [ 106.723450378217521, -6.229442723842934 ], [ 106.723466057090235, -6.229587245802621 ], [ 106.723466797592721, -6.229814198261378 ], [ 106.723305280589969, -6.229960625575471 ], [ 106.723014909364949, -6.230334428752036 ], [ 106.722804952739367, -6.2305296474425 ], [ 106.722691821824142, -6.230611072333427 ], [ 106.722425140838851, -6.230798370689515 ], [ 106.722280615603054, -6.231187908425674 ], [ 106.722233709388703, -6.231706815925288 ], [ 106.72204085013675, -6.232177566931025 ], [ 106.721848149243144, -6.232696950658851 ], [ 106.721511186391865, -6.233686926762065 ], [ 106.721333838393988, -6.233946883172328 ], [ 106.72126978069214, -6.234174047458097 ], [ 106.721189629226373, -6.234433686463342 ], [ 106.72107697304854, -6.234661009461587 ], [ 106.721057646521629, -6.234676585371871 ] ] ] ] } },
{ "type": "Feature", "properties": { "ID": 91, "KECAMATAN": "Ciledug", "PUSKESMAS": "Ciledug", "KELURAHAN": "Sudimara Barat", "AREA": 1010770.47048, "PERIMETER": 5732.294001, "REGENCY": "Kota Tangerang", "HECTARES": 101.077, "X_COORD": 106.70595, "Y_COORD": -6.23151 }, "geometry": { "type": "MultiPolygon", "coordinates": [ [ [ [ 106.710246963975649, -6.238533476871004 ], [ 106.710201037254166, -6.238894969231773 ], [ 106.710016039118855, -6.239107933555275 ], [ 106.70977712690464, -6.239055618275013 ], [ 106.709325399070408, -6.238818175320604 ], [ 106.708582824093682, -6.238873675646714 ], [ 106.70786651750916, -6.238849453327623 ], [ 106.70730954278612, -6.238877804555278 ], [ 106.706991222324888, -6.238878836302027 ], [ 106.706566279629101, -6.238720940306026 ], [ 106.706326766403237, -6.238482806707072 ], [ 106.706220230284956, -6.238350424265629 ], [ 106.706034543435422, -6.238351025706697 ], [ 106.705636642982441, -6.238352314288822 ], [ 106.705636213809726, -6.238219588088814 ], [ 106.705556462070589, -6.238166755281213 ], [ 106.705185345786134, -6.238247593333924 ], [ 106.70478744523416, -6.238248881253489 ], [ 106.704787016282211, -6.238116154994013 ], [ 106.704283008923099, -6.238117785892855 ], [ 106.703672894571753, -6.238119759494369 ], [ 106.703259553985689, -6.238078377703308 ], [ 106.703243612310175, -6.237953082589155 ], [ 106.703176772251197, -6.237321060844201 ], [ 106.703126603198641, -6.236834886197648 ], [ 106.702946784640559, -6.236332919319566 ], [ 106.70283150362404, -6.235749687577766 ], [ 106.702651162964003, -6.23508560976359 ], [ 106.702519892447, -6.234567274357061 ], [ 106.702364087633782, -6.233976067515976 ], [ 106.702314809179157, -6.233765480592598 ], [ 106.702216879724816, -6.233538839518053 ], [ 106.702150826865505, -6.233149983095529 ], [ 106.702036018677063, -6.232712650318946 ], [ 106.701986270286525, -6.232356163647127 ], [ 106.701969391409847, -6.232145472012253 ], [ 106.701935999515229, -6.23183756622883 ], [ 106.701853956852787, -6.231513606206504 ], [ 106.701739619765462, -6.231222172841623 ], [ 106.701657577413613, -6.230898212722743 ], [ 106.701859209446425, -6.230630076584156 ], [ 106.701891138319652, -6.230484072374731 ], [ 106.702019950741189, -6.230240488076851 ], [ 106.702181005313378, -6.229948166005955 ], [ 106.702325390071778, -6.229509996582881 ], [ 106.702469931409865, -6.229120460385894 ], [ 106.702565456323413, -6.228601392498827 ], [ 106.702564515981251, -6.228309593262499 ], [ 106.70248273527227, -6.228066688600595 ], [ 106.702352826478929, -6.227969840343913 ], [ 106.702190518886127, -6.227873096567829 ], [ 106.702012116360947, -6.22780882712893 ], [ 106.70188225991285, -6.22772818978951 ], [ 106.701720109078735, -6.227680079052977 ], [ 106.701574105477647, -6.227615704939407 ], [ 106.701581343840431, -6.227348196038238 ], [ 106.701676869824581, -6.226829128128397 ], [ 106.701747532719153, -6.226556853549693 ], [ 106.701756874967117, -6.226520856477022 ], [ 106.701805003310071, -6.226374800074415 ], [ 106.701998821589683, -6.226195851359328 ], [ 106.702160188796768, -6.226000796027004 ], [ 106.702354059030341, -6.225838058321333 ], [ 106.702418490962685, -6.225724371814982 ], [ 106.702547511405498, -6.225545632011471 ], [ 106.702579335720628, -6.225367205728295 ], [ 106.702471977716925, -6.224727208038291 ], [ 106.702390406859905, -6.224549147458206 ], [ 106.702307607069642, -6.224457675452063 ], [ 106.702633680101044, -6.224332698461187 ], [ 106.703101328999864, -6.223914000552193 ], [ 106.703146899036511, -6.22404935401212 ], [ 106.70336613904513, -6.224592764654047 ], [ 106.703512416267131, -6.224991312440891 ], [ 106.703857414158577, -6.225189708808377 ], [ 106.704274381763099, -6.225224637193875 ], [ 106.704745604161801, -6.225223115506236 ], [ 106.705253015796714, -6.2252033392374 ], [ 106.705742127758285, -6.225129209897616 ], [ 106.706340275684909, -6.225145413868169 ], [ 106.707082946195158, -6.22501605192692 ], [ 106.708223872861282, -6.224740302627811 ], [ 106.708785185634397, -6.224575250969688 ], [ 106.708855770725506, -6.224566542743933 ], [ 106.709238106551084, -6.224519373034413 ], [ 106.709799887760241, -6.224499416573822 ], [ 106.710326531723567, -6.224513148045401 ], [ 106.710300891609009, -6.224679550870231 ], [ 106.710275567998693, -6.225051269457448 ], [ 106.710117872133338, -6.225503053353255 ], [ 106.709853470902189, -6.225769364671654 ], [ 106.709668819216787, -6.226088508538905 ], [ 106.709271615554499, -6.226302158950782 ], [ 106.708953732179481, -6.226435915838892 ], [ 106.708609751645568, -6.226702484514711 ], [ 106.708265770739814, -6.226969053058593 ], [ 106.708293326589555, -6.227287509757859 ], [ 106.708506479543189, -6.227578820018248 ], [ 106.708613184872775, -6.227764292904729 ], [ 106.708561420193178, -6.228162642847781 ], [ 106.708297703662808, -6.228641315641851 ], [ 106.708192028110815, -6.228774385286114 ], [ 106.707900068442939, -6.228722239587764 ], [ 106.707582955434177, -6.229094903131683 ], [ 106.707106684606657, -6.229468081711508 ], [ 106.706683551346373, -6.229867633613597 ], [ 106.706790428375598, -6.230106197366689 ], [ 106.706712136234259, -6.23050463337829 ], [ 106.706686639322683, -6.230823262016501 ], [ 106.706792916125991, -6.230876009088581 ], [ 106.707005212378547, -6.230901867465491 ], [ 106.707165142505204, -6.23114025930331 ], [ 106.707272620895665, -6.231564639386742 ], [ 106.707048048076274, -6.231844094242012 ], [ 106.707579261816946, -6.232054738186224 ], [ 106.708083691878386, -6.232185831776825 ], [ 106.708244138262586, -6.23258349429439 ], [ 106.708271094080089, -6.232716134391525 ], [ 106.708430767745554, -6.232874889903449 ], [ 106.708829007170408, -6.232979781143782 ], [ 106.70893554234722, -6.233112163200697 ], [ 106.708884036293398, -6.233590148774097 ], [ 106.708619459489242, -6.233803370268057 ], [ 106.708328270103848, -6.233990132451201 ], [ 106.708223109305877, -6.234282473615437 ], [ 106.70830423517755, -6.234760029421129 ], [ 106.708305266241851, -6.235078571896682 ], [ 106.708650798229783, -6.235289815590592 ], [ 106.708730635587102, -6.235369193169049 ], [ 106.708599464133997, -6.235820891629849 ], [ 106.708547528409397, -6.236166151271151 ], [ 106.70854855985489, -6.23648469368915 ], [ 106.708416528678256, -6.236670940176125 ], [ 106.708098725355569, -6.236831243472044 ], [ 106.708099412873253, -6.237043605129207 ], [ 106.708232647511139, -6.237228991540725 ], [ 106.708604019974516, -6.23722778725965 ], [ 106.708816232777906, -6.237227098981638 ], [ 106.709082616691035, -6.237571326022993 ], [ 106.709375527602248, -6.237915466753346 ], [ 106.709588514865118, -6.23815368475693 ], [ 106.709907522847814, -6.238365013005793 ], [ 106.710246963975649, -6.238533476871004 ] ] ] ] } },
{ "type": "Feature", "properties": { "ID": 92, "KECAMATAN": "Ciledug", "PUSKESMAS": "Ciledug", "KELURAHAN": "Sudimara Jaya", "AREA": 919394.24880199996, "PERIMETER": 4582.615656, "REGENCY": "Kota Tangerang", "HECTARES": 91.939, "X_COORD": 106.71083, "Y_COORD": -6.23152 }, "geometry": { "type": "MultiPolygon", "coordinates": [ [ [ [ 106.714294423927186, -6.237369315031079 ], [ 106.71428122176637, -6.237368617141398 ], [ 106.713538737440871, -6.237450668890586 ], [ 106.712610739030652, -6.237586413622933 ], [ 106.712133088512118, -6.237534875354688 ], [ 106.711151777435106, -6.237591154586978 ], [ 106.710329539189829, -6.237620370163683 ], [ 106.710278637578654, -6.238284171799548 ], [ 106.710246963975649, -6.238533476871004 ], [ 106.709907522847814, -6.238365013005793 ], [ 106.709588514865118, -6.23815368475693 ], [ 106.709375527602248, -6.237915466753346 ], [ 106.709082616691035, -6.237571326022993 ], [ 106.708816232777906, -6.237227098981638 ], [ 106.708604019974516, -6.23722778725965 ], [ 106.708232647511139, -6.237228991540725 ], [ 106.708099412873253, -6.237043605129207 ], [ 106.708098725355569, -6.236831243472044 ], [ 106.708416528678256, -6.236670940176125 ], [ 106.70854855985489, -6.23648469368915 ], [ 106.708547528409397, -6.236166151271151 ], [ 106.708599464133997, -6.235820891629849 ], [ 106.708730635587102, -6.235369193169049 ], [ 106.708650798229783, -6.235289815590592 ], [ 106.708305266241851, -6.235078571896682 ], [ 106.70830423517755, -6.234760029421129 ], [ 106.708223109305877, -6.234282473615437 ], [ 106.708328270103848, -6.233990132451201 ], [ 106.708619459489242, -6.233803370268057 ], [ 106.708884036293398, -6.233590148774097 ], [ 106.70893554234722, -6.233112163200697 ], [ 106.708829007170408, -6.232979781143782 ], [ 106.708430767745554, -6.232874889903449 ], [ 106.708271094080089, -6.232716134391525 ], [ 106.708244138262586, -6.23258349429439 ], [ 106.708083691878386, -6.232185831776825 ], [ 106.707579261816946, -6.232054738186224 ], [ 106.707048048076274, -6.231844094242012 ], [ 106.707272620895665, -6.231564639386742 ], [ 106.707165142505204, -6.23114025930331 ], [ 106.707005212378547, -6.230901867465491 ], [ 106.706792916125991, -6.230876009088581 ], [ 106.706686639322683, -6.230823262016501 ], [ 106.706712136234259, -6.23050463337829 ], [ 106.706790428375598, -6.230106197366689 ], [ 106.706683551346373, -6.229867633613597 ], [ 106.707106684606657, -6.229468081711508 ], [ 106.707582955434177, -6.229094903131683 ], [ 106.707900068442939, -6.228722239587764 ], [ 106.708192028110815, -6.228774385286114 ], [ 106.708297703662808, -6.228641315641851 ], [ 106.708561420193178, -6.228162642847781 ], [ 106.708613184872775, -6.227764292904729 ], [ 106.708506479543189, -6.227578820018248 ], [ 106.708293326589555, -6.227287509757859 ], [ 106.708265770739814, -6.226969053058593 ], [ 106.708609751645568, -6.226702484514711 ], [ 106.708953732179481, -6.226435915838892 ], [ 106.709271615554499, -6.226302158950782 ], [ 106.709668819216787, -6.226088508538905 ], [ 106.709853470902189, -6.225769364671654 ], [ 106.710117872133338, -6.225503053353255 ], [ 106.710275567998693, -6.225051269457448 ], [ 106.710300891609009, -6.224679550870231 ], [ 106.710326531723567, -6.224513148045401 ], [ 106.710416157694453, -6.224515557382905 ], [ 106.71081511730587, -6.224586813361391 ], [ 106.711196246631971, -6.224748812771249 ], [ 106.71168694148902, -6.225164377197969 ], [ 106.712014404685945, -6.225544196074272 ], [ 106.712387031190573, -6.225878525130723 ], [ 106.712695783720463, -6.226077032249649 ], [ 106.713167475117885, -6.226220598698585 ], [ 106.713730256613687, -6.22650896621052 ], [ 106.714365357688237, -6.226742686524806 ], [ 106.714945910870895, -6.226922171729139 ], [ 106.714959634383561, -6.226930503232031 ], [ 106.714778991656601, -6.227279745516384 ], [ 106.714673576686266, -6.227492451319093 ], [ 106.714621816711798, -6.227890800601116 ], [ 106.714570056740001, -6.228289149893763 ], [ 106.714571262801556, -6.228660781650087 ], [ 106.714572641247486, -6.229085503650814 ], [ 106.714653512015289, -6.229483421844551 ], [ 106.714786745867997, -6.229668806541355 ], [ 106.714973118295987, -6.229880563802027 ], [ 106.714762201819397, -6.230279430566919 ], [ 106.714829422202925, -6.230557938712812 ], [ 106.714511969765951, -6.230824424867396 ], [ 106.714353243421627, -6.230957667905008 ], [ 106.714354794559156, -6.231435480168592 ], [ 106.714090910909775, -6.23186106455639 ], [ 106.714118643605659, -6.232232610118756 ], [ 106.714067314616557, -6.232763685161636 ], [ 106.714068521197561, -6.233135316953534 ], [ 106.714228454881876, -6.233373705570133 ], [ 106.714495356251717, -6.233877200215 ], [ 106.714363069340891, -6.233983812088735 ], [ 106.714284352377931, -6.234249522144572 ], [ 106.714338439742761, -6.23456789106636 ], [ 106.714260067643792, -6.234939781633688 ], [ 106.714023571535378, -6.235630731406251 ], [ 106.714103754445802, -6.235816288432606 ], [ 106.714236559179483, -6.235868947227267 ], [ 106.714370053871349, -6.236133966946715 ], [ 106.714371347572438, -6.2365321437522 ], [ 106.714346114850969, -6.236930406866517 ], [ 106.7142942693891, -6.237302211181765 ], [ 106.714294423927186, -6.237369315031079 ] ] ] ] } },
{ "type": "Feature", "properties": { "ID": 94, "KECAMATAN": "Ciledug", "PUSKESMAS": "Tajur", "KELURAHAN": "Tajur", "AREA": 1482561.893505, "PERIMETER": 6833.913898, "REGENCY": "Kota Tangerang", "HECTARES": 148.256, "X_COORD": 106.69371, "Y_COORD": -6.23636 }, "geometry": { "type": "MultiPolygon", "coordinates": [ [ [ [ 106.694694692210831, -6.228090949755047 ], [ 106.695019986478812, -6.228272686117724 ], [ 106.695870107292862, -6.228668139056293 ], [ 106.696375130701483, -6.228985063185936 ], [ 106.696110975092793, -6.229331006088028 ], [ 106.695595372231054, -6.22985030410771 ], [ 106.695834876959736, -6.230088445044069 ], [ 106.695968020472762, -6.230247290872999 ], [ 106.696420163340733, -6.230617475868724 ], [ 106.696633398173532, -6.230935337685232 ], [ 106.69663442156272, -6.231253882148199 ], [ 106.696529339067951, -6.231572767995829 ], [ 106.696530191924182, -6.231838221723264 ], [ 106.696716047998109, -6.231890714993474 ], [ 106.696875206982142, -6.231890202820138 ], [ 106.69719343958883, -6.23186263296608 ], [ 106.697406590172747, -6.2321539488323 ], [ 106.697593129149197, -6.232418804598649 ], [ 106.697806450945876, -6.232763210884342 ], [ 106.697781887866839, -6.233373839452648 ], [ 106.697361133291722, -6.234516656633467 ], [ 106.697283260743873, -6.235047820091993 ], [ 106.697284285205939, -6.235366364397779 ], [ 106.697443957489511, -6.235525123906577 ], [ 106.697709651173483, -6.235656996158302 ], [ 106.69771093220713, -6.236055176442317 ], [ 106.697845188561104, -6.236559110749256 ], [ 106.697726800599995, -6.236864766928643 ], [ 106.697674345039886, -6.237050755341401 ], [ 106.697568921363612, -6.23726346006146 ], [ 106.697357305135142, -6.237449961303753 ], [ 106.697358500862308, -6.23782159627854 ], [ 106.697332828196465, -6.238087135303134 ], [ 106.697201816992504, -6.238591924434757 ], [ 106.697308607673392, -6.238803945367417 ], [ 106.69754769093916, -6.238909357378324 ], [ 106.697627784104384, -6.239068372986289 ], [ 106.697628894887316, -6.239413462536166 ], [ 106.697868576721461, -6.239704691730978 ], [ 106.698240551321319, -6.239889311667287 ], [ 106.698373784161319, -6.240074701302714 ], [ 106.698374724616258, -6.240366700028451 ], [ 106.69837805931806, -6.241401968210504 ], [ 106.698645467094607, -6.242064745763161 ], [ 106.698937691640168, -6.242196530791236 ], [ 106.69920373157855, -6.242434582543606 ], [ 106.699469343830003, -6.242539907488347 ], [ 106.699788266954243, -6.242724696902973 ], [ 106.700107190267403, -6.242909486062394 ], [ 106.70024110973614, -6.243307237298507 ], [ 106.700427312750335, -6.243465909267613 ], [ 106.700659413761073, -6.243628737096544 ], [ 106.700363255349075, -6.243976761034353 ], [ 106.700056450260121, -6.244285765943845 ], [ 106.699749383358181, -6.244513715355412 ], [ 106.699490340936762, -6.244563185767166 ], [ 106.699004498970865, -6.244613388372322 ], [ 106.698340352636919, -6.244631743521034 ], [ 106.697773196954884, -6.244584939855551 ], [ 106.697368197609407, -6.244586246352017 ], [ 106.697224926981463, -6.244566209907281 ], [ 106.69721098448403, -6.244369275281394 ], [ 106.696962659728115, -6.244370076102068 ], [ 106.695776041079668, -6.244318679386578 ], [ 106.694230730196367, -6.244268434829152 ], [ 106.693844357956479, -6.244242067643113 ], [ 106.693458074405711, -6.244243310817852 ], [ 106.693099205051311, -6.244189243620408 ], [ 106.692795519084413, -6.244134998657313 ], [ 106.69246370941454, -6.243915178219138 ], [ 106.692159580316641, -6.243722879457488 ], [ 106.691919698207869, -6.243712930485779 ], [ 106.691552474720581, -6.243697220103432 ], [ 106.691111096326736, -6.243726249495266 ], [ 106.690835090809202, -6.243699525307425 ], [ 106.690723838288335, -6.243423772918335 ], [ 106.690694918091282, -6.243009701115412 ], [ 106.690611168969582, -6.242706249316371 ], [ 106.69032008433696, -6.242279213838478 ], [ 106.689987303025788, -6.241755673450239 ], [ 106.689625780626997, -6.24087328193618 ], [ 106.689292824245939, -6.240294519218778 ], [ 106.689072091929319, -6.240295227284433 ], [ 106.688437397969196, -6.240269651727366 ], [ 106.687830383796666, -6.24027159769201 ], [ 106.68730614412874, -6.240273277735381 ], [ 106.687225639576923, -6.240250539193727 ], [ 106.687112826486853, -6.240218675067259 ], [ 106.687029963456766, -6.240191329505604 ], [ 106.687029521798891, -6.240053275748887 ], [ 106.686808789324573, -6.240053982838867 ], [ 106.686752987998645, -6.239860884308539 ], [ 106.686835056122888, -6.239639733141424 ], [ 106.687028461860649, -6.239721946729566 ], [ 106.687442158227498, -6.239665399265804 ], [ 106.687579674115753, -6.239526903486668 ], [ 106.68760673552525, -6.239361150609646 ], [ 106.687467894536994, -6.239085485193796 ], [ 106.687107791908332, -6.238644862264424 ], [ 106.687161650156156, -6.238230524240675 ], [ 106.68738105702667, -6.237815655980807 ], [ 106.687353024017739, -6.237677690612832 ], [ 106.68729731130216, -6.23751220285984 ], [ 106.687324196257521, -6.237291228489133 ], [ 106.687764687148928, -6.236986096224807 ], [ 106.687984976551562, -6.236847335375345 ], [ 106.688149994749182, -6.236681140535338 ], [ 106.688232062092879, -6.236459989416576 ], [ 106.688203675689252, -6.236211581173256 ], [ 106.688492545408565, -6.235948350921801 ], [ 106.688685507937421, -6.235892510547366 ], [ 106.688795784836643, -6.235864546125181 ], [ 106.688905619880643, -6.23569852803764 ], [ 106.688904912960751, -6.235477642203382 ], [ 106.688738570027127, -6.235229676144074 ], [ 106.688793575881121, -6.235174277851855 ], [ 106.688931355543048, -6.235118614297342 ], [ 106.688792162280436, -6.234732506146844 ], [ 106.688653675973185, -6.234567283771766 ], [ 106.688598228475769, -6.234484628363858 ], [ 106.688294813083544, -6.23451321136703 ], [ 106.688376791949452, -6.234264449577443 ], [ 106.68818294683507, -6.23404418227929 ], [ 106.68854127946075, -6.233932590433823 ], [ 106.688678617239489, -6.233738873351241 ], [ 106.688843634451388, -6.233572678596737 ], [ 106.688953292522925, -6.233351439156593 ], [ 106.689283326446954, -6.233019049558461 ], [ 106.689724166332169, -6.232824359759819 ], [ 106.689697105399134, -6.232990112514674 ], [ 106.689670397946898, -6.233266308155118 ], [ 106.689671546814452, -6.233625247522412 ], [ 106.689920044234128, -6.233679672941273 ], [ 106.690030143775772, -6.233596486970546 ], [ 106.690167480848942, -6.233402769668894 ], [ 106.690359911729288, -6.233181264709854 ], [ 106.69055340344562, -6.23329108822174 ], [ 106.690609204710896, -6.233484186207261 ], [ 106.690884762571514, -6.233372858455638 ], [ 106.691020330489295, -6.232626926994086 ], [ 106.69115766697297, -6.232433209594173 ], [ 106.691516705072672, -6.232542501746307 ], [ 106.691654483642594, -6.232486837737929 ], [ 106.691736814590229, -6.232348518689258 ], [ 106.691708604255084, -6.232155332369663 ], [ 106.691431808994551, -6.231880110583138 ], [ 106.691267123881758, -6.231835731553162 ], [ 106.691290138501202, -6.23152323392575 ], [ 106.69144887268881, -6.23138999620443 ], [ 106.691502606020563, -6.231602189567053 ], [ 106.691608967353233, -6.231681485510032 ], [ 106.691900759472531, -6.231680549345612 ], [ 106.692007120862172, -6.231759845187546 ], [ 106.692193402238658, -6.231945067344543 ], [ 106.692432056212638, -6.231917755677952 ], [ 106.692537907182952, -6.231837778811829 ], [ 106.692643332668183, -6.231625074801062 ], [ 106.692669178496857, -6.231412626241137 ], [ 106.692721380672651, -6.231147001684991 ], [ 106.692800960219529, -6.2311467462374 ], [ 106.693120214567756, -6.231437723949376 ], [ 106.693359123526321, -6.23149004818803 ], [ 106.693518282667384, -6.23148953706041 ], [ 106.69365057472595, -6.231382929433066 ], [ 106.693649893645897, -6.2311705661299 ], [ 106.69364929772027, -6.230984748238028 ], [ 106.693860658272953, -6.230718612557747 ], [ 106.694152364366971, -6.230691129885399 ], [ 106.694310841932278, -6.230478255347729 ], [ 106.694496016155526, -6.230318386376199 ], [ 106.694495505176363, -6.230159113962452 ], [ 106.694282697576554, -6.229973977865649 ], [ 106.69399116216492, -6.230054551320557 ], [ 106.693646743958524, -6.230188385828898 ], [ 106.693381053859014, -6.230056510480123 ], [ 106.693380458135323, -6.229870692554666 ], [ 106.693539106132846, -6.229710909057204 ], [ 106.693671227611773, -6.229551210711088 ], [ 106.693855891130795, -6.229232069522181 ], [ 106.694146319495005, -6.228806405948492 ], [ 106.694516071085559, -6.228300850530105 ], [ 106.694694692210831, -6.228090949755047 ] ] ] ] } },
{ "type": "Feature", "properties": { "ID": 98, "KECAMATAN": "Neglasari", "PUSKESMAS": "Neglasari", "KELURAHAN": "Karangsari", "AREA": 2311208.0953210001, "PERIMETER": 6987.927931, "REGENCY": "Kota Tangerang", "HECTARES": 231.121, "X_COORD": 106.63785, "Y_COORD": -6.15652 }, "geometry": { "type": "MultiPolygon", "coordinates": [ [ [ [ 106.633087012658834, -6.148554241179508 ], [ 106.633128036142125, -6.148595050405175 ], [ 106.633469672204114, -6.148548395946324 ], [ 106.634175520111128, -6.14838660215718 ], [ 106.63492686767006, -6.148201863271043 ], [ 106.635678353812324, -6.148062733150335 ], [ 106.636247280845581, -6.147832940890391 ], [ 106.636861707395838, -6.147580203746722 ], [ 106.638113552512252, -6.147143072406492 ], [ 106.639205621555931, -6.146615208628462 ], [ 106.640776029608446, -6.146040265113116 ], [ 106.642888852903837, -6.145250039031614 ], [ 106.642905334551045, -6.145701388722792 ], [ 106.642765691653594, -6.147443186502948 ], [ 106.642796202920309, -6.147936480465651 ], [ 106.642798429704683, -6.148662043828418 ], [ 106.642683776718087, -6.149097738466461 ], [ 106.642309661843157, -6.150027618630254 ], [ 106.641906192374094, -6.15084149780852 ], [ 106.641647263900495, -6.151509818590389 ], [ 106.64118606491445, -6.152410943694068 ], [ 106.641158314051495, -6.152817348567513 ], [ 106.641261274820764, -6.153295908724338 ], [ 106.641582653065313, -6.154078536867578 ], [ 106.641673120826397, -6.155210148580727 ], [ 106.641737176881463, -6.157183503023808 ], [ 106.641754662330683, -6.158155713491015 ], [ 106.64201724770983, -6.158677315944213 ], [ 106.642948658262085, -6.159806337227914 ], [ 106.643705549593662, -6.160761757059025 ], [ 106.643851968185089, -6.16122567023287 ], [ 106.643912554534992, -6.16206714405232 ], [ 106.643830742343795, -6.163750717479205 ], [ 106.643862242517727, -6.164563258099342 ], [ 106.643994745066351, -6.165215861823176 ], [ 106.644198894286092, -6.165592528016448 ], [ 106.64419996711716, -6.165940797957144 ], [ 106.643741382987884, -6.166184843236303 ], [ 106.643314700883124, -6.166241883111753 ], [ 106.643092623586313, -6.166446888410659 ], [ 106.643069138095186, -6.166566326725805 ], [ 106.6430686453362, -6.166568832711543 ], [ 106.643044141791634, -6.166572673043333 ], [ 106.642471558781963, -6.166662411110174 ], [ 106.641154506047869, -6.166870790329671 ], [ 106.639855953285377, -6.167060535000248 ], [ 106.638946851217739, -6.167156205640475 ], [ 106.638075037361205, -6.167307484042881 ], [ 106.637165990748684, -6.167421726299015 ], [ 106.636349681231749, -6.167517107601885 ], [ 106.63576567151091, -6.167713935027471 ], [ 106.635487514506124, -6.167789087710627 ], [ 106.635004639305478, -6.167679122107574 ], [ 106.634688738173026, -6.167550068995752 ], [ 106.634600457629901, -6.167543482145677 ], [ 106.635206169895156, -6.16682406940386 ], [ 106.635298452416521, -6.166656614270883 ], [ 106.635279039753129, -6.166378054039838 ], [ 106.635054625390666, -6.165821503060687 ], [ 106.6345681119613, -6.164522769380374 ], [ 106.633847314462074, -6.162472478574477 ], [ 106.633325622517646, -6.161805388787562 ], [ 106.632915171076277, -6.1611008081489 ], [ 106.63241141627995, -6.160229340331619 ], [ 106.632187689797348, -6.159895680705016 ], [ 106.631797445582862, -6.159729702575588 ], [ 106.631592788925019, -6.159563156430393 ], [ 106.631509076094034, -6.159498401069057 ], [ 106.631657205634738, -6.159386499809041 ], [ 106.63189790181373, -6.159200016578684 ], [ 106.632120039100442, -6.159013590066083 ], [ 106.632434459055432, -6.158659708943751 ], [ 106.632600125420552, -6.158213409556731 ], [ 106.632654666577878, -6.157841748977257 ], [ 106.632653248071804, -6.157377386220695 ], [ 106.632743091013566, -6.156411227763826 ], [ 106.632770235142829, -6.154555762136929 ], [ 106.632773798474631, -6.154312194493702 ], [ 106.632776018191834, -6.151999639344681 ], [ 106.632864388778998, -6.150550543640059 ], [ 106.632878923163034, -6.149231696449484 ], [ 106.632979209037089, -6.148646287314713 ], [ 106.633087012658834, -6.148554241179508 ] ] ] ] } },
{ "type": "Feature", "properties": { "ID": 99, "KECAMATAN": "Tangerang", "PUSKESMAS": "Sukasari", "KELURAHAN": "Sukarasa", "AREA": 1561194.1471450001, "PERIMETER": 5709.221966, "REGENCY": "Kota Tangerang", "HECTARES": 156.119, "X_COORD": 106.63554, "Y_COORD": -6.17236 }, "geometry": { "type": "MultiPolygon", "coordinates": [ [ [ [ 106.634600457629901, -6.167543482145677 ], [ 106.634688738173026, -6.167550068995752 ], [ 106.635004639305478, -6.167679122107574 ], [ 106.635487514506124, -6.167789087710627 ], [ 106.63576567151091, -6.167713935027471 ], [ 106.636349681231749, -6.167517107601885 ], [ 106.637165990748684, -6.167421726299015 ], [ 106.638075037361205, -6.167307484042881 ], [ 106.638946851217739, -6.167156205640475 ], [ 106.639855953285377, -6.167060535000248 ], [ 106.641154506047869, -6.166870790329671 ], [ 106.642471558781963, -6.166662411110174 ], [ 106.643044141791634, -6.166572673043333 ], [ 106.643028897025076, -6.166846438478234 ], [ 106.642975450726539, -6.167571012064863 ], [ 106.642902988043915, -6.16814704765192 ], [ 106.642662808517599, -6.168500705529333 ], [ 106.642033462254602, -6.169041309263411 ], [ 106.641682042226705, -6.169432459113473 ], [ 106.641311776921881, -6.169730793960433 ], [ 106.641379162727148, -6.170520006609634 ], [ 106.641418281669189, -6.171169996862772 ], [ 106.641440156988025, -6.172247255919532 ], [ 106.64155482858547, -6.173324228701618 ], [ 106.64185537888082, -6.174493500752729 ], [ 106.642239418898811, -6.175653227237833 ], [ 106.642220653552116, -6.176004202622438 ], [ 106.641433781543697, -6.17620366394751 ], [ 106.640172497215673, -6.176449024073821 ], [ 106.639337788247914, -6.176600193976868 ], [ 106.638855361770439, -6.176638829739596 ], [ 106.63857742979954, -6.176788282898106 ], [ 106.638559955918865, -6.177141254463229 ], [ 106.638329821337919, -6.177745638506426 ], [ 106.637884397934556, -6.177747010440016 ], [ 106.637606236657007, -6.17782216550974 ], [ 106.637531428421553, -6.177636649584549 ], [ 106.637474209008687, -6.177135310816464 ], [ 106.637306775781894, -6.177005803842198 ], [ 106.636731494765883, -6.177026148994091 ], [ 106.636156384671139, -6.177102216927419 ], [ 106.635544212648909, -6.177196972891256 ], [ 106.63394856680975, -6.177350474346729 ], [ 106.633596395100113, -6.177500153420242 ], [ 106.633355807045831, -6.177723788299162 ], [ 106.63222374316571, -6.177745838469756 ], [ 106.630831335529578, -6.177601512442228 ], [ 106.630162686511596, -6.177436390061525 ], [ 106.629921585154449, -6.177492853063108 ], [ 106.629773110142608, -6.177493308050457 ], [ 106.62958825501083, -6.177735345549458 ], [ 106.629570945696983, -6.17814404196119 ], [ 106.629218317032979, -6.178145122369538 ], [ 106.628512832371442, -6.178072984347576 ], [ 106.62804266830463, -6.178074423864891 ], [ 106.628327989182253, -6.177474177330315 ], [ 106.628686351796105, -6.176123511467291 ], [ 106.628793277966707, -6.175469090247724 ], [ 106.628800218615012, -6.175426611323567 ], [ 106.628768115315879, -6.174410905255067 ], [ 106.628590397906052, -6.173192483822999 ], [ 106.628296775664822, -6.172003439601952 ], [ 106.628123694809119, -6.17051602492564 ], [ 106.628118086954174, -6.170465767448522 ], [ 106.628159148651292, -6.169667509532249 ], [ 106.628418098538873, -6.168999188938241 ], [ 106.62862029121483, -6.168737363775445 ], [ 106.628967919525792, -6.168620208736817 ], [ 106.629460717631517, -6.168560655370078 ], [ 106.630069686995526, -6.168558791992529 ], [ 106.630417935488396, -6.168644794971538 ], [ 106.630853179643353, -6.168730531318232 ], [ 106.631462237530428, -6.168757688975377 ], [ 106.631694048203642, -6.168698932956784 ], [ 106.632158024480887, -6.168697511326928 ], [ 106.632476652880143, -6.168580443070736 ], [ 106.632708552071435, -6.168550709319446 ], [ 106.633287811159917, -6.168316749946439 ], [ 106.63348991193385, -6.168025900977466 ], [ 106.633634104486376, -6.167764252499219 ], [ 106.633662303215729, -6.167502959746188 ], [ 106.633745502798718, -6.167335137957024 ], [ 106.633797508566673, -6.167422780444384 ], [ 106.634206090718834, -6.167514400522351 ], [ 106.634600457629901, -6.167543482145677 ] ] ] ] } },
{ "type": "Feature", "properties": { "ID": 100, "KECAMATAN": "Neglasari", "PUSKESMAS": "Neglasari", "KELURAHAN": "Mekarsari", "AREA": 2839582.5104510002, "PERIMETER": 10663.638085000001, "REGENCY": "Kota Tangerang", "HECTARES": 283.958, "X_COORD": 106.62378, "Y_COORD": -6.15374 }, "geometry": { "type": "MultiPolygon", "coordinates": [ [ [ [ 106.632770235142829, -6.154555762136929 ], [ 106.632743091013566, -6.156411227763826 ], [ 106.632653248071804, -6.157377386220695 ], [ 106.632654666577878, -6.157841748977257 ], [ 106.632600125420552, -6.158213409556731 ], [ 106.632434459055432, -6.158659708943751 ], [ 106.632120039100442, -6.159013590066083 ], [ 106.63189790181373, -6.159200016578684 ], [ 106.631657205634738, -6.159386499809041 ], [ 106.631509076094034, -6.159498401069057 ], [ 106.631592788925019, -6.159563156430393 ], [ 106.631797445582862, -6.159729702575588 ], [ 106.632187689797348, -6.159895680705016 ], [ 106.63241141627995, -6.160229340331619 ], [ 106.632915171076277, -6.1611008081489 ], [ 106.633325622517646, -6.161805388787562 ], [ 106.633847314462074, -6.162472478574477 ], [ 106.6345681119613, -6.164522769380374 ], [ 106.635054625390666, -6.165821503060687 ], [ 106.635279039753129, -6.166378054039838 ], [ 106.635298452416521, -6.166656614270883 ], [ 106.635206169895156, -6.16682406940386 ], [ 106.634600457629901, -6.167543482145677 ], [ 106.634206090718834, -6.167514400522351 ], [ 106.633797508566673, -6.167422780444384 ], [ 106.633745502798718, -6.167335137957024 ], [ 106.633582971367829, -6.167061232315217 ], [ 106.632967683239869, -6.166134384868665 ], [ 106.632370899611871, -6.16518890475981 ], [ 106.631588018503507, -6.164076820908611 ], [ 106.630731416030542, -6.163132132809572 ], [ 106.629716414673325, -6.161974317570841 ], [ 106.628710668958504, -6.160807183576744 ], [ 106.628095511088148, -6.159917475261659 ], [ 106.627629334731552, -6.159194483676093 ], [ 106.626790854098317, -6.1581011320312 ], [ 106.626194205339587, -6.157192788619778 ], [ 106.625505104326706, -6.156396174089738 ], [ 106.624964982834342, -6.155766277349441 ], [ 106.624513684705292, -6.155198585589483 ], [ 106.624331561569718, -6.154969490801146 ], [ 106.623865846756715, -6.154395090071049 ], [ 106.623475213266062, -6.154099081893849 ], [ 106.62324925294287, -6.153998137319 ], [ 106.622863710656787, -6.15403147407354 ], [ 106.622427709766313, -6.154191658441306 ], [ 106.622031870686925, -6.154510579684657 ], [ 106.621398551206823, -6.155028796202643 ], [ 106.621200390243729, -6.155108827726128 ], [ 106.620923109246405, -6.155268529104913 ], [ 106.620725068472296, -6.155388274950035 ], [ 106.620329829173727, -6.155905767735764 ], [ 106.620014311206816, -6.156542162919164 ], [ 106.619896834300349, -6.157058812407784 ], [ 106.619343472532066, -6.157775359229643 ], [ 106.618511863576742, -6.158333890637838 ], [ 106.617618012407462, -6.158712242862155 ], [ 106.61728332528763, -6.158853909844417 ], [ 106.616926439105598, -6.158934421491494 ], [ 106.616251145768416, -6.158698178527162 ], [ 106.615694654862693, -6.158382144932585 ], [ 106.615060096893387, -6.157894447777184 ], [ 106.615012203832194, -6.157857638912074 ], [ 106.614819638868511, -6.157709640375501 ], [ 106.614262070119622, -6.157036173552379 ], [ 106.613704742616349, -6.156442134949661 ], [ 106.613065898453357, -6.155133472359447 ], [ 106.612903941992414, -6.154061657476792 ], [ 106.612584103382545, -6.15326832405344 ], [ 106.612304185735624, -6.152554299615312 ], [ 106.612261393378731, -6.151521839086124 ], [ 106.612377442174363, -6.150528614026291 ], [ 106.612533769465287, -6.149733842385457 ], [ 106.612533293191291, -6.149575778339421 ], [ 106.612598914286238, -6.149575580264504 ], [ 106.612638046185381, -6.149396789021231 ], [ 106.612938328099176, -6.148791142841927 ], [ 106.613347719714227, -6.147937773767752 ], [ 106.613318184829225, -6.147250658812704 ], [ 106.613356357483141, -6.146247225550642 ], [ 106.613437838015841, -6.145944609801565 ], [ 106.613709743106384, -6.145036679710512 ], [ 106.613927217084154, -6.144293842944746 ], [ 106.614254794051448, -6.143633138344972 ], [ 106.614556066461702, -6.143357347287761 ], [ 106.614938486747604, -6.142668988884921 ], [ 106.615403379929759, -6.142007869523676 ], [ 106.61573103705507, -6.141374652697777 ], [ 106.615715937863314, -6.140921144007623 ], [ 106.61562455818877, -6.140541461070906 ], [ 106.615816319970762, -6.140555654289856 ], [ 106.616242188390984, -6.14055436794423 ], [ 106.616783910386545, -6.140455856230002 ], [ 106.616899647112845, -6.14031988156469 ], [ 106.617441660920704, -6.140318243304197 ], [ 106.617847761811163, -6.140181390638933 ], [ 106.618389482725576, -6.140082877473541 ], [ 106.619589478914463, -6.140021121603434 ], [ 106.619782937342649, -6.139981627157719 ], [ 106.619976396694227, -6.139942450459818 ], [ 106.620499051702524, -6.139940867810195 ], [ 106.62106089050441, -6.140094165524486 ], [ 106.62111931486622, -6.140210238197873 ], [ 106.621120135272065, -6.140481484975984 ], [ 106.621178676919612, -6.140636307164894 ], [ 106.621507932096591, -6.140693434187482 ], [ 106.621817888314951, -6.140769994433234 ], [ 106.62212784457742, -6.140846554475933 ], [ 106.623075486994892, -6.140553056386919 ], [ 106.623520594082876, -6.140512956031086 ], [ 106.624062665010882, -6.140530685754918 ], [ 106.624430282781347, -6.140471444963678 ], [ 106.624449905611556, -6.140404166283631 ], [ 106.624507771790562, -6.140490584601724 ], [ 106.624629049517551, -6.140806337964851 ], [ 106.624663865725395, -6.140896983812896 ], [ 106.624645917789664, -6.141362036245607 ], [ 106.624589078471743, -6.141769082057645 ], [ 106.624435157296887, -6.142079548154856 ], [ 106.624362782854789, -6.142201113376774 ], [ 106.624261819603177, -6.142370698299339 ], [ 106.624224983842296, -6.142990807492512 ], [ 106.62409159470387, -6.143688709610957 ], [ 106.623937496732481, -6.143941051545023 ], [ 106.623991844241047, -6.144313737530239 ], [ 106.624036341267512, -6.144618873455308 ], [ 106.623952257059941, -6.14561693710665 ], [ 106.62391512791244, -6.146140172666391 ], [ 106.623762909671044, -6.14701250640904 ], [ 106.623630107907076, -6.147904156137258 ], [ 106.623515136048766, -6.148292003839412 ], [ 106.62332343771412, -6.148912583717177 ], [ 106.623246887580834, -6.149203440112482 ], [ 106.623189930367374, -6.149571736674745 ], [ 106.623016179216066, -6.14972726394172 ], [ 106.622916088832895, -6.149853267804082 ], [ 106.622861903398331, -6.149921481864244 ], [ 106.623201284186123, -6.150123887440873 ], [ 106.623531250754425, -6.150413508477309 ], [ 106.623740973767909, -6.150603188094228 ], [ 106.623744776010184, -6.15060660861612 ], [ 106.623746309759738, -6.150610707103045 ], [ 106.623842388915421, -6.150877560687192 ], [ 106.624017198563266, -6.151070778340189 ], [ 106.624152821896445, -6.151109115772856 ], [ 106.62425357506207, -6.151192631647004 ], [ 106.624262118693537, -6.151200186179747 ], [ 106.624263411526897, -6.15120078524351 ], [ 106.62438570561865, -6.151302156651387 ], [ 106.624657011260425, -6.151398205972132 ], [ 106.624673165572673, -6.151451511126072 ], [ 106.62471567353073, -6.151591776583166 ], [ 106.62450408900483, -6.152038043093023 ], [ 106.624273263857489, -6.152523117948828 ], [ 106.624312980064715, -6.15285237059507 ], [ 106.62441024088838, -6.153007073983019 ], [ 106.624601175521747, -6.153125704789828 ], [ 106.625161620090978, -6.153295236368791 ], [ 106.625700326938215, -6.153460769124607 ], [ 106.626461680452479, -6.153607048280447 ], [ 106.627743917944443, -6.154160382464337 ], [ 106.628357369240732, -6.154492856707281 ], [ 106.628413893492265, -6.154771305148 ], [ 106.628414968289832, -6.155124221626413 ], [ 106.628490107919518, -6.155421187956317 ], [ 106.628750381286636, -6.155568991543077 ], [ 106.628861733030291, -6.155568651725881 ], [ 106.628953733862915, -6.15530832488103 ], [ 106.629212479078276, -6.154954615537402 ], [ 106.629620088900126, -6.154730474713531 ], [ 106.629990977508029, -6.154636468763134 ], [ 106.630139559398046, -6.154673164463211 ], [ 106.630269979135704, -6.154839938536731 ], [ 106.630622365645692, -6.154764563368325 ], [ 106.631160677692236, -6.154800068082612 ], [ 106.63123530865083, -6.154929862910996 ], [ 106.631458635011441, -6.155133502042107 ], [ 106.63157004319325, -6.155151736206104 ], [ 106.632200071038369, -6.154834040289042 ], [ 106.632770235142829, -6.154555762136929 ] ] ] ] } },
{ "type": "Feature", "properties": { "ID": 101, "KECAMATAN": "Neglasari", "PUSKESMAS": "Neglasari", "KELURAHAN": "Neglasari", "AREA": 1577122.68882, "PERIMETER": 5318.535503, "REGENCY": "Kota Tangerang", "HECTARES": 157.712, "X_COORD": 106.62807, "Y_COORD": -6.1477 }, "geometry": { "type": "MultiPolygon", "coordinates": [ [ [ [ 106.633087012658834, -6.148554241179508 ], [ 106.632979209037089, -6.148646287314713 ], [ 106.632878923163034, -6.149231696449484 ], [ 106.632864388778998, -6.150550543640059 ], [ 106.632776018191834, -6.151999639344681 ], [ 106.632773798474631, -6.154312194493702 ], [ 106.632770235142829, -6.154555762136929 ], [ 106.632200071038369, -6.154834040289042 ], [ 106.63157004319325, -6.155151736206104 ], [ 106.631458635011441, -6.155133502042107 ], [ 106.63123530865083, -6.154929862910996 ], [ 106.631160677692236, -6.154800068082612 ], [ 106.630622365645692, -6.154764563368325 ], [ 106.630269979135704, -6.154839938536731 ], [ 106.630139559398046, -6.154673164463211 ], [ 106.629990977508029, -6.154636468763134 ], [ 106.629620088900126, -6.154730474713531 ], [ 106.629212479078276, -6.154954615537402 ], [ 106.628953733862915, -6.15530832488103 ], [ 106.628861733030291, -6.155568651725881 ], [ 106.628750381286636, -6.155568991543077 ], [ 106.628490107919518, -6.155421187956317 ], [ 106.628414968289832, -6.155124221626413 ], [ 106.628413893492265, -6.154771305148 ], [ 106.628357369240732, -6.154492856707281 ], [ 106.627743917944443, -6.154160382464337 ], [ 106.626461680452479, -6.153607048280447 ], [ 106.625700326938215, -6.153460769124607 ], [ 106.625161620090978, -6.153295236368791 ], [ 106.624601175521747, -6.153125704789828 ], [ 106.62441024088838, -6.153007073983019 ], [ 106.624312980064715, -6.15285237059507 ], [ 106.624273263857489, -6.152523117948828 ], [ 106.62450408900483, -6.152038043093023 ], [ 106.62471567353073, -6.151591776583166 ], [ 106.624673165572673, -6.151451511126072 ], [ 106.624657011260425, -6.151398205972132 ], [ 106.62438570561865, -6.151302156651387 ], [ 106.624263411526897, -6.15120078524351 ], [ 106.624262118693537, -6.151200186179747 ], [ 106.62425357506207, -6.151192631647004 ], [ 106.624152821896445, -6.151109115772856 ], [ 106.624017198563266, -6.151070778340189 ], [ 106.623842388915421, -6.150877560687192 ], [ 106.623746309759738, -6.150610707103045 ], [ 106.623744776010184, -6.15060660861612 ], [ 106.623740973767909, -6.150603188094228 ], [ 106.623531250754425, -6.150413508477309 ], [ 106.623201284186123, -6.150123887440873 ], [ 106.622861903398331, -6.149921481864244 ], [ 106.622916088832895, -6.149853267804082 ], [ 106.623016179216066, -6.14972726394172 ], [ 106.623189930367374, -6.149571736674745 ], [ 106.623246887580834, -6.149203440112482 ], [ 106.62332343771412, -6.148912583717177 ], [ 106.623515136048766, -6.148292003839412 ], [ 106.623630107907076, -6.147904156137258 ], [ 106.623762909671044, -6.14701250640904 ], [ 106.62391512791244, -6.146140172666391 ], [ 106.623952257059941, -6.14561693710665 ], [ 106.624036341267512, -6.144618873455308 ], [ 106.623991844241047, -6.144313737530239 ], [ 106.623937496732481, -6.143941051545023 ], [ 106.62409159470387, -6.143688709610957 ], [ 106.624224983842296, -6.142990807492512 ], [ 106.624261819603177, -6.142370698299339 ], [ 106.624362782854789, -6.142201113376774 ], [ 106.624435157296887, -6.142079548154856 ], [ 106.624589078471743, -6.141769082057645 ], [ 106.624645917789664, -6.141362036245607 ], [ 106.624663865725395, -6.140896983812896 ], [ 106.624629049517551, -6.140806337964851 ], [ 106.624707955601394, -6.140445783505376 ], [ 106.624938612506696, -6.140009736966616 ], [ 106.625083333845097, -6.139922228234797 ], [ 106.6256052807922, -6.139920642750313 ], [ 106.627199941626159, -6.139857749521873 ], [ 106.627808790865018, -6.139826874589833 ], [ 106.627910420773176, -6.139829306515694 ], [ 106.630824742700327, -6.139904759932302 ], [ 106.63192680406442, -6.139959445795031 ], [ 106.633286546619146, -6.139835221311731 ], [ 106.633283752833961, -6.139883031591149 ], [ 106.633166394717648, -6.142494572579836 ], [ 106.633101307675688, -6.143566610502797 ], [ 106.633081582042877, -6.144570094632376 ], [ 106.632994336660246, -6.145847446060293 ], [ 106.63289809894188, -6.147911600528651 ], [ 106.632922344829524, -6.148390433267199 ], [ 106.633087012658834, -6.148554241179508 ] ] ] ] } },
{ "type": "Feature", "properties": { "ID": 108, "KECAMATAN": "Cipondoh", "PUSKESMAS": "Gondrong", "KELURAHAN": "Petir", "AREA": 3675619.7520249998, "PERIMETER": 11067.670903, "REGENCY": "Kota Tangerang", "HECTARES": 367.562, "X_COORD": 106.705, "Y_COORD": -6.1878 }, "geometry": { "type": "MultiPolygon", "coordinates": [ [ [ [ 106.693280176003796, -6.173566738069259 ], [ 106.693452433170904, -6.173594908207046 ], [ 106.69393135786801, -6.173694226788585 ], [ 106.694284414273014, -6.173819156327244 ], [ 106.694436193591102, -6.17402035857432 ], [ 106.694840751985666, -6.174498073199863 ], [ 106.695068100929447, -6.174699034438786 ], [ 106.695421077926397, -6.174798752544669 ], [ 106.695622595766707, -6.174798110390616 ], [ 106.6961016017096, -6.174922637016156 ], [ 106.696479929104299, -6.175072694833112 ], [ 106.696883205564035, -6.175147040786739 ], [ 106.697210912873231, -6.175221627472963 ], [ 106.697463051039122, -6.175296455040001 ], [ 106.697237547875147, -6.175675334208161 ], [ 106.697137591805784, -6.175927759594764 ], [ 106.696987416699955, -6.176230766494696 ], [ 106.697088657594662, -6.176381707426826 ], [ 106.697857548379289, -6.176568333658708 ], [ 106.698739994385207, -6.176817622563018 ], [ 106.700353588131208, -6.177266257792779 ], [ 106.70100916635586, -6.177465846351083 ], [ 106.701513042492607, -6.177489445176371 ], [ 106.702799654848235, -6.178090381296475 ], [ 106.704186705988832, -6.178590149382288 ], [ 106.705498754594686, -6.179266627491701 ], [ 106.708388121602994, -6.180858218535626 ], [ 106.70909505576536, -6.181360155913788 ], [ 106.710079079750031, -6.181861200491471 ], [ 106.711114457493323, -6.182664602968839 ], [ 106.712831832116734, -6.18404564467931 ], [ 106.714309057349368, -6.185162744010414 ], [ 106.714990567977921, -6.185589121190884 ], [ 106.715924548711129, -6.186191154389976 ], [ 106.716327588667312, -6.186189852090943 ], [ 106.716756876214859, -6.186516199701025 ], [ 106.717009834142175, -6.186843116952524 ], [ 106.717238416334112, -6.187422216640095 ], [ 106.717239474532818, -6.187749948179152 ], [ 106.717240532788665, -6.188077679713994 ], [ 106.717215993969916, -6.188279442129753 ], [ 106.716964662916737, -6.188456727646723 ], [ 106.716877922039089, -6.188898189898258 ], [ 106.716601481855335, -6.189100766943303 ], [ 106.716477484515906, -6.18970621724323 ], [ 106.716313132130793, -6.190142213416464 ], [ 106.716190234703276, -6.190206675991709 ], [ 106.716065032617252, -6.190244647272022 ], [ 106.715799727897391, -6.190245585114909 ], [ 106.715481266761415, -6.190193523640501 ], [ 106.715321436651081, -6.189981676751267 ], [ 106.71505619520552, -6.189982533845385 ], [ 106.715030441776761, -6.190221525964282 ], [ 106.715031383806462, -6.190513522692899 ], [ 106.715086145102418, -6.191044254392011 ], [ 106.715060820039071, -6.191415972292549 ], [ 106.714928969797185, -6.191655307306489 ], [ 106.714584154754135, -6.191656421548087 ], [ 106.714424666824272, -6.19155075508045 ], [ 106.713972813193124, -6.191260214788177 ], [ 106.71378722919664, -6.191287359593199 ], [ 106.71373546458679, -6.191685708517065 ], [ 106.71341794376923, -6.191925642949181 ], [ 106.713152872223233, -6.191979589723664 ], [ 106.713047545207203, -6.192218838901823 ], [ 106.713313643857873, -6.192483434294543 ], [ 106.713314842053819, -6.192855066797773 ], [ 106.713050369083334, -6.193094829924904 ], [ 106.71270555276611, -6.193095943203855 ], [ 106.712600311000415, -6.19336173758832 ], [ 106.712825981883469, -6.193427372676357 ], [ 106.713038433414837, -6.19350632306902 ], [ 106.713224788610844, -6.193718084915908 ], [ 106.713199548207967, -6.194116348265442 ], [ 106.713069237463941, -6.194833496455673 ], [ 106.712752485077445, -6.195312337720998 ], [ 106.71246268459511, -6.195923819231097 ], [ 106.712065416354662, -6.196110920257619 ], [ 106.711720255689855, -6.1960058526456 ], [ 106.711295863746074, -6.196007222380468 ], [ 106.710740644825322, -6.196566469075349 ], [ 106.710742013050748, -6.196991192444489 ], [ 106.710663465564224, -6.197309991725001 ], [ 106.710213488232, -6.197603443853345 ], [ 106.709947985814637, -6.197524663781082 ], [ 106.709682056095374, -6.197313157430229 ], [ 106.709496640355894, -6.197393391825297 ], [ 106.709178430648976, -6.197420963284499 ], [ 106.708939452940811, -6.197342097128016 ], [ 106.708859366581635, -6.19718308219937 ], [ 106.708885293193816, -6.196997180053884 ], [ 106.708699023210954, -6.196811961785521 ], [ 106.708460302013791, -6.196812731043098 ], [ 106.708036250220346, -6.196920279339608 ], [ 106.707824053485112, -6.196920962876152 ], [ 106.707452026339183, -6.196709796810631 ], [ 106.707317867296354, -6.196232409217355 ], [ 106.707423282843692, -6.196019705539602 ], [ 106.707581150017347, -6.195621014257235 ], [ 106.707553772116199, -6.195355647101237 ], [ 106.707262087705445, -6.195383131700857 ], [ 106.707236416394736, -6.195648669693816 ], [ 106.707157525345082, -6.195861287949257 ], [ 106.706945414247144, -6.195888516282271 ], [ 106.706706266749777, -6.195756558298162 ], [ 106.706520253732094, -6.195650974738517 ], [ 106.706441277080103, -6.195837047694879 ], [ 106.706362470957615, -6.196076211197998 ], [ 106.706230018653997, -6.196129728489807 ], [ 106.705990956386813, -6.196024315442469 ], [ 106.705858077734547, -6.195945106252024 ], [ 106.705486989412165, -6.19602593652631 ], [ 106.705355389342017, -6.196344906480722 ], [ 106.705170398989836, -6.196557865893102 ], [ 106.705144556239901, -6.196770313499515 ], [ 106.705092274092877, -6.197009391699408 ], [ 106.704960417979905, -6.197248725805101 ], [ 106.705014490117421, -6.197567098681434 ], [ 106.705068306634274, -6.197805835665456 ], [ 106.704883486268571, -6.198071885719224 ], [ 106.704472651770672, -6.198166116332204 ], [ 106.704127830612038, -6.198167224941018 ], [ 106.70378283902005, -6.198115242713957 ], [ 106.703544372143497, -6.198195645847091 ], [ 106.70314641620115, -6.198170378986021 ], [ 106.703145820133514, -6.197984561782275 ], [ 106.702801765074739, -6.198224577372181 ], [ 106.702483468309964, -6.198225599717971 ], [ 106.702218220964966, -6.198226451526972 ], [ 106.702142398299557, -6.198353845455431 ], [ 106.702139072280147, -6.198359433686678 ], [ 106.701768661812039, -6.198652624635169 ], [ 106.701132832926078, -6.198893576114444 ], [ 106.700894109848818, -6.19889434222266 ], [ 106.700814705578253, -6.198947688260847 ], [ 106.700842336042768, -6.199292692640546 ], [ 106.700683782516762, -6.199479020770305 ], [ 106.700445144157541, -6.199506332099237 ], [ 106.700259895519309, -6.199639654554877 ], [ 106.700101511720533, -6.199879073302887 ], [ 106.699943127795336, -6.200118492040474 ], [ 106.699758303882007, -6.200384541208124 ], [ 106.699732544142293, -6.200623534525466 ], [ 106.699414840447062, -6.20081037296942 ], [ 106.699124086375249, -6.201129853063781 ], [ 106.698965701709668, -6.201369271721001 ], [ 106.698940196650398, -6.201687901210422 ], [ 106.698835116697879, -6.202006785879496 ], [ 106.698543426960214, -6.202034266797183 ], [ 106.698304532218799, -6.201981941369603 ], [ 106.698011228399906, -6.201505059736291 ], [ 106.698141814498371, -6.200867545532652 ], [ 106.698140795234195, -6.200549000954642 ], [ 106.69779529204699, -6.200337742776451 ], [ 106.697420930390223, -6.200196390281956 ], [ 106.697495525540958, -6.200026962452197 ], [ 106.697529953270575, -6.199502945465985 ], [ 106.697402494526571, -6.199160104441284 ], [ 106.697346837972617, -6.198690573158886 ], [ 106.697345971601678, -6.198419589667866 ], [ 106.697182872306627, -6.198221388611955 ], [ 106.697001548367695, -6.197969048548639 ], [ 106.696955235879273, -6.197598848820517 ], [ 106.696846926665117, -6.197599195493475 ], [ 106.696702225736075, -6.197509329825772 ], [ 106.696755918519003, -6.197364631930282 ], [ 106.696791328852939, -6.197147729519682 ], [ 106.697024497591954, -6.196677273620897 ], [ 106.697419898409038, -6.196134035429255 ], [ 106.697725849611601, -6.195844004003797 ], [ 106.697887331076785, -6.195536369293929 ], [ 106.698084915278471, -6.195228618989713 ], [ 106.698101522962318, -6.194776922158145 ], [ 106.698317331530333, -6.194523310758147 ], [ 106.698496170751909, -6.193998831556379 ], [ 106.698674778724268, -6.19340209015288 ], [ 106.698691559522501, -6.193004590097622 ], [ 106.69876289867986, -6.192733375555373 ], [ 106.699416891663873, -6.191204726494997 ], [ 106.699415909779034, -6.190897612116436 ], [ 106.699414581425643, -6.190482104421995 ], [ 106.699538572429006, -6.189741012222091 ], [ 106.69980541385813, -6.188511687867435 ], [ 106.699984135574397, -6.187951077909589 ], [ 106.700326241569456, -6.187678996532795 ], [ 106.700946609065426, -6.186927282058429 ], [ 106.701126542645724, -6.186746048471313 ], [ 106.701179887161075, -6.186492957470698 ], [ 106.701214891680948, -6.186149596606446 ], [ 106.701214082877087, -6.185896679072299 ], [ 106.701068865387811, -6.185644224030793 ], [ 106.700543304964242, -6.184995540628779 ], [ 106.700161455075403, -6.184220151715877 ], [ 106.700161750306066, -6.184219935382306 ], [ 106.700395778966055, -6.184020463362114 ], [ 106.700430495667803, -6.1835867746891 ], [ 106.7002852794228, -6.183334319137394 ], [ 106.699905169364342, -6.183010352046725 ], [ 106.699326325657225, -6.182632822865631 ], [ 106.69876547601676, -6.182237169560418 ], [ 106.698240729105791, -6.181841400073994 ], [ 106.697499198337766, -6.181392124955048 ], [ 106.696856862620706, -6.180915433161232 ], [ 106.696169314237281, -6.180411785872218 ], [ 106.695517638856913, -6.179835759810343 ], [ 106.695083553542688, -6.179566157239068 ], [ 106.694359504129693, -6.178936162485311 ], [ 106.693671673075045, -6.178342182511862 ], [ 106.693110372039214, -6.177801995829558 ], [ 106.692874849175865, -6.177531758507564 ], [ 106.692909515757052, -6.177080003040946 ], [ 106.692926418536047, -6.176718633142435 ], [ 106.692799144119263, -6.176429985299531 ], [ 106.692762066717492, -6.176122984572694 ], [ 106.692904923824557, -6.175634753215716 ], [ 106.693155913451506, -6.175091980370433 ], [ 106.693261520709513, -6.174242551533228 ], [ 106.693260200753585, -6.173827042248634 ], [ 106.693280176003796, -6.173566738069259 ] ] ] ] } },
{ "type": "Feature", "properties": { "ID": 113, "KECAMATAN": "Karang Tengah", "PUSKESMAS": "Pondok Bahar", "KELURAHAN": "Pondok Bahar", "AREA": 1373024.2075449999, "PERIMETER": 6004.209631, "REGENCY": "Kota Tangerang", "HECTARES": 137.302, "X_COORD": 106.69965, "Y_COORD": -6.2058 }, "geometry": { "type": "MultiPolygon", "coordinates": [ [ [ [ 106.695361952915107, -6.201383486255694 ], [ 106.695861942052375, -6.20127303236946 ], [ 106.696100921360056, -6.201351904462383 ], [ 106.696366086253377, -6.20132450988179 ], [ 106.696418542178364, -6.201138522198076 ], [ 106.696656842474042, -6.201005030821301 ], [ 106.696868787442725, -6.200924715110562 ], [ 106.697185134294713, -6.200313151612921 ], [ 106.69723758990699, -6.200127163947063 ], [ 106.697420930390223, -6.200196390281956 ], [ 106.69779529204699, -6.200337742776451 ], [ 106.698140795234195, -6.200549000954642 ], [ 106.698141814498371, -6.200867545532652 ], [ 106.698011228399906, -6.201505059736291 ], [ 106.698304532218799, -6.201981941369603 ], [ 106.698543426960214, -6.202034266797183 ], [ 106.698835116697879, -6.202006785879496 ], [ 106.698940196650398, -6.201687901210422 ], [ 106.698965701709668, -6.201369271721001 ], [ 106.699124086375249, -6.201129853063781 ], [ 106.699414840447062, -6.20081037296942 ], [ 106.699732544142293, -6.200623534525466 ], [ 106.699758303882007, -6.200384541208124 ], [ 106.699943127795336, -6.200118492040474 ], [ 106.700101511720533, -6.199879073302887 ], [ 106.700259895519309, -6.199639654554877 ], [ 106.700445144157541, -6.199506332099237 ], [ 106.700683782516762, -6.199479020770305 ], [ 106.700842336042768, -6.199292692640546 ], [ 106.700814705578253, -6.198947688260847 ], [ 106.700894109848818, -6.19889434222266 ], [ 106.701132832926078, -6.198893576114444 ], [ 106.701768661812039, -6.198652624635169 ], [ 106.702139072280147, -6.198359433686678 ], [ 106.702142398299557, -6.198353845455431 ], [ 106.702233224603575, -6.198518574012667 ], [ 106.702859433315567, -6.199390018286771 ], [ 106.703329358283014, -6.200126785984308 ], [ 106.70353776187126, -6.200313285076153 ], [ 106.704016910374605, -6.200686082418714 ], [ 106.704495859117245, -6.20099649015452 ], [ 106.704808365402172, -6.201245043252915 ], [ 106.705141318152826, -6.201389547604366 ], [ 106.705557392305906, -6.201533784125168 ], [ 106.705954023532257, -6.202094013396362 ], [ 106.706225505401108, -6.202509069584097 ], [ 106.706122272428772, -6.202717367318975 ], [ 106.706039953512189, -6.202967190745957 ], [ 106.706207333500714, -6.203320192521378 ], [ 106.706208604408545, -6.203715322361428 ], [ 106.706126753756479, -6.204110719979214 ], [ 106.706024122632087, -6.204506184557059 ], [ 106.705983364494259, -6.204755874151918 ], [ 106.705734132993143, -6.204798270063891 ], [ 106.705547042125787, -6.20477807614415 ], [ 106.705340641989963, -6.205215468019628 ], [ 106.705341578252998, -6.205506616434716 ], [ 106.705591412144528, -6.205651387421182 ], [ 106.705519583455242, -6.205932371932476 ], [ 106.705229927304913, -6.206328439017103 ], [ 106.705189369521534, -6.206640517623568 ], [ 106.705106849373024, -6.20682795220734 ], [ 106.704857951129483, -6.206974329586433 ], [ 106.704671060021653, -6.207016524523861 ], [ 106.704547112277453, -6.207245685568526 ], [ 106.704610189488065, -6.207474244355972 ], [ 106.704341981223024, -6.208078207665494 ], [ 106.704134309069218, -6.208120469446315 ], [ 106.703905588868807, -6.20807961274063 ], [ 106.703656021246815, -6.208018026484599 ], [ 106.703636176408523, -6.208309242017357 ], [ 106.703429372890653, -6.208621855899141 ], [ 106.703158757073993, -6.208477151003919 ], [ 106.703014361892542, -6.208810360516547 ], [ 106.703015297424656, -6.209101509246223 ], [ 106.703016366659, -6.209434250647416 ], [ 106.70316249958563, -6.209641745829334 ], [ 106.703329012233951, -6.209724396039804 ], [ 106.703454097298192, -6.209848772650788 ], [ 106.70349652772633, -6.210118991160473 ], [ 106.703497597439338, -6.210451732465262 ], [ 106.703581321958666, -6.210638631795863 ], [ 106.703602905049621, -6.210888120841237 ], [ 106.703520651489285, -6.211158740806361 ], [ 106.703543638982254, -6.211844952781613 ], [ 106.703663455230171, -6.212421699421858 ], [ 106.70343570670417, -6.212422432973084 ], [ 106.702819507254972, -6.212424417187579 ], [ 106.70231239846359, -6.212534873278768 ], [ 106.701804939702754, -6.21253650634186 ], [ 106.701315953871372, -6.212646903247526 ], [ 106.701153948805427, -6.212992032926815 ], [ 106.700973004521458, -6.213083301402352 ], [ 106.700628831632528, -6.213138820162722 ], [ 106.700399734020763, -6.213163698809805 ], [ 106.700284600386553, -6.213176201604782 ], [ 106.699976732602678, -6.213249740553137 ], [ 106.699759191526766, -6.213232302498024 ], [ 106.699613795522907, -6.213105808648372 ], [ 106.699339730769097, -6.21241747158238 ], [ 106.699229942222516, -6.212091352708415 ], [ 106.699174408097036, -6.211728784869949 ], [ 106.698993172820067, -6.211729367012393 ], [ 106.69874002499995, -6.211911553201149 ], [ 106.698558847773981, -6.211930272342819 ], [ 106.698485597652365, -6.211694722417702 ], [ 106.698229600812752, -6.210988188820047 ], [ 106.69817418392347, -6.210661894914797 ], [ 106.698065442921603, -6.210662243942438 ], [ 106.69781171389296, -6.210663058253451 ], [ 106.697702043079872, -6.210373212966052 ], [ 106.697701229549551, -6.210119293002794 ], [ 106.697627922143582, -6.209865605630065 ], [ 106.697410091827024, -6.209757480489678 ], [ 106.697029498791181, -6.209758701262177 ], [ 106.696703276128247, -6.209759747420973 ], [ 106.696322276552081, -6.209634007610314 ], [ 106.695887661183278, -6.209744224781403 ], [ 106.695563289738416, -6.209803265219626 ], [ 106.695552154475635, -6.209630331993649 ], [ 106.69552944326152, -6.209277620448801 ], [ 106.695422407626282, -6.208985960882472 ], [ 106.69510350888487, -6.208801162651611 ], [ 106.69512952485681, -6.208641805197902 ], [ 106.695260963006675, -6.208269744583607 ], [ 106.695126723443863, -6.207765806481979 ], [ 106.695045789456628, -6.207341334645997 ], [ 106.695071720620234, -6.20715543178406 ], [ 106.695256718526252, -6.206942473862256 ], [ 106.695043497958551, -6.206624608359821 ], [ 106.69459316247449, -6.206811869946292 ], [ 106.694301554135308, -6.206865894730722 ], [ 106.694247655309752, -6.206600610227539 ], [ 106.69411443525965, -6.206415216639848 ], [ 106.693822403001633, -6.206336513937704 ], [ 106.693742827226913, -6.206336768525907 ], [ 106.693371134460349, -6.206231774679044 ], [ 106.693184864281434, -6.206046550419964 ], [ 106.69307783094402, -6.205754889816359 ], [ 106.69318325382612, -6.205542186967622 ], [ 106.693501556520474, -6.205541169009266 ], [ 106.694218076626939, -6.205645059627403 ], [ 106.694695615318835, -6.205670077084203 ], [ 106.694907053412223, -6.205430489054664 ], [ 106.694772645958949, -6.204873459676491 ], [ 106.694666121163522, -6.204741072108443 ], [ 106.694480105748909, -6.204635484560296 ], [ 106.694347140717326, -6.204529727196052 ], [ 106.69439942781348, -6.204290648595318 ], [ 106.694504849962229, -6.20407794569581 ], [ 106.694397562282816, -6.20370664913739 ], [ 106.694476713656698, -6.203573667412406 ], [ 106.694609254403161, -6.203546697669049 ], [ 106.694768235422913, -6.203493097597849 ], [ 106.69487272443655, -6.202988395035708 ], [ 106.694725522168454, -6.202577407697834 ], [ 106.694724759040767, -6.202338498855394 ], [ 106.694723487227904, -6.201940317446343 ], [ 106.694722554618025, -6.201648317742357 ], [ 106.694854586165746, -6.201462075513712 ], [ 106.695252291511764, -6.20140771177312 ], [ 106.695361952915107, -6.201383486255694 ] ] ] ] } },
{ "type": "Feature", "properties": { "ID": 114, "KECAMATAN": "Karang Tengah", "PUSKESMAS": "Pedurenan", "KELURAHAN": "Pondok Pucung", "AREA": 611857.80203599995, "PERIMETER": 4439.55691, "REGENCY": "Kota Tangerang", "HECTARES": 61.186, "X_COORD": 106.70369, "Y_COORD": -6.21662 }, "geometry": { "type": "MultiPolygon", "coordinates": [ [ [ [ 106.702307607069642, -6.224457675452063 ], [ 106.702244091012417, -6.224387506866378 ], [ 106.702081836900945, -6.22430697381392 ], [ 106.70185452466113, -6.224145594201816 ], [ 106.701659767689222, -6.224032743264082 ], [ 106.701383909918292, -6.223887731097553 ], [ 106.701302391751327, -6.223725881290839 ], [ 106.701252907125792, -6.223450449482969 ], [ 106.701300461831778, -6.223126071239752 ], [ 106.701380049982816, -6.222688111039633 ], [ 106.701378537512312, -6.222217989650092 ], [ 106.701401245796717, -6.221723473347934 ], [ 106.701432444871244, -6.221350514075801 ], [ 106.701431454113319, -6.22104250350418 ], [ 106.701268262758418, -6.220670170360554 ], [ 106.701138199901791, -6.22052468796575 ], [ 106.700943236062514, -6.220346991994062 ], [ 106.700699674756009, -6.220169452372644 ], [ 106.70050476328997, -6.220007967252139 ], [ 106.700180154206791, -6.219814476923372 ], [ 106.699904351233215, -6.219685674347486 ], [ 106.699725743493644, -6.219556558895345 ], [ 106.69979637443376, -6.218851141609777 ], [ 106.699795124667645, -6.218462075255078 ], [ 106.699793666707947, -6.218008164500524 ], [ 106.699854974885255, -6.216921812482973 ], [ 106.69995112827317, -6.21659727791917 ], [ 106.70006249153063, -6.21596468041554 ], [ 106.70014182100735, -6.215445664817643 ], [ 106.700356265549146, -6.214123757178154 ], [ 106.700354964280208, -6.213718479771478 ], [ 106.700353819235104, -6.213361835648056 ], [ 106.700399734020763, -6.213163698809805 ], [ 106.700628831632528, -6.213138820162722 ], [ 106.700973004521458, -6.213083301402352 ], [ 106.701153948805427, -6.212992032926815 ], [ 106.701315953871372, -6.212646903247526 ], [ 106.701804939702754, -6.21253650634186 ], [ 106.70231239846359, -6.212534873278768 ], [ 106.702819507254972, -6.212424417187579 ], [ 106.70343570670417, -6.212422432973084 ], [ 106.703663455230171, -6.212421699421858 ], [ 106.703743806353529, -6.212421440596939 ], [ 106.704070029457029, -6.212420389650335 ], [ 106.704432032629825, -6.212274125095416 ], [ 106.704612800664194, -6.212128444451092 ], [ 106.70459350994976, -6.211765761381181 ], [ 106.704447355073029, -6.211403487078266 ], [ 106.704662093991502, -6.210550343823729 ], [ 106.704769084051932, -6.210005881247553 ], [ 106.7050397681287, -6.209642263863813 ], [ 106.705165639846058, -6.209333524866001 ], [ 106.705418783625717, -6.209151336524783 ], [ 106.705734921226622, -6.208832915667778 ], [ 106.706169765183205, -6.208795239408824 ], [ 106.706514050601029, -6.208775992079531 ], [ 106.707093997916672, -6.208774121648002 ], [ 106.707329718312749, -6.208809635703886 ], [ 106.707475581576702, -6.209081223657845 ], [ 106.707651095286934, -6.209168340006179 ], [ 106.70762497853562, -6.209238726787975 ], [ 106.707362548697134, -6.210115575756381 ], [ 106.707021055588115, -6.211151953068425 ], [ 106.70667853536473, -6.211869787465429 ], [ 106.70617746057313, -6.212773952123117 ], [ 106.70586060905643, -6.213226248348088 ], [ 106.704895549562437, -6.214198273018329 ], [ 106.704446923080312, -6.214916449355914 ], [ 106.704106192267517, -6.216191734566856 ], [ 106.704108072289515, -6.216775730795049 ], [ 106.703924187353337, -6.217333780409605 ], [ 106.703713861928676, -6.217918460861266 ], [ 106.703715742044139, -6.218502457171079 ], [ 106.703823896329055, -6.219139201885814 ], [ 106.703905268814992, -6.219696396199055 ], [ 106.703880367378048, -6.220200842124127 ], [ 106.703828769186686, -6.220652283049829 ], [ 106.703631834507632, -6.221276738930086 ], [ 106.703394383994691, -6.221675688242225 ], [ 106.703236339947054, -6.222021290311267 ], [ 106.703237451329883, -6.222366379073975 ], [ 106.703239161272322, -6.222897284853885 ], [ 106.703320962392624, -6.223587205626898 ], [ 106.70310978053098, -6.22390643367394 ], [ 106.703101328999864, -6.223914000552193 ], [ 106.702633680101044, -6.224332698461187 ], [ 106.702307607069642, -6.224457675452063 ] ] ] ] } },
{ "type": "Feature", "properties": { "ID": 115, "KECAMATAN": "Karang Tengah", "PUSKESMAS": "Karang Tengah", "KELURAHAN": "Karang Mulya", "AREA": 2362988.0381999998, "PERIMETER": 7480.230304, "REGENCY": "Kota Tangerang", "HECTARES": 236.299, "X_COORD": 106.71618, "Y_COORD": -6.20152 }, "geometry": { "type": "MultiPolygon", "coordinates": [ [ [ [ 106.707651095286934, -6.209168340006179 ], [ 106.707861652496192, -6.208600870646927 ], [ 106.708111888024035, -6.208055880066203 ], [ 106.708560933180522, -6.207470429546591 ], [ 106.708877352038499, -6.206885407054076 ], [ 106.708981912203214, -6.206407250484653 ], [ 106.708980201079186, -6.205876345970036 ], [ 106.709136100194542, -6.204867113716506 ], [ 106.709397329012916, -6.203618632109778 ], [ 106.709474765197541, -6.202954744739016 ], [ 106.709791181568079, -6.202369722622538 ], [ 106.709525248930404, -6.20215821688043 ], [ 106.710093008962033, -6.201373292475899 ], [ 106.710859916916547, -6.200654088659731 ], [ 106.711865288117451, -6.199854477641712 ], [ 106.712526520967401, -6.199268341222241 ], [ 106.712923705352779, -6.19905469408689 ], [ 106.713162426998579, -6.199053922542448 ], [ 106.713559953597382, -6.198946455720316 ], [ 106.713744340517223, -6.198547677926034 ], [ 106.714141866526916, -6.198440210802121 ], [ 106.714460161475785, -6.198439181422636 ], [ 106.715110399399322, -6.198556532345766 ], [ 106.715958499178683, -6.198341424218823 ], [ 106.716567533855724, -6.19802090748049 ], [ 106.717255883605688, -6.197620497133427 ], [ 106.71762731239599, -6.197645839263361 ], [ 106.717946293386333, -6.197857168795516 ], [ 106.718370943056485, -6.197935428639809 ], [ 106.718609577591664, -6.197908109682325 ], [ 106.718768208959872, -6.197748323134876 ], [ 106.71892641056499, -6.197455811087647 ], [ 106.719243328994736, -6.197030057537178 ], [ 106.719427109215772, -6.196445463474417 ], [ 106.719662219076184, -6.195329795678305 ], [ 106.719844709657224, -6.194347025440175 ], [ 106.720158704122596, -6.193018739211714 ], [ 106.720024622305658, -6.19256790275053 ], [ 106.719948753707982, -6.192219089028693 ], [ 106.720615928692638, -6.191936538606461 ], [ 106.721345873076402, -6.191757698906186 ], [ 106.722000246185303, -6.191579103570765 ], [ 106.722680789330283, -6.191702946283808 ], [ 106.723084567625335, -6.191928528028739 ], [ 106.723261552808154, -6.19212963567835 ], [ 106.723589188691406, -6.192178992104498 ], [ 106.723841090491646, -6.192178173781177 ], [ 106.724142636527219, -6.191950301434881 ], [ 106.724639694820652, -6.193751221210156 ], [ 106.72471657496969, -6.194154335719957 ], [ 106.72451742615138, -6.194886081363257 ], [ 106.724091809510227, -6.195694194231547 ], [ 106.723866405614118, -6.196098291609178 ], [ 106.723993012105453, -6.196299562301813 ], [ 106.72432138729512, -6.19657580767742 ], [ 106.724296769900903, -6.196752359706952 ], [ 106.724071120407118, -6.197080827182467 ], [ 106.723933432534835, -6.197345982902277 ], [ 106.723782862883596, -6.197522944499068 ], [ 106.723431424216457, -6.197902241460782 ], [ 106.72365887488499, -6.198128394572819 ], [ 106.723810754334096, -6.198354793291281 ], [ 106.723760782655674, -6.198481007232084 ], [ 106.723409425366285, -6.198885514371967 ], [ 106.72330972727616, -6.199213572334907 ], [ 106.723311118643892, -6.199642142783961 ], [ 106.723515098828059, -6.200397788148925 ], [ 106.723607155130807, -6.201594977380347 ], [ 106.723733845326976, -6.201821457777269 ], [ 106.723735647145702, -6.202376078178174 ], [ 106.723939548094833, -6.203106512831791 ], [ 106.724118668850366, -6.203963079294666 ], [ 106.724170525405199, -6.204416695466988 ], [ 106.72421294249061, -6.205840937951694 ], [ 106.724091087173093, -6.207101848583321 ], [ 106.724017236193717, -6.207631504916614 ], [ 106.723841555668358, -6.207833759329522 ], [ 106.72348953847407, -6.208036587961185 ], [ 106.722936239193245, -6.208315702592079 ], [ 106.722256902405377, -6.208570016680953 ], [ 106.72162794675404, -6.208824166173414 ], [ 106.720873117089454, -6.209103934744724 ], [ 106.720344842083435, -6.20933254530653 ], [ 106.719842084822616, -6.20966191384022 ], [ 106.720003522245918, -6.209991804803452 ], [ 106.719829932614857, -6.210024559231041 ], [ 106.719518697576518, -6.210171145425419 ], [ 106.719145390678449, -6.210401118696314 ], [ 106.718875648732549, -6.210526773409105 ], [ 106.718605501909792, -6.210527651020485 ], [ 106.718168638764112, -6.210383495210123 ], [ 106.717856526331104, -6.210259730337764 ], [ 106.717398882936635, -6.210115641241862 ], [ 106.717273391059635, -6.209866491757991 ], [ 106.717126647131835, -6.209471836361381 ], [ 106.716959257749735, -6.209118840652489 ], [ 106.716729594568349, -6.208786843248549 ], [ 106.71637652843765, -6.20885037769077 ], [ 106.716107055486276, -6.20905921574168 ], [ 106.715940744178226, -6.209038958633117 ], [ 106.715754190970898, -6.20918513843465 ], [ 106.715568108900769, -6.209476891602458 ], [ 106.715464879495201, -6.209685190471604 ], [ 106.71563213363379, -6.209996594472477 ], [ 106.715757153535449, -6.210100171163225 ], [ 106.715779415543068, -6.210557620122934 ], [ 106.715573562724117, -6.211161383791815 ], [ 106.715501785391638, -6.211306217749855 ], [ 106.715285097792162, -6.21135031905927 ], [ 106.714941106163081, -6.211460257348643 ], [ 106.714596762138825, -6.211461373579029 ], [ 106.714306729485557, -6.211444176407073 ], [ 106.713907721851314, -6.211354783454239 ], [ 106.71347246752272, -6.211265507569605 ], [ 106.713127830126822, -6.211175937843342 ], [ 106.712927827964208, -6.210977076449375 ], [ 106.713180323610317, -6.210595377996375 ], [ 106.712763017374911, -6.210451631642609 ], [ 106.712218671989461, -6.210253884459415 ], [ 106.711692743161322, -6.210146763010985 ], [ 106.710268917862962, -6.209797691738755 ], [ 106.709271431038061, -6.209583268286164 ], [ 106.708564035211865, -6.209404180615273 ], [ 106.707693412500632, -6.20918934416913 ], [ 106.707651095286934, -6.209168340006179 ] ] ] ] } },
{ "type": "Feature", "properties": { "ID": 116, "KECAMATAN": "Karang Tengah", "PUSKESMAS": "Karang Tengah", "KELURAHAN": "Karang Timur", "AREA": 1347803.782773, "PERIMETER": 7519.192485, "REGENCY": "Kota Tangerang", "HECTARES": 134.78, "X_COORD": 106.7163, "Y_COORD": -6.21912 }, "geometry": { "type": "MultiPolygon", "coordinates": [ [ [ [ 106.720820821897249, -6.224281619281533 ], [ 106.720986815980311, -6.22439158242681 ], [ 106.721279139694758, -6.224617584533589 ], [ 106.721376704152505, -6.224730743976143 ], [ 106.721701056950224, -6.224843163738559 ], [ 106.722009527522928, -6.225052901540804 ], [ 106.72210730345742, -6.225230904398382 ], [ 106.722189197198375, -6.225506225494825 ], [ 106.722351717219809, -6.225667805927622 ], [ 106.722530595020984, -6.225877966113613 ], [ 106.722726147723662, -6.226233971406477 ], [ 106.722775273742414, -6.226395921746708 ], [ 106.723066806493065, -6.226378758900098 ], [ 106.72343975806956, -6.226491018531602 ], [ 106.723699209595537, -6.226571226470822 ], [ 106.723715726040226, -6.226668438896793 ], [ 106.723716413423617, -6.226879180461052 ], [ 106.72368644743139, -6.22762498720763 ], [ 106.723590891358739, -6.228127842307762 ], [ 106.723558863043635, -6.228241424379871 ], [ 106.72367268089863, -6.228370741029891 ], [ 106.723754100296446, -6.228500163499572 ], [ 106.723625511121512, -6.228808593814722 ], [ 106.723432653598493, -6.229279344744905 ], [ 106.723450378217521, -6.229442723842934 ], [ 106.723119019545862, -6.229443806392693 ], [ 106.722575006573464, -6.229354897815197 ], [ 106.722012928847079, -6.22928418468733 ], [ 106.721432490785489, -6.229140982457457 ], [ 106.721033291987098, -6.228997188239251 ], [ 106.720506694363493, -6.228690575245739 ], [ 106.720052474758063, -6.228347451369597 ], [ 106.719634739595833, -6.228076756471062 ], [ 106.719126385371908, -6.227806356391704 ], [ 106.71878138250004, -6.227607972070439 ], [ 106.718282769187468, -6.227546116138443 ], [ 106.717702686796528, -6.227511730619467 ], [ 106.716995795966071, -6.227495894236074 ], [ 106.716705636811056, -6.227442426936029 ], [ 106.715944020641416, -6.227317944272467 ], [ 106.7152727885709, -6.227120617997671 ], [ 106.714959634383561, -6.226930503232031 ], [ 106.714945910870895, -6.226922171729139 ], [ 106.714365357688237, -6.226742686524806 ], [ 106.713730256613687, -6.22650896621052 ], [ 106.713167475117885, -6.226220598698585 ], [ 106.712695783720463, -6.226077032249649 ], [ 106.712387031190573, -6.225878525130723 ], [ 106.712014404685945, -6.225544196074272 ], [ 106.71168694148902, -6.225164377197969 ], [ 106.711196246631971, -6.224748812771249 ], [ 106.71081511730587, -6.224586813361391 ], [ 106.710416157694453, -6.224515557382905 ], [ 106.710326531723567, -6.224513148045401 ], [ 106.709799887760241, -6.224499416573822 ], [ 106.709238106551084, -6.224519373034413 ], [ 106.708855770725506, -6.224566542743933 ], [ 106.708857622508475, -6.22455687927167 ], [ 106.709170422252967, -6.223204644307146 ], [ 106.709259634356826, -6.222769062434409 ], [ 106.709331953714511, -6.22271441669928 ], [ 106.709476826901366, -6.222677673291873 ], [ 106.709912091375898, -6.222766950040008 ], [ 106.710474457178464, -6.222928363483241 ], [ 106.710689771973122, -6.222256589603291 ], [ 106.71088772537891, -6.221820655576633 ], [ 106.710959575030216, -6.221620913644503 ], [ 106.71085001117882, -6.221367347806876 ], [ 106.710849189887185, -6.221113429694035 ], [ 106.710585486568874, -6.22083315719069 ], [ 106.710511584137649, -6.220398103679903 ], [ 106.710474105243506, -6.220017343793916 ], [ 106.710834526577656, -6.219381374700779 ], [ 106.711015352793311, -6.219253828728673 ], [ 106.711286797241357, -6.219125989217063 ], [ 106.711485570902255, -6.21894397342504 ], [ 106.711593608845362, -6.218725977141294 ], [ 106.711792088906932, -6.218453276296727 ], [ 106.712190280744665, -6.218288751490466 ], [ 106.712788125563591, -6.218214265265334 ], [ 106.713113998417313, -6.218104385829269 ], [ 106.713476411914527, -6.218085073623864 ], [ 106.713675536678792, -6.21801187921555 ], [ 106.71378386717069, -6.217884567688891 ], [ 106.714000997909295, -6.217775040453402 ], [ 106.714588575051849, -6.217328773820547 ], [ 106.714877729498298, -6.217073915358093 ], [ 106.715274273209531, -6.216401553633673 ], [ 106.715598792233124, -6.215874522880034 ], [ 106.715779674666038, -6.215765112870505 ], [ 106.716015162669663, -6.215728074178988 ], [ 106.716214403611218, -6.215691153069396 ], [ 106.716340680129846, -6.215509371589939 ], [ 106.716376339139501, -6.215327884313253 ], [ 106.71644830389863, -6.215164416317294 ], [ 106.716501733568791, -6.214874048455377 ], [ 106.716744489323347, -6.214283802968811 ], [ 106.716797860068326, -6.213975298180674 ], [ 106.716742372657535, -6.213630872522078 ], [ 106.716650520977865, -6.213250290579533 ], [ 106.716394736067855, -6.212616320512248 ], [ 106.716139422004872, -6.212127445849351 ], [ 106.716030211695312, -6.211982702931545 ], [ 106.715885224685508, -6.211983173288389 ], [ 106.71577642567658, -6.211965389062559 ], [ 106.715666745584315, -6.211675550283325 ], [ 106.715629735288232, -6.211439887247041 ], [ 106.715556771995978, -6.211295026595475 ], [ 106.715501785391638, -6.211306217749855 ], [ 106.715573562724117, -6.211161383791815 ], [ 106.715779415543068, -6.210557620122934 ], [ 106.715757153535449, -6.210100171163225 ], [ 106.71563213363379, -6.209996594472477 ], [ 106.715464879495201, -6.209685190471604 ], [ 106.715568108900769, -6.209476891602458 ], [ 106.715754190970898, -6.20918513843465 ], [ 106.715940744178226, -6.209038958633117 ], [ 106.716107055486276, -6.20905921574168 ], [ 106.71637652843765, -6.20885037769077 ], [ 106.716729594568349, -6.208786843248549 ], [ 106.716959257749735, -6.209118840652489 ], [ 106.717126647131835, -6.209471836361381 ], [ 106.717273391059635, -6.209866491757991 ], [ 106.717398882936635, -6.210115641241862 ], [ 106.717856526331104, -6.210259730337764 ], [ 106.718168638764112, -6.210383495210123 ], [ 106.718605501909792, -6.210527651020485 ], [ 106.718875648732549, -6.210526773409105 ], [ 106.719145390678449, -6.210401118696314 ], [ 106.719518697576518, -6.210171145425419 ], [ 106.719829932614857, -6.210024559231041 ], [ 106.720003522245918, -6.209991804803452 ], [ 106.720057640847202, -6.210102393879729 ], [ 106.720008322507582, -6.210430288446777 ], [ 106.719983867925265, -6.210657260883639 ], [ 106.720010532162135, -6.211110960055757 ], [ 106.719936350106764, -6.211539776786418 ], [ 106.719912222965732, -6.21186758947318 ], [ 106.719762139941238, -6.212195811715997 ], [ 106.719763285821486, -6.21254875257484 ], [ 106.719915906513663, -6.213002042140637 ], [ 106.719790687152496, -6.213229342295474 ], [ 106.719640276458364, -6.213456724367369 ], [ 106.719616149370012, -6.21378453709254 ], [ 106.719780915932432, -6.214099130323149 ], [ 106.719554276323834, -6.21412507773789 ], [ 106.719227280775897, -6.21427740303582 ], [ 106.719026732544847, -6.214580579103037 ], [ 106.718902330973322, -6.215059979946195 ], [ 106.718852930427403, -6.215362664601286 ], [ 106.718752901618714, -6.215589882861465 ], [ 106.718552189101246, -6.21584263879806 ], [ 106.718527897943474, -6.216120031513002 ], [ 106.718503688642301, -6.216422634305275 ], [ 106.718267275538196, -6.217318370063047 ], [ 106.718268175832264, -6.217595680903318 ], [ 106.71801707958619, -6.21784860071065 ], [ 106.717992624657882, -6.218075573324868 ], [ 106.717792565762636, -6.218530009964114 ], [ 106.71764264417348, -6.218908652576098 ], [ 106.717518323154167, -6.21941326372913 ], [ 106.717369301454823, -6.220069217320035 ], [ 106.717447740840484, -6.220951324577882 ], [ 106.71744954167086, -6.221505946418858 ], [ 106.717602492755375, -6.222060076664802 ], [ 106.717603639028454, -6.222413017794136 ], [ 106.717604949136046, -6.222816379078783 ], [ 106.717606259330196, -6.223219740357008 ], [ 106.717556858531367, -6.22352242521612 ], [ 106.717557759358328, -6.22379973609527 ], [ 106.717558824024792, -6.224127467130444 ], [ 106.717886726713601, -6.224252451935626 ], [ 106.718441027765522, -6.224275858232066 ], [ 106.719146397336615, -6.224273561673391 ], [ 106.720820821897249, -6.224281619281533 ] ] ] ] } },
{ "type": "Feature", "properties": { "ID": 117, "KECAMATAN": "Karang Tengah", "PUSKESMAS": "Karang Tengah", "KELURAHAN": "Karang Tengah", "AREA": 1583542.3887469999, "PERIMETER": 5577.418456, "REGENCY": "Kota Tangerang", "HECTARES": 158.354, "X_COORD": 106.70995, "Y_COORD": -6.2172 }, "geometry": { "type": "MultiPolygon", "coordinates": [ [ [ [ 106.703101328999864, -6.223914000552193 ], [ 106.70310978053098, -6.22390643367394 ], [ 106.703320962392624, -6.223587205626898 ], [ 106.703239161272322, -6.222897284853885 ], [ 106.703237451329883, -6.222366379073975 ], [ 106.703236339947054, -6.222021290311267 ], [ 106.703394383994691, -6.221675688242225 ], [ 106.703631834507632, -6.221276738930086 ], [ 106.703828769186686, -6.220652283049829 ], [ 106.703880367378048, -6.220200842124127 ], [ 106.703905268814992, -6.219696396199055 ], [ 106.703823896329055, -6.219139201885814 ], [ 106.703715742044139, -6.218502457171079 ], [ 106.703713861928676, -6.217918460861266 ], [ 106.703924187353337, -6.217333780409605 ], [ 106.704108072289515, -6.216775730795049 ], [ 106.704106192267517, -6.216191734566856 ], [ 106.704446923080312, -6.214916449355914 ], [ 106.704895549562437, -6.214198273018329 ], [ 106.70586060905643, -6.213226248348088 ], [ 106.70617746057313, -6.212773952123117 ], [ 106.70667853536473, -6.211869787465429 ], [ 106.707021055588115, -6.211151953068425 ], [ 106.707362548697134, -6.210115575756381 ], [ 106.70762497853562, -6.209238726787975 ], [ 106.707651095286934, -6.209168340006179 ], [ 106.707693412500632, -6.20918934416913 ], [ 106.708564035211865, -6.209404180615273 ], [ 106.709271431038061, -6.209583268286164 ], [ 106.710268917862962, -6.209797691738755 ], [ 106.711692743161322, -6.210146763010985 ], [ 106.712218671989461, -6.210253884459415 ], [ 106.712763017374911, -6.210451631642609 ], [ 106.713180323610317, -6.210595377996375 ], [ 106.712927827964208, -6.210977076449375 ], [ 106.713127830126822, -6.211175937843342 ], [ 106.71347246752272, -6.211265507569605 ], [ 106.713907721851314, -6.211354783454239 ], [ 106.714306729485557, -6.211444176407073 ], [ 106.714596762138825, -6.211461373579029 ], [ 106.714941106163081, -6.211460257348643 ], [ 106.715285097792162, -6.21135031905927 ], [ 106.715501785391638, -6.211306217749855 ], [ 106.715556771995978, -6.211295026595475 ], [ 106.715629735288232, -6.211439887247041 ], [ 106.715666745584315, -6.211675550283325 ], [ 106.71577642567658, -6.211965389062559 ], [ 106.715885224685508, -6.211983173288389 ], [ 106.716030211695312, -6.211982702931545 ], [ 106.716139422004872, -6.212127445849351 ], [ 106.716394736067855, -6.212616320512248 ], [ 106.716650520977865, -6.213250290579533 ], [ 106.716742372657535, -6.213630872522078 ], [ 106.716797860068326, -6.213975298180674 ], [ 106.716744489323347, -6.214283802968811 ], [ 106.716501733568791, -6.214874048455377 ], [ 106.71644830389863, -6.215164416317294 ], [ 106.716376339139501, -6.215327884313253 ], [ 106.716340680129846, -6.215509371589939 ], [ 106.716214403611218, -6.215691153069396 ], [ 106.716015162669663, -6.215728074178988 ], [ 106.715779674666038, -6.215765112870505 ], [ 106.715598792233124, -6.215874522880034 ], [ 106.715274273209531, -6.216401553633673 ], [ 106.714877729498298, -6.217073915358093 ], [ 106.714588575051849, -6.217328773820547 ], [ 106.714000997909295, -6.217775040453402 ], [ 106.71378386717069, -6.217884567688891 ], [ 106.713675536678792, -6.21801187921555 ], [ 106.713476411914527, -6.218085073623864 ], [ 106.713113998417313, -6.218104385829269 ], [ 106.712788125563591, -6.218214265265334 ], [ 106.712190280744665, -6.218288751490466 ], [ 106.711792088906932, -6.218453276296727 ], [ 106.711593608845362, -6.218725977141294 ], [ 106.711485570902255, -6.21894397342504 ], [ 106.711286797241357, -6.219125989217063 ], [ 106.711015352793311, -6.219253828728673 ], [ 106.710834526577656, -6.219381374700779 ], [ 106.710474105243506, -6.220017343793916 ], [ 106.710511584137649, -6.220398103679903 ], [ 106.710585486568874, -6.22083315719069 ], [ 106.710849189887185, -6.221113429694035 ], [ 106.71085001117882, -6.221367347806876 ], [ 106.710959575030216, -6.221620913644503 ], [ 106.71088772537891, -6.221820655576633 ], [ 106.710689771973122, -6.222256589603291 ], [ 106.710474457178464, -6.222928363483241 ], [ 106.709912091375898, -6.222766950040008 ], [ 106.709476826901366, -6.222677673291873 ], [ 106.709331953714511, -6.22271441669928 ], [ 106.709259634356826, -6.222769062434409 ], [ 106.709170422252967, -6.223204644307146 ], [ 106.708857622508475, -6.22455687927167 ], [ 106.708855770725506, -6.224566542743933 ], [ 106.708785185634397, -6.224575250969688 ], [ 106.708223872861282, -6.224740302627811 ], [ 106.707082946195158, -6.22501605192692 ], [ 106.706340275684909, -6.225145413868169 ], [ 106.705742127758285, -6.225129209897616 ], [ 106.705253015796714, -6.2252033392374 ], [ 106.704745604161801, -6.225223115506236 ], [ 106.704274381763099, -6.225224637193875 ], [ 106.703857414158577, -6.225189708808377 ], [ 106.703512416267131, -6.224991312440891 ], [ 106.70336613904513, -6.224592764654047 ], [ 106.703146899036511, -6.22404935401212 ], [ 106.703101328999864, -6.223914000552193 ] ] ] ] } },
{ "type": "Feature", "properties": { "ID": 119, "KECAMATAN": "Batuceper", "PUSKESMAS": "Batuceper", "KELURAHAN": "Batusari", "AREA": 1425835.747028, "PERIMETER": 5971.684905, "REGENCY": "Kota Tangerang", "HECTARES": 142.584, "X_COORD": 106.6542, "Y_COORD": -6.15601 }, "geometry": { "type": "MultiPolygon", "coordinates": [ [ [ [ 106.657552508130394, -6.164037409007865 ], [ 106.657432831353219, -6.164021766877524 ], [ 106.656721528325235, -6.164091340795268 ], [ 106.655856921523792, -6.164334608082242 ], [ 106.655174611628993, -6.164452206139622 ], [ 106.653970486313938, -6.164737058080729 ], [ 106.653561945905295, -6.164758034193139 ], [ 106.65290018818763, -6.164880800880763 ], [ 106.652491799929834, -6.164951046712182 ], [ 106.652127717726046, -6.165021154905113 ], [ 106.651822573153751, -6.165046736304329 ], [ 106.651298549170747, -6.16513458455505 ], [ 106.650958959167411, -6.165165199321015 ], [ 106.650614476617491, -6.165205683238148 ], [ 106.650107673531139, -6.165323338983494 ], [ 106.650097511577087, -6.165303154379844 ], [ 106.650053835848283, -6.165216401621873 ], [ 106.649974443399799, -6.164520879403359 ], [ 106.649868507869058, -6.163567747371381 ], [ 106.649839735152128, -6.162588607209813 ], [ 106.649838142995165, -6.162073228324608 ], [ 106.650069787922931, -6.1620467422869 ], [ 106.650054645458482, -6.1613123672794 ], [ 106.650050824809753, -6.160075458012862 ], [ 106.650410726577746, -6.159893960129462 ], [ 106.650355571159139, -6.158708748210538 ], [ 106.650274033218338, -6.157317464258385 ], [ 106.650219914010549, -6.156467248350094 ], [ 106.650215698343629, -6.155101494232003 ], [ 106.65034315993465, -6.154688793098132 ], [ 106.650626374832157, -6.154687917411718 ], [ 106.650715414752085, -6.154339758057996 ], [ 106.650530733659494, -6.152897254487586 ], [ 106.650529699949431, -6.152562258209234 ], [ 106.650631891598451, -6.152304250434399 ], [ 106.650656684113855, -6.151994943528841 ], [ 106.650449915676248, -6.15173789067708 ], [ 106.650318797692478, -6.150965220045869 ], [ 106.650263330826078, -6.149676931634017 ], [ 106.650182595208179, -6.148543336317303 ], [ 106.650078258706543, -6.148105582135424 ], [ 106.650167369566148, -6.147822252594556 ], [ 106.650624461776857, -6.147765921122593 ], [ 106.651626429096638, -6.147580386299128 ], [ 106.653061234903944, -6.147370706249724 ], [ 106.654450257737196, -6.147092749831941 ], [ 106.656067266078452, -6.146859693468947 ], [ 106.656568246768714, -6.146766921642031 ], [ 106.656841451100945, -6.146697660339236 ], [ 106.657251575034522, -6.146696388839395 ], [ 106.657753119933446, -6.146786052716497 ], [ 106.658232374635517, -6.147035418857878 ], [ 106.658559699826043, -6.147265954886167 ], [ 106.658318156348244, -6.147343703038456 ], [ 106.658001324522431, -6.147295922904718 ], [ 106.657757723886832, -6.147296678587779 ], [ 106.657563598250874, -6.147541096584418 ], [ 106.657518199893858, -6.148614027227223 ], [ 106.657495274341343, -6.149077348493202 ], [ 106.657129796576726, -6.14905410060061 ], [ 106.656666953618171, -6.149055535957754 ], [ 106.656398991855042, -6.149056366770935 ], [ 106.656301928469816, -6.149178575686854 ], [ 106.656427125287721, -6.150275359500981 ], [ 106.656625856988981, -6.151518204592297 ], [ 106.656652784387774, -6.152347095275498 ], [ 106.656777304646255, -6.153224446274215 ], [ 106.656609425516052, -6.154078322952134 ], [ 106.656490191525023, -6.154907667141134 ], [ 106.656613353403998, -6.15534615357652 ], [ 106.65668756798749, -6.155711647091454 ], [ 106.65672543091749, -6.156138207388788 ], [ 106.656751680499312, -6.156747665635792 ], [ 106.656558383233317, -6.157260279152093 ], [ 106.656462905784721, -6.157894496955672 ], [ 106.656464568374076, -6.158430886806301 ], [ 106.656614586988752, -6.159673882009923 ], [ 106.657031742784767, -6.160647849514193 ], [ 106.657082052468937, -6.161159706406606 ], [ 106.657351760227968, -6.16171964450765 ], [ 106.657633232831657, -6.162145447076488 ], [ 106.657706920494334, -6.162340270556713 ], [ 106.657609931551093, -6.16248686155875 ], [ 106.657439860259288, -6.162633679769736 ], [ 106.657440995374913, -6.162999399877278 ], [ 106.657613413063444, -6.163608403114647 ], [ 106.657680838592654, -6.163742325850822 ], [ 106.657636573264526, -6.163755185766453 ], [ 106.657638444513779, -6.16377849753235 ], [ 106.657553152404617, -6.164037266750719 ], [ 106.657552508130394, -6.164037409007865 ] ] ] ] } },
{ "type": "Feature", "properties": { "ID": 120, "KECAMATAN": "Karang Tengah", "PUSKESMAS": "Pondok Bahar", "KELURAHAN": "Parung Jaya", "AREA": 1386235.5057020001, "PERIMETER": 9315.514936, "REGENCY": "Kota Tangerang", "HECTARES": 138.624, "X_COORD": 106.70751, "Y_COORD": -6.2012 }, "geometry": { "type": "MultiPolygon", "coordinates": [ [ [ [ 106.707651095286934, -6.209168340006179 ], [ 106.707475581576702, -6.209081223657845 ], [ 106.707329718312749, -6.208809635703886 ], [ 106.707093997916672, -6.208774121648002 ], [ 106.706514050601029, -6.208775992079531 ], [ 106.706169765183205, -6.208795239408824 ], [ 106.705734921226622, -6.208832915667778 ], [ 106.705418783625717, -6.209151336524783 ], [ 106.705165639846058, -6.209333524866001 ], [ 106.7050397681287, -6.209642263863813 ], [ 106.704769084051932, -6.210005881247553 ], [ 106.704662093991502, -6.210550343823729 ], [ 106.704447355073029, -6.211403487078266 ], [ 106.70459350994976, -6.211765761381181 ], [ 106.704612800664194, -6.212128444451092 ], [ 106.704432032629825, -6.212274125095416 ], [ 106.704070029457029, -6.212420389650335 ], [ 106.703743806353529, -6.212421440596939 ], [ 106.703663455230171, -6.212421699421858 ], [ 106.703543638982254, -6.211844952781613 ], [ 106.703520651489285, -6.211158740806361 ], [ 106.703602905049621, -6.210888120841237 ], [ 106.703581321958666, -6.210638631795863 ], [ 106.703497597439338, -6.210451732465262 ], [ 106.70349652772633, -6.210118991160473 ], [ 106.703454097298192, -6.209848772650788 ], [ 106.703329012233951, -6.209724396039804 ], [ 106.70316249958563, -6.209641745829334 ], [ 106.703016366659, -6.209434250647416 ], [ 106.703015297424656, -6.209101509246223 ], [ 106.703014361892542, -6.208810360516547 ], [ 106.703158757073993, -6.208477151003919 ], [ 106.703429372890653, -6.208621855899141 ], [ 106.703636176408523, -6.208309242017357 ], [ 106.703656021246815, -6.208018026484599 ], [ 106.703905588868807, -6.20807961274063 ], [ 106.704134309069218, -6.208120469446315 ], [ 106.704341981223024, -6.208078207665494 ], [ 106.704610189488065, -6.207474244355972 ], [ 106.704547112277453, -6.207245685568526 ], [ 106.704671060021653, -6.207016524523861 ], [ 106.704857951129483, -6.206974329586433 ], [ 106.705106849373024, -6.20682795220734 ], [ 106.705189369521534, -6.206640517623568 ], [ 106.705229927304913, -6.206328439017103 ], [ 106.705519583455242, -6.205932371932476 ], [ 106.705591412144528, -6.205651387421182 ], [ 106.705341578252998, -6.205506616434716 ], [ 106.705340641989963, -6.205215468019628 ], [ 106.705547042125787, -6.20477807614415 ], [ 106.705734132993143, -6.204798270063891 ], [ 106.705983364494259, -6.204755874151918 ], [ 106.706024122632087, -6.204506184557059 ], [ 106.706126753756479, -6.204110719979214 ], [ 106.706208604408545, -6.203715322361428 ], [ 106.706207333500714, -6.203320192521378 ], [ 106.706039953512189, -6.202967190745957 ], [ 106.706122272428772, -6.202717367318975 ], [ 106.706225505401108, -6.202509069584097 ], [ 106.705954023532257, -6.202094013396362 ], [ 106.705557392305906, -6.201533784125168 ], [ 106.705141318152826, -6.201389547604366 ], [ 106.704808365402172, -6.201245043252915 ], [ 106.704495859117245, -6.20099649015452 ], [ 106.704016910374605, -6.200686082418714 ], [ 106.70353776187126, -6.200313285076153 ], [ 106.703329358283014, -6.200126785984308 ], [ 106.702859433315567, -6.199390018286771 ], [ 106.702233224603575, -6.198518574012667 ], [ 106.702142398299557, -6.198353845455431 ], [ 106.702218220964966, -6.198226451526972 ], [ 106.702483468309964, -6.198225599717971 ], [ 106.702801765074739, -6.198224577372181 ], [ 106.703145820133514, -6.197984561782275 ], [ 106.70314641620115, -6.198170378986021 ], [ 106.703544372143497, -6.198195645847091 ], [ 106.70378283902005, -6.198115242713957 ], [ 106.704127830612038, -6.198167224941018 ], [ 106.704472651770672, -6.198166116332204 ], [ 106.704883486268571, -6.198071885719224 ], [ 106.705068306634274, -6.197805835665456 ], [ 106.705014490117421, -6.197567098681434 ], [ 106.704960417979905, -6.197248725805101 ], [ 106.705092274092877, -6.197009391699408 ], [ 106.705144556239901, -6.196770313499515 ], [ 106.705170398989836, -6.196557865893102 ], [ 106.705355389342017, -6.196344906480722 ], [ 106.705486989412165, -6.19602593652631 ], [ 106.705858077734547, -6.195945106252024 ], [ 106.705990956386813, -6.196024315442469 ], [ 106.706230018653997, -6.196129728489807 ], [ 106.706362470957615, -6.196076211197998 ], [ 106.706441277080103, -6.195837047694879 ], [ 106.706520253732094, -6.195650974738517 ], [ 106.706706266749777, -6.195756558298162 ], [ 106.706945414247144, -6.195888516282271 ], [ 106.707157525345082, -6.195861287949257 ], [ 106.707236416394736, -6.195648669693816 ], [ 106.707262087705445, -6.195383131700857 ], [ 106.707553772116199, -6.195355647101237 ], [ 106.707581150017347, -6.195621014257235 ], [ 106.707423282843692, -6.196019705539602 ], [ 106.707317867296354, -6.196232409217355 ], [ 106.707452026339183, -6.196709796810631 ], [ 106.707824053485112, -6.196920962876152 ], [ 106.708036250220346, -6.196920279339608 ], [ 106.708460302013791, -6.196812731043098 ], [ 106.708699023210954, -6.196811961785521 ], [ 106.708885293193816, -6.196997180053884 ], [ 106.708859366581635, -6.19718308219937 ], [ 106.708939452940811, -6.197342097128016 ], [ 106.709178430648976, -6.197420963284499 ], [ 106.709496640355894, -6.197393391825297 ], [ 106.709682056095374, -6.197313157430229 ], [ 106.709947985814637, -6.197524663781082 ], [ 106.710213488232, -6.197603443853345 ], [ 106.710663465564224, -6.197309991725001 ], [ 106.710742013050748, -6.196991192444489 ], [ 106.710740644825322, -6.196566469075349 ], [ 106.711295863746074, -6.196007222380468 ], [ 106.711720255689855, -6.1960058526456 ], [ 106.712065416354662, -6.196110920257619 ], [ 106.71246268459511, -6.195923819231097 ], [ 106.712752485077445, -6.195312337720998 ], [ 106.713069237463941, -6.194833496455673 ], [ 106.713199548207967, -6.194116348265442 ], [ 106.713224788610844, -6.193718084915908 ], [ 106.713038433414837, -6.19350632306902 ], [ 106.712825981883469, -6.193427372676357 ], [ 106.712600311000415, -6.19336173758832 ], [ 106.71270555276611, -6.193095943203855 ], [ 106.713050369083334, -6.193094829924904 ], [ 106.713314842053819, -6.192855066797773 ], [ 106.713313643857873, -6.192483434294543 ], [ 106.713047545207203, -6.192218838901823 ], [ 106.713152872223233, -6.191979589723664 ], [ 106.71341794376923, -6.191925642949181 ], [ 106.71373546458679, -6.191685708517065 ], [ 106.71378722919664, -6.191287359593199 ], [ 106.713972813193124, -6.191260214788177 ], [ 106.714424666824272, -6.19155075508045 ], [ 106.714584154754135, -6.191656421548087 ], [ 106.714928969797185, -6.191655307306489 ], [ 106.715060820039071, -6.191415972292549 ], [ 106.715086145102418, -6.191044254392011 ], [ 106.715031383806462, -6.190513522692899 ], [ 106.715030441776761, -6.190221525964282 ], [ 106.71505619520552, -6.189982533845385 ], [ 106.715321436651081, -6.189981676751267 ], [ 106.715481266761415, -6.190193523640501 ], [ 106.715799727897391, -6.190245585114909 ], [ 106.716065032617252, -6.190244647272022 ], [ 106.716190234703276, -6.190206675991709 ], [ 106.716313132130793, -6.190142213416464 ], [ 106.716301582353481, -6.1901728527999 ], [ 106.716277672336659, -6.190236281563469 ], [ 106.716279462986606, -6.190790904387548 ], [ 106.716382014754757, -6.191345201315513 ], [ 106.716459213788411, -6.191849159389109 ], [ 106.716688450620452, -6.192629939748624 ], [ 106.716816112543995, -6.193158944708538 ], [ 106.717169836109647, -6.193485534823411 ], [ 106.717800898346397, -6.193886857662045 ], [ 106.718279514737972, -6.19388530753953 ], [ 106.718581635618506, -6.193833908103333 ], [ 106.718833049524903, -6.193681831391266 ], [ 106.719034082654431, -6.193529917857203 ], [ 106.719209925363288, -6.19337808591267 ], [ 106.719459952015228, -6.192797437586257 ], [ 106.719836092604325, -6.192266801211388 ], [ 106.719948753707982, -6.192219089028693 ], [ 106.720024622305658, -6.19256790275053 ], [ 106.720158704122596, -6.193018739211714 ], [ 106.719844709657224, -6.194347025440175 ], [ 106.719662219076184, -6.195329795678305 ], [ 106.719427109215772, -6.196445463474417 ], [ 106.719243328994736, -6.197030057537178 ], [ 106.71892641056499, -6.197455811087647 ], [ 106.718768208959872, -6.197748323134876 ], [ 106.718609577591664, -6.197908109682325 ], [ 106.718370943056485, -6.197935428639809 ], [ 106.717946293386333, -6.197857168795516 ], [ 106.71762731239599, -6.197645839263361 ], [ 106.717255883605688, -6.197620497133427 ], [ 106.716567533855724, -6.19802090748049 ], [ 106.715958499178683, -6.198341424218823 ], [ 106.715110399399322, -6.198556532345766 ], [ 106.714460161475785, -6.198439181422636 ], [ 106.714141866526916, -6.198440210802121 ], [ 106.713744340517223, -6.198547677926034 ], [ 106.713559953597382, -6.198946455720316 ], [ 106.713162426998579, -6.199053922542448 ], [ 106.712923705352779, -6.19905469408689 ], [ 106.712526520967401, -6.199268341222241 ], [ 106.711865288117451, -6.199854477641712 ], [ 106.710859916916547, -6.200654088659731 ], [ 106.710093008962033, -6.201373292475899 ], [ 106.709525248930404, -6.20215821688043 ], [ 106.709791181568079, -6.202369722622538 ], [ 106.709474765197541, -6.202954744739016 ], [ 106.709397329012916, -6.203618632109778 ], [ 106.709136100194542, -6.204867113716506 ], [ 106.708980201079186, -6.205876345970036 ], [ 106.708981912203214, -6.206407250484653 ], [ 106.708877352038499, -6.206885407054076 ], [ 106.708560933180522, -6.207470429546591 ], [ 106.708111888024035, -6.208055880066203 ], [ 106.707861652496192, -6.208600870646927 ], [ 106.707651095286934, -6.209168340006179 ] ] ] ] } },
{ "type": "Feature", "properties": { "ID": 121, "KECAMATAN": "Batuceper", "PUSKESMAS": "Batuceper", "KELURAHAN": "Batujaya", "AREA": 1471715.461, "PERIMETER": 5507.840937, "REGENCY": "Kota Tangerang", "HECTARES": 147.172, "X_COORD": 106.66339, "Y_COORD": -6.1555 }, "geometry": { "type": "MultiPolygon", "coordinates": [ [ [ [ 106.67046966381757, -6.154345181051599 ], [ 106.670145599904117, -6.154634482233864 ], [ 106.669596465608706, -6.155216648383917 ], [ 106.668728541291983, -6.1558578559882 ], [ 106.667745259230955, -6.156702580337484 ], [ 106.666804972235795, -6.157387545869553 ], [ 106.665069377844247, -6.158757021329433 ], [ 106.664664317054019, -6.159048510331976 ], [ 106.663361325848015, -6.159662047525907 ], [ 106.662405941131524, -6.160158408854208 ], [ 106.66133564684084, -6.161003397272427 ], [ 106.660641958451976, -6.161731121435965 ], [ 106.659164606970251, -6.162229104106559 ], [ 106.658961893049067, -6.162316802594399 ], [ 106.659109045933704, -6.163012886124484 ], [ 106.659168213873841, -6.163389995235326 ], [ 106.659081671269107, -6.163535377393974 ], [ 106.658791873179553, -6.163594324427828 ], [ 106.658385722997238, -6.163537543052689 ], [ 106.657680838592654, -6.163742325850822 ], [ 106.657613413063444, -6.163608403114647 ], [ 106.657440995374913, -6.162999399877278 ], [ 106.657439860259288, -6.162633679769736 ], [ 106.657609931551093, -6.16248686155875 ], [ 106.657706920494334, -6.162340270556713 ], [ 106.657633232831657, -6.162145447076488 ], [ 106.657351760227968, -6.16171964450765 ], [ 106.657082052468937, -6.161159706406606 ], [ 106.657031742784767, -6.160647849514193 ], [ 106.656614586988752, -6.159673882009923 ], [ 106.656464568374076, -6.158430886806301 ], [ 106.656462905784721, -6.157894496955672 ], [ 106.656558383233317, -6.157260279152093 ], [ 106.656751680499312, -6.156747665635792 ], [ 106.65672543091749, -6.156138207388788 ], [ 106.65668756798749, -6.155711647091454 ], [ 106.656613353403998, -6.15534615357652 ], [ 106.656490191525023, -6.154907667141134 ], [ 106.656609425516052, -6.154078322952134 ], [ 106.656777304646255, -6.153224446274215 ], [ 106.656652784387774, -6.152347095275498 ], [ 106.656625856988981, -6.151518204592297 ], [ 106.656427125287721, -6.150275359500981 ], [ 106.656301928469816, -6.149178575686854 ], [ 106.656398991855042, -6.149056366770935 ], [ 106.656666953618171, -6.149055535957754 ], [ 106.657129796576726, -6.14905410060061 ], [ 106.657495274341343, -6.149077348493202 ], [ 106.657518199893858, -6.148614027227223 ], [ 106.657563598250874, -6.147541096584418 ], [ 106.657757723886832, -6.147296678587779 ], [ 106.658001324522431, -6.147295922904718 ], [ 106.658318156348244, -6.147343703038456 ], [ 106.658559699826043, -6.147265954886167 ], [ 106.658780407656138, -6.147421399757121 ], [ 106.66007053471067, -6.148318182666972 ], [ 106.66107518425639, -6.148999203618148 ], [ 106.662331034818436, -6.149861878423732 ], [ 106.66324447962397, -6.150520372800756 ], [ 106.664477551768073, -6.151383111559734 ], [ 106.665139445816919, -6.151745923875969 ], [ 106.665984329153517, -6.152336211394176 ], [ 106.66653222998643, -6.152676572325212 ], [ 106.667011279457796, -6.152857514576259 ], [ 106.667900953517375, -6.153196806589798 ], [ 106.669555236653466, -6.153955592716465 ], [ 106.670125640654803, -6.154204659856725 ], [ 106.67046966381757, -6.154345181051599 ] ] ] ] } },
{ "type": "Feature", "properties": { "ID": 122, "KECAMATAN": "Batuceper", "PUSKESMAS": "Poris Gaga Lama", "KELURAHAN": "Poris Gaga", "AREA": 1645506.8810469999, "PERIMETER": 5416.007018, "REGENCY": "Kota Tangerang", "HECTARES": 164.551, "X_COORD": 106.68415, "Y_COORD": -6.16782 }, "geometry": { "type": "MultiPolygon", "coordinates": [ [ [ [ 106.687903954621987, -6.159775346995399 ], [ 106.687904739054318, -6.159784421384533 ], [ 106.688005814147758, -6.159884944631778 ], [ 106.688257705375705, -6.159884147359206 ], [ 106.688635542155382, -6.159882951227545 ], [ 106.688937652130875, -6.159831573095184 ], [ 106.689517161017108, -6.159880159213938 ], [ 106.689769370995293, -6.159980203253938 ], [ 106.690046530891806, -6.16000453582064 ], [ 106.690047487933271, -6.160307061850686 ], [ 106.689735694195633, -6.161278664027771 ], [ 106.689610226844522, -6.161430326160247 ], [ 106.689510108104784, -6.161632329484494 ], [ 106.689435337996457, -6.161884674013803 ], [ 106.689285638164208, -6.162338942070911 ], [ 106.689112264113987, -6.163272289688239 ], [ 106.689164237766647, -6.163776340268657 ], [ 106.689317926204509, -6.164582597554068 ], [ 106.689217807073376, -6.16478460099251 ], [ 106.689042040060187, -6.164961633433851 ], [ 106.688930004120891, -6.165377966136648 ], [ 106.688981419917098, -6.165705543110224 ], [ 106.689184690347787, -6.166259535514858 ], [ 106.689286325772329, -6.166536531640704 ], [ 106.689287762240141, -6.166990320752388 ], [ 106.689138141830085, -6.167469799618358 ], [ 106.688888641110552, -6.168226913596718 ], [ 106.688739578897838, -6.168882866102194 ], [ 106.688678400690435, -6.169450302296117 ], [ 106.688580435808973, -6.170332989729484 ], [ 106.688582990120793, -6.171139726102505 ], [ 106.68866071462476, -6.171820170184573 ], [ 106.688737481352831, -6.172198088087312 ], [ 106.688990656106569, -6.172600656957529 ], [ 106.689217922641689, -6.172776411033696 ], [ 106.689394809870805, -6.172952324884133 ], [ 106.689421440246477, -6.172961921047766 ], [ 106.689054204801252, -6.173361006539939 ], [ 106.688617889337124, -6.173954442328254 ], [ 106.688225114366531, -6.174460028558579 ], [ 106.687590499612753, -6.174703247794642 ], [ 106.686824565102654, -6.174990738451564 ], [ 106.686554453440067, -6.175018636902823 ], [ 106.686386511080784, -6.175035982740844 ], [ 106.68555442989765, -6.175192114388941 ], [ 106.684854083243962, -6.175435539158944 ], [ 106.683847346413671, -6.175789572386499 ], [ 106.683234082407353, -6.175857296739611 ], [ 106.682061600901534, -6.175762329669619 ], [ 106.681338303167024, -6.175676904461953 ], [ 106.680527435622636, -6.175613682740064 ], [ 106.679585524168075, -6.175682440982203 ], [ 106.679191425065, -6.175771396736772 ], [ 106.678884619376262, -6.175750437109897 ], [ 106.678599792498503, -6.175751335884322 ], [ 106.678498838504595, -6.175836074290379 ], [ 106.678455627834978, -6.175786736302479 ], [ 106.678260365729315, -6.175563785634748 ], [ 106.678283882205506, -6.175295517027554 ], [ 106.678351669526236, -6.174968520034977 ], [ 106.678847805436149, -6.172575222306276 ], [ 106.679208152218735, -6.170964919614551 ], [ 106.679966727511243, -6.168170868209258 ], [ 106.680326917806113, -6.166511804128719 ], [ 106.680542478863742, -6.165340822249724 ], [ 106.680698097716203, -6.164474795649493 ], [ 106.681012098186656, -6.163620460298718 ], [ 106.681204525867201, -6.162839652271888 ], [ 106.681348999967241, -6.162302808377431 ], [ 106.681441343705515, -6.162056816169677 ], [ 106.682212068007132, -6.161751507203882 ], [ 106.683112097158912, -6.161334185388811 ], [ 106.684997680572693, -6.160584602441705 ], [ 106.68626341683678, -6.160263645760575 ], [ 106.686823010804417, -6.160042445153517 ], [ 106.687528996790178, -6.159893924551795 ], [ 106.687903954621987, -6.159775346995399 ] ] ] ] } },
{ "type": "Feature", "properties": { "ID": 123, "KECAMATAN": "Batuceper", "PUSKESMAS": "Batuceper", "KELURAHAN": "Kebon Besar", "AREA": 1196600.3618419999, "PERIMETER": 4680.184121, "REGENCY": "Kota Tangerang", "HECTARES": 119.66, "X_COORD": 106.68115, "Y_COORD": -6.15934 }, "geometry": { "type": "MultiPolygon", "coordinates": [ [ [ [ 106.687597354376763, -6.154131271883872 ], [ 106.687522662377376, -6.154453548298625 ], [ 106.687650198134364, -6.15495736091997 ], [ 106.687652346717229, -6.155638045455749 ], [ 106.687754853411022, -6.156192358648318 ], [ 106.687872064642761, -6.157414711060955 ], [ 106.687873020048301, -6.157717237461139 ], [ 106.687874214372485, -6.158095395456071 ], [ 106.687875647660192, -6.158549185042863 ], [ 106.687876682879349, -6.158876921961574 ], [ 106.687877718154667, -6.159204658876011 ], [ 106.687878594200711, -6.159481974723496 ], [ 106.687903954621987, -6.159775346995399 ], [ 106.687528996790178, -6.159893924551795 ], [ 106.686823010804417, -6.160042445153517 ], [ 106.68626341683678, -6.160263645760575 ], [ 106.684997680572693, -6.160584602441705 ], [ 106.683112097158912, -6.161334185388811 ], [ 106.682212068007132, -6.161751507203882 ], [ 106.681441343705515, -6.162056816169677 ], [ 106.680971221034881, -6.162243046399161 ], [ 106.680533499999484, -6.162488239255849 ], [ 106.679730907958287, -6.1629052507546 ], [ 106.679495424415848, -6.16300924691827 ], [ 106.67895244496772, -6.163249041437146 ], [ 106.678198111385186, -6.163519611311946 ], [ 106.677686922822105, -6.163643127103648 ], [ 106.677249658129298, -6.164034604526506 ], [ 106.676593453568145, -6.1645242959034 ], [ 106.67647961545056, -6.164626213272354 ], [ 106.676250644254353, -6.163964603266767 ], [ 106.676029868210961, -6.163477670568325 ], [ 106.675809551761461, -6.16313702432863 ], [ 106.675392362495288, -6.162163081374453 ], [ 106.675195795891312, -6.161627309099039 ], [ 106.675095066155137, -6.160579226980121 ], [ 106.674966002837095, -6.158263402659043 ], [ 106.674863671636686, -6.156703316372578 ], [ 106.674860234254083, -6.155606165544484 ], [ 106.674589369972324, -6.15468052328544 ], [ 106.674394726087925, -6.154268364220727 ], [ 106.675229864575229, -6.15432549439833 ], [ 106.676368960060202, -6.154276309347581 ], [ 106.677303063488196, -6.154250570620997 ], [ 106.678840926007922, -6.154211529598989 ], [ 106.680003305043357, -6.154321895557479 ], [ 106.680937765068833, -6.154410172057137 ], [ 106.681872224961921, -6.154498446835715 ], [ 106.682350703716736, -6.154496939083674 ], [ 106.682760971796483, -6.15454125496595 ], [ 106.683217024600381, -6.154653839681026 ], [ 106.684128484057723, -6.154673769310489 ], [ 106.684743526791223, -6.154626219503704 ], [ 106.685745692862781, -6.154509033176915 ], [ 106.68645165759979, -6.154392780931349 ], [ 106.686872921743301, -6.154311634254117 ], [ 106.687100048664263, -6.154082871816309 ], [ 106.687373392203895, -6.154059203440317 ], [ 106.687597354376763, -6.154131271883872 ] ] ] ] } },
{ "type": "Feature", "properties": { "ID": 124, "KECAMATAN": "Batuceper", "PUSKESMAS": "Batuceper", "KELURAHAN": "Batuceper", "AREA": 1266914.2720870001, "PERIMETER": 5652.480434, "REGENCY": "Kota Tangerang", "HECTARES": 126.691, "X_COORD": 106.66702, "Y_COORD": -6.15951 }, "geometry": { "type": "MultiPolygon", "coordinates": [ [ [ [ 106.669871895230074, -6.163685181589011 ], [ 106.669677440022227, -6.163664173707966 ], [ 106.669294334591498, -6.163764049814664 ], [ 106.668352299803246, -6.163788927251521 ], [ 106.667716927520374, -6.163790915582528 ], [ 106.667212532127365, -6.163638997027267 ], [ 106.666708410696913, -6.163574789350446 ], [ 106.666018298838253, -6.163587910784449 ], [ 106.665273447370424, -6.163612166392751 ], [ 106.664309774727428, -6.163724816647947 ], [ 106.663389715157123, -6.163771544838637 ], [ 106.662776250731667, -6.163773458903777 ], [ 106.661987920016998, -6.163907486275514 ], [ 106.66150584356464, -6.163887061092382 ], [ 106.6607936152637, -6.163834460423651 ], [ 106.659785983798429, -6.163903383518547 ], [ 106.658603075556442, -6.163972850226977 ], [ 106.65792408515432, -6.164040747168953 ], [ 106.657553152404617, -6.164037266750719 ], [ 106.657638444513779, -6.16377849753235 ], [ 106.657636573264526, -6.163755185766453 ], [ 106.657680838592654, -6.163742325850822 ], [ 106.658385722997238, -6.163537543052689 ], [ 106.658791873179553, -6.163594324427828 ], [ 106.659081671269107, -6.163535377393974 ], [ 106.659168213873841, -6.163389995235326 ], [ 106.659109045933704, -6.163012886124484 ], [ 106.658961893049067, -6.162316802594399 ], [ 106.659164606970251, -6.162229104106559 ], [ 106.660641958451976, -6.161731121435965 ], [ 106.66133564684084, -6.161003397272427 ], [ 106.662405941131524, -6.160158408854208 ], [ 106.663361325848015, -6.159662047525907 ], [ 106.664664317054019, -6.159048510331976 ], [ 106.665069377844247, -6.158757021329433 ], [ 106.666804972235795, -6.157387545869553 ], [ 106.667745259230955, -6.156702580337484 ], [ 106.668728541291983, -6.1558578559882 ], [ 106.669596465608706, -6.155216648383917 ], [ 106.670145599904117, -6.154634482233864 ], [ 106.67046966381757, -6.154345181051599 ], [ 106.670513481407951, -6.154363078951509 ], [ 106.671151670421892, -6.154429495417333 ], [ 106.672313553671316, -6.154380247534164 ], [ 106.67343008052255, -6.154399553233519 ], [ 106.674272689546896, -6.154260083456135 ], [ 106.674394726087925, -6.154268364220727 ], [ 106.674589369972324, -6.15468052328544 ], [ 106.674860234254083, -6.155606165544484 ], [ 106.674863671636686, -6.156703316372578 ], [ 106.674966002837095, -6.158263402659043 ], [ 106.675095066155137, -6.160579226980121 ], [ 106.675195795891312, -6.161627309099039 ], [ 106.675392362495288, -6.162163081374453 ], [ 106.675809551761461, -6.16313702432863 ], [ 106.676029868210961, -6.163477670568325 ], [ 106.676250644254353, -6.163964603266767 ], [ 106.67647961545056, -6.164626213272354 ], [ 106.676374820508087, -6.164720034390383 ], [ 106.676033924795604, -6.164769869270597 ], [ 106.675595203762114, -6.164698104766067 ], [ 106.675083247832674, -6.164577807334862 ], [ 106.674351663927695, -6.164336292531761 ], [ 106.673717522972055, -6.164094470560713 ], [ 106.672863907574822, -6.163780192380494 ], [ 106.672351952487944, -6.163659891915044 ], [ 106.671815942237217, -6.163637191942416 ], [ 106.671011964825766, -6.163615331534565 ], [ 106.670183702766096, -6.163617927407372 ], [ 106.669891527401461, -6.163667605660603 ], [ 106.669871895230074, -6.163685181589011 ] ] ] ] } },
{ "type": "Feature", "properties": { "ID": 133, "KECAMATAN": "Cibodas", "PUSKESMAS": "Baja", "KELURAHAN": "Cibodas Baru", "AREA": 1336868.276814, "PERIMETER": 6673.643212, "REGENCY": "Kota Tangerang", "HECTARES": 133.687, "X_COORD": 106.60046, "Y_COORD": -6.20956 }, "geometry": { "type": "MultiPolygon", "coordinates": [ [ [ [ 106.593676261422317, -6.218514774487548 ], [ 106.593619889953047, -6.218504693106896 ], [ 106.593700555190509, -6.217927194334415 ], [ 106.593863292697463, -6.217239494657951 ], [ 106.594080717172773, -6.216469165040719 ], [ 106.594380709942939, -6.215753563160076 ], [ 106.594680205396628, -6.214873032713592 ], [ 106.594788585863014, -6.214377915587935 ], [ 106.594568099907463, -6.214131185400171 ], [ 106.594320146555546, -6.213884537879701 ], [ 106.594100157461114, -6.213802736022606 ], [ 106.593769967109182, -6.213611312754623 ], [ 106.593878679394805, -6.213226148081378 ], [ 106.594259833452085, -6.212097976674551 ], [ 106.594560404109032, -6.211574791992928 ], [ 106.59475151812731, -6.211189378989054 ], [ 106.594597410156226, -6.211187229668911 ], [ 106.594660864776614, -6.211133986178022 ], [ 106.594805612825169, -6.210793155079029 ], [ 106.594925333523378, -6.210209260316416 ], [ 106.594777731949677, -6.209601857386471 ], [ 106.594556732837177, -6.208824478056978 ], [ 106.594585050276336, -6.208713800461335 ], [ 106.595248674006029, -6.20866435239255 ], [ 106.596536325320272, -6.208660469572282 ], [ 106.596924976831559, -6.208634983116883 ], [ 106.597045574224452, -6.208342852559878 ], [ 106.597287647838172, -6.208050355432372 ], [ 106.597554382802116, -6.207879353241515 ], [ 106.598465564523877, -6.207913073140992 ], [ 106.599631735843744, -6.207909550096264 ], [ 106.599971722251837, -6.207859894792746 ], [ 106.60011712663713, -6.207737885986446 ], [ 106.600164983178061, -6.207494602790661 ], [ 106.600358097100965, -6.207080683524108 ], [ 106.60052779637698, -6.206958601233135 ], [ 106.600235593814332, -6.206740659919764 ], [ 106.600089455929421, -6.20661953236252 ], [ 106.600016130219487, -6.206473870845129 ], [ 106.600014809635141, -6.206036225439599 ], [ 106.600013489145724, -6.205598580026472 ], [ 106.600110009367697, -6.205379463663449 ], [ 106.6003280783723, -6.205184293831118 ], [ 106.600375421322326, -6.204770815263606 ], [ 106.600434581680489, -6.204247888658496 ], [ 106.600502625419821, -6.202642968797215 ], [ 106.600693757936682, -6.201572581860013 ], [ 106.601298416545461, -6.200671142522078 ], [ 106.601490106159559, -6.200478142899055 ], [ 106.601564853120138, -6.200402885069536 ], [ 106.601589221354843, -6.200427125265522 ], [ 106.601857051882959, -6.200620826457468 ], [ 106.602148883871607, -6.200717199554753 ], [ 106.602537748576097, -6.200764651362862 ], [ 106.603266741351646, -6.200811073885469 ], [ 106.603461173684167, -6.200834799395198 ], [ 106.603390052126954, -6.201418546290329 ], [ 106.603343445894239, -6.202075160473609 ], [ 106.60320179070527, -6.203437163137008 ], [ 106.603130228355539, -6.203875028514571 ], [ 106.603349471294862, -6.204068875409052 ], [ 106.603933654236243, -6.204431813748376 ], [ 106.604639607254398, -6.204891637482214 ], [ 106.605028916352893, -6.205084968056561 ], [ 106.604980914926998, -6.20527962393225 ], [ 106.604908618429008, -6.205474353448718 ], [ 106.605273706598837, -6.205692070913174 ], [ 106.605760564852559, -6.206006673916129 ], [ 106.60634482489445, -6.206393922150112 ], [ 106.607022791550236, -6.206585550690314 ], [ 106.606953086028312, -6.206683841566605 ], [ 106.606904864294734, -6.206805556808387 ], [ 106.606906117036715, -6.207218887168005 ], [ 106.607150542270176, -6.20770442056545 ], [ 106.607297345107696, -6.208044367580192 ], [ 106.607200754273819, -6.208239171046587 ], [ 106.606959276939051, -6.208726179709879 ], [ 106.606644471409084, -6.209067528345734 ], [ 106.60676653707641, -6.209261667938875 ], [ 106.606766831923736, -6.209358922139414 ], [ 106.606573059872034, -6.209554020666785 ], [ 106.606283064803463, -6.210065490389235 ], [ 106.606186031197396, -6.210114412509911 ], [ 106.606016038116593, -6.21013924229351 ], [ 106.605967594977244, -6.210188016894656 ], [ 106.605967889722322, -6.210285271130083 ], [ 106.606089660800677, -6.210382156633636 ], [ 106.606114471935769, -6.210552277782199 ], [ 106.606187505152633, -6.210600683632157 ], [ 106.606188315878171, -6.210868132745442 ], [ 106.606020165067662, -6.211500801525089 ], [ 106.605900162501683, -6.211987441472524 ], [ 106.60581568156671, -6.212170051315825 ], [ 106.605524137342854, -6.212170936327346 ], [ 106.605547838046448, -6.213713126762406 ], [ 106.605169405932941, -6.213714275593239 ], [ 106.60451002040017, -6.21366130024012 ], [ 106.603768232392085, -6.213608573937909 ], [ 106.603135981341012, -6.213445561560674 ], [ 106.602641234177227, -6.213337108139847 ], [ 106.602311707699798, -6.213365594892596 ], [ 106.602065830817139, -6.21380615181769 ], [ 106.601653319501096, -6.21364247184837 ], [ 106.600911198418714, -6.21347978939715 ], [ 106.600031324837062, -6.213180081180481 ], [ 106.59992162092243, -6.213235389628928 ], [ 106.599567864309194, -6.214335991066013 ], [ 106.598633303186901, -6.214118911009488 ], [ 106.59844302159982, -6.21477920539365 ], [ 106.598332570406711, -6.214587121200267 ], [ 106.598195730230316, -6.214752464640689 ], [ 106.597786370547396, -6.215633327646406 ], [ 106.597705294850726, -6.216073385582656 ], [ 106.597541069435366, -6.216266300070771 ], [ 106.597073704054537, -6.216130270755576 ], [ 106.596771393653427, -6.216076207382391 ], [ 106.596551817927164, -6.216131847237817 ], [ 106.596497711504767, -6.216406893869494 ], [ 106.596389166998122, -6.216847034861527 ], [ 106.596390576333022, -6.217314332089243 ], [ 106.596171082940259, -6.217397460000464 ], [ 106.595868937500043, -6.217398372432849 ], [ 106.595484140116113, -6.217317069208639 ], [ 106.595210208005213, -6.217565291121443 ], [ 106.594964986043507, -6.218225751413847 ], [ 106.594746485958879, -6.218638735998675 ], [ 106.594554459492699, -6.218721780540358 ], [ 106.594224513953904, -6.218612822716787 ], [ 106.593922201943997, -6.218558758006355 ], [ 106.593676261422317, -6.218514774487548 ] ] ] ] } },
{ "type": "Feature", "properties": { "ID": 135, "KECAMATAN": "Periuk", "PUSKESMAS": "Gembor", "KELURAHAN": "Gembor", "AREA": 1783009.3873960001, "PERIMETER": 8221.335055, "REGENCY": "Kota Tangerang", "HECTARES": 178.301, "X_COORD": 106.57667, "Y_COORD": -6.17456 }, "geometry": { "type": "MultiPolygon", "coordinates": [ [ [ [ 106.566948600882199, -6.17630670958417 ], [ 106.567605528553614, -6.17598874153316 ], [ 106.567934392658401, -6.175740373802484 ], [ 106.568317136763142, -6.175134493654393 ], [ 106.568509155713485, -6.175051461456639 ], [ 106.568756672852246, -6.175160686642275 ], [ 106.569169066694997, -6.175296914173064 ], [ 106.569662967941142, -6.175130525051359 ], [ 106.570212529502996, -6.175211369631006 ], [ 106.571022733771542, -6.175195233634994 ], [ 106.572257888813482, -6.174916698428209 ], [ 106.572751463591089, -6.174640353042759 ], [ 106.573079999314146, -6.174282029226083 ], [ 106.573353684095508, -6.173951356144156 ], [ 106.573847744226029, -6.173839940613102 ], [ 106.574177171586612, -6.173783988975678 ], [ 106.574561936396705, -6.173865316676022 ], [ 106.574891769651046, -6.173946806632717 ], [ 106.575221359262557, -6.173945831159637 ], [ 106.575564559845475, -6.17390358223207 ], [ 106.57583816136777, -6.173545419916776 ], [ 106.576084540597606, -6.173269804050246 ], [ 106.576413804469425, -6.173158874406338 ], [ 106.576633367810558, -6.173103246804335 ], [ 106.576632554902076, -6.172828362983786 ], [ 106.576796861451953, -6.172662944541344 ], [ 106.576961493109025, -6.172607479585595 ], [ 106.577894920172938, -6.172467270354102 ], [ 106.578910824738983, -6.17235430356711 ], [ 106.579212458574432, -6.172188477249761 ], [ 106.579348565579238, -6.171775744624378 ], [ 106.579210260545196, -6.171446291828526 ], [ 106.578823870143339, -6.17081520012205 ], [ 106.578739601938139, -6.170183212242751 ], [ 106.57895932639245, -6.17018256075746 ], [ 106.579219475989277, -6.16992064766999 ], [ 106.579136184220829, -6.169618520145168 ], [ 106.579190301504283, -6.16934347374012 ], [ 106.579464468250819, -6.169177729158143 ], [ 106.579766263088715, -6.169066879699564 ], [ 106.579957951625687, -6.168873890993602 ], [ 106.580121686086201, -6.168516053694365 ], [ 106.580311827424239, -6.167800786515552 ], [ 106.580502212717391, -6.167167984390524 ], [ 106.580721610047533, -6.16705737916082 ], [ 106.581106125205181, -6.167056238147219 ], [ 106.581463745166715, -6.167247596652502 ], [ 106.581903272540202, -6.167273780279999 ], [ 106.582342473828831, -6.167190010286021 ], [ 106.582643940546603, -6.166969206396036 ], [ 106.582683956513861, -6.166570503547393 ], [ 106.582708813415792, -6.165690796100058 ], [ 106.582707183347338, -6.165141029921791 ], [ 106.582621365124197, -6.163986765561163 ], [ 106.583141818062828, -6.163517914701826 ], [ 106.583963734141292, -6.162828259629745 ], [ 106.584539604201723, -6.162524174507624 ], [ 106.585033894122049, -6.162495216692911 ], [ 106.585418160379191, -6.162411608583372 ], [ 106.585638370614333, -6.162575884800317 ], [ 106.585967951486694, -6.162574904474689 ], [ 106.586257880934127, -6.162567593116765 ], [ 106.586389753205921, -6.162786090797548 ], [ 106.58634217773934, -6.163126629071229 ], [ 106.586221216600663, -6.163297187367773 ], [ 106.586197717741939, -6.163564711859881 ], [ 106.586295685771447, -6.163831874884914 ], [ 106.586272259234093, -6.164123713207034 ], [ 106.586103361233171, -6.164513240668086 ], [ 106.585863388568981, -6.165510830987111 ], [ 106.585744305046703, -6.166313549175979 ], [ 106.585554508224092, -6.16784589953948 ], [ 106.585388499245511, -6.169207980823346 ], [ 106.585367023854133, -6.170156292940847 ], [ 106.585440916703305, -6.170496469705057 ], [ 106.585466872831987, -6.171055615662341 ], [ 106.585370203935796, -6.171226101904118 ], [ 106.585201232003726, -6.171591315883631 ], [ 106.585031609434395, -6.171737705277192 ], [ 106.584268415042601, -6.172432927942048 ], [ 106.583952956901229, -6.172555437084558 ], [ 106.583564328285632, -6.172580907469309 ], [ 106.583224431581542, -6.172654860790984 ], [ 106.582957344000548, -6.17270428331305 ], [ 106.582447678919991, -6.172875997385113 ], [ 106.582084065082498, -6.173144533305682 ], [ 106.581623347523404, -6.173437671740877 ], [ 106.581308320582636, -6.173706062930167 ], [ 106.5811875723725, -6.173949562704123 ], [ 106.581091406467081, -6.174290245846506 ], [ 106.581006476529581, -6.174680747934888 ], [ 106.580887684751175, -6.17522694408502 ], [ 106.580478076683661, -6.176370924013278 ], [ 106.580262315115817, -6.17734412935582 ], [ 106.580264190336834, -6.177976290599398 ], [ 106.580240329010991, -6.17812224614871 ], [ 106.579997892853669, -6.17829316524012 ], [ 106.579755023870604, -6.178318200863678 ], [ 106.579439128300407, -6.178294825040114 ], [ 106.578952741461805, -6.178126070505272 ], [ 106.578332845279562, -6.177994182876414 ], [ 106.577554785468195, -6.177777664128057 ], [ 106.576946928744135, -6.17760926776065 ], [ 106.576633983792263, -6.178582761518838 ], [ 106.576442149284929, -6.179434325525865 ], [ 106.576141242282588, -6.18037131250747 ], [ 106.575949478992797, -6.181247190587859 ], [ 106.575805368461047, -6.181806843419221 ], [ 106.575563864492793, -6.182293842542168 ], [ 106.575297706016855, -6.182659343935931 ], [ 106.575178033052836, -6.183267552716474 ], [ 106.57498670001506, -6.184289314726255 ], [ 106.574747281484008, -6.185481418520028 ], [ 106.574579666670488, -6.18630859705724 ], [ 106.574489886844006, -6.186510184515243 ], [ 106.574403150084677, -6.186704939100591 ], [ 106.57335117428012, -6.185765168554419 ], [ 106.572790675103136, -6.185183287970393 ], [ 106.572522716938408, -6.184940939335617 ], [ 106.572085056737862, -6.184820663682044 ], [ 106.57145296885318, -6.184676648556306 ], [ 106.571063826116557, -6.184531914225047 ], [ 106.570893333973984, -6.184386533105404 ], [ 106.570624515826395, -6.183852415168197 ], [ 106.570329969190055, -6.182832088628423 ], [ 106.570256153467398, -6.182516221899732 ], [ 106.569986835366336, -6.181811905126752 ], [ 106.569450136897629, -6.181059749066698 ], [ 106.568887999611675, -6.179918639349581 ], [ 106.568204107522533, -6.178680630480788 ], [ 106.567764162998813, -6.177782300403889 ], [ 106.567226542847152, -6.176714057546403 ], [ 106.566948600882199, -6.17630670958417 ] ] ] ] } },
{ "type": "Feature", "properties": { "ID": 136, "KECAMATAN": "Jatiuwung", "PUSKESMAS": "Jatiuwung", "KELURAHAN": "Pasir Jaya", "AREA": 5005779.766241, "PERIMETER": 11957.862681000001, "REGENCY": "Kota Tangerang", "HECTARES": 500.578, "X_COORD": 106.56262, "Y_COORD": -6.1907 }, "geometry": { "type": "MultiPolygon", "coordinates": [ [ [ [ 106.574489886844006, -6.186510184515243 ], [ 106.574860745406582, -6.186879146525051 ], [ 106.575859487460107, -6.187775807501519 ], [ 106.576298159238846, -6.18823647423286 ], [ 106.576411485402758, -6.189585572725666 ], [ 106.576417397597098, -6.19157931478022 ], [ 106.576393391285691, -6.191676642655524 ], [ 106.575178220543023, -6.191534366055056 ], [ 106.574011783307768, -6.191440570304144 ], [ 106.573075822507917, -6.191236674962505 ], [ 106.572663027018919, -6.191310840914687 ], [ 106.572347338595804, -6.191360404688217 ], [ 106.572104965946295, -6.191555636249556 ], [ 106.571765270034973, -6.191702527621516 ], [ 106.571498242702617, -6.191776261035592 ], [ 106.571158187026754, -6.191801582156049 ], [ 106.570745246762812, -6.191827118807526 ], [ 106.569870488919292, -6.191781078910358 ], [ 106.569700065985543, -6.191660011956567 ], [ 106.56977424310594, -6.192097448440955 ], [ 106.56977589490424, -6.192656670527062 ], [ 106.569752749169808, -6.193045766460714 ], [ 106.569656287772958, -6.193289194018419 ], [ 106.569365179648798, -6.193435940531925 ], [ 106.569316805228269, -6.193509026288713 ], [ 106.569477918384337, -6.194590532390358 ], [ 106.569576535021085, -6.195076524914676 ], [ 106.569650497687661, -6.195441019260209 ], [ 106.570259094820386, -6.195852559239759 ], [ 106.570429878872901, -6.196095195586853 ], [ 106.570674195374608, -6.19655644186547 ], [ 106.570943598635267, -6.197285069778559 ], [ 106.571123202400543, -6.197799396973783 ], [ 106.571018785833232, -6.198062901320285 ], [ 106.570826439099847, -6.198744268863497 ], [ 106.570536767473186, -6.199377296438076 ], [ 106.570344204227652, -6.199985722080177 ], [ 106.570273548527126, -6.200739671747995 ], [ 106.570176295602693, -6.200715645721377 ], [ 106.569617432932731, -6.200692987167932 ], [ 106.568961389126869, -6.200670615751596 ], [ 106.568110695685633, -6.200551562627187 ], [ 106.567770561963187, -6.200552569007219 ], [ 106.567699543516198, -6.201184949158579 ], [ 106.567486057262954, -6.202936205600347 ], [ 106.567414248640716, -6.203301131591272 ], [ 106.566870173474811, -6.205083841363492 ], [ 106.566166152372404, -6.204842415247248 ], [ 106.565423312399332, -6.204432280566272 ], [ 106.564983507891498, -6.204323625402966 ], [ 106.564544027797467, -6.204324923867814 ], [ 106.564022145064229, -6.204326465321619 ], [ 106.563334970953775, -6.204163561612968 ], [ 106.562647068265733, -6.203753260088185 ], [ 106.561738941021872, -6.203178674030604 ], [ 106.560528107393594, -6.202412556077 ], [ 106.559881854202658, -6.20215331561364 ], [ 106.559359245401907, -6.201907454715105 ], [ 106.558561720300716, -6.201579935453933 ], [ 106.558066741269172, -6.201388969381353 ], [ 106.558093563058733, -6.201168979829466 ], [ 106.557982402191072, -6.200729485293476 ], [ 106.557459876033207, -6.200511110542585 ], [ 106.556222311130071, -6.199992457922886 ], [ 106.555232518237972, -6.199665496941006 ], [ 106.554682284789664, -6.199364733558795 ], [ 106.554215017328843, -6.199256148391644 ], [ 106.553857941329838, -6.199257195311209 ], [ 106.553473397877454, -6.199258322494289 ], [ 106.553061467376239, -6.199287018547034 ], [ 106.552704712768701, -6.199398019376861 ], [ 106.552711726788942, -6.199310698101905 ], [ 106.552731215352495, -6.19906807486811 ], [ 106.552757074789895, -6.198518220998051 ], [ 106.552921316152535, -6.198325317553762 ], [ 106.553278311266041, -6.198296782757626 ], [ 106.55366196926127, -6.197993280639033 ], [ 106.553908853379042, -6.197882601488049 ], [ 106.553935274916185, -6.197525168450825 ], [ 106.553907083668605, -6.197277851044067 ], [ 106.553714169264424, -6.197058505232953 ], [ 106.553521898330118, -6.197059068608135 ], [ 106.553247064735544, -6.197004895977474 ], [ 106.55319116544247, -6.196675192898795 ], [ 106.553355165016839, -6.196399823494073 ], [ 106.553230477162941, -6.196029088547732 ], [ 106.553229673320729, -6.195754201875997 ], [ 106.553365240904924, -6.195149048983671 ], [ 106.553364758622436, -6.194984116986176 ], [ 106.552897414867715, -6.194848040935914 ], [ 106.552128012672227, -6.194740337303513 ], [ 106.551660749478955, -6.194631748718211 ], [ 106.551687333509349, -6.194329292790963 ], [ 106.551766764572449, -6.193311970271429 ], [ 106.551519159290265, -6.19317524979335 ], [ 106.550941547760189, -6.192902049269025 ], [ 106.550226841808922, -6.192711715358302 ], [ 106.549924302877116, -6.19257515445837 ], [ 106.549785604692829, -6.192108247435674 ], [ 106.548823936576127, -6.192001099344258 ], [ 106.548876788035756, -6.191286232063788 ], [ 106.550085738253856, -6.191420147117961 ], [ 106.550084936640104, -6.19114525998723 ], [ 106.550328853016936, -6.190017500789545 ], [ 106.550353082946586, -6.190019981795097 ], [ 106.55085088547456, -6.190070953744093 ], [ 106.551455318751053, -6.190124165323065 ], [ 106.55149559667305, -6.189807924896756 ], [ 106.551630685238507, -6.189037840032434 ], [ 106.551875801494589, -6.188322411493649 ], [ 106.551957881160831, -6.188212215883379 ], [ 106.552369883734087, -6.188211011495291 ], [ 106.552589778908555, -6.188265346391207 ], [ 106.552837462004277, -6.188429555576976 ], [ 106.553057116440442, -6.188401424212865 ], [ 106.553331222753613, -6.188208200014389 ], [ 106.553385835234096, -6.188098084613177 ], [ 106.553357886690335, -6.187933232924993 ], [ 106.553165217644207, -6.187796351963548 ], [ 106.552835535716042, -6.187769827248122 ], [ 106.552697720181627, -6.187605296742483 ], [ 106.55269691771602, -6.187330409914001 ], [ 106.552943878002111, -6.187247221038699 ], [ 106.552998330008847, -6.187082128319779 ], [ 106.552942914951302, -6.186917356878508 ], [ 106.552805260163808, -6.186807803712958 ], [ 106.552502483999262, -6.186588777520846 ], [ 106.552392135686901, -6.18642416653887 ], [ 106.552473813936146, -6.186176527505977 ], [ 106.552802853022072, -6.185983143236316 ], [ 106.552967252103443, -6.185845218025668 ], [ 106.552856422500852, -6.185515675036972 ], [ 106.552691301474397, -6.185406202032514 ], [ 106.552498312790277, -6.18515936579329 ], [ 106.552545806915333, -6.185082817844944 ], [ 106.55263500447316, -6.184939054934443 ], [ 106.55271740446095, -6.184938814104243 ], [ 106.552992873368424, -6.185212898059229 ], [ 106.553184658620481, -6.185047403874765 ], [ 106.553183134124254, -6.184525118969108 ], [ 106.553182091123517, -6.184167766132826 ], [ 106.553620834690079, -6.183919083196217 ], [ 106.553785313246365, -6.183808646607136 ], [ 106.554004885421008, -6.183753026667175 ], [ 106.554006169716033, -6.184192845376365 ], [ 106.554007213274303, -6.184550198071891 ], [ 106.554103466881912, -6.184591149872611 ], [ 106.554487919308386, -6.184562536227192 ], [ 106.554734636992208, -6.184396880924584 ], [ 106.555008098204354, -6.183983747253261 ], [ 106.555612041533905, -6.183872023848942 ], [ 106.555940836684101, -6.18359617232887 ], [ 106.556160327953975, -6.183513062934391 ], [ 106.556599390624228, -6.183374332559855 ], [ 106.557203010812145, -6.183152653088261 ], [ 106.557916657226613, -6.182985628218569 ], [ 106.558327930288769, -6.182737022701141 ], [ 106.558629417574181, -6.182516227791689 ], [ 106.559041092391922, -6.182405064917742 ], [ 106.55928780729559, -6.182239408094476 ], [ 106.55945244485568, -6.18218394736902 ], [ 106.560083850453722, -6.182072139029988 ], [ 106.560330645350874, -6.18193397042945 ], [ 106.560453237024689, -6.181590000228148 ], [ 106.560618277082469, -6.181671982146029 ], [ 106.56086547457663, -6.181671256285301 ], [ 106.560974937134063, -6.181533490742467 ], [ 106.560864426905681, -6.181313904721847 ], [ 106.560588071242009, -6.180737450875269 ], [ 106.560697050342668, -6.180434753905121 ], [ 106.561080934170349, -6.180213716265518 ], [ 106.561136914452007, -6.180570906495006 ], [ 106.56121995821087, -6.180790573140533 ], [ 106.56149494401393, -6.180899720722073 ], [ 106.561824298156139, -6.180816286749653 ], [ 106.562015675431738, -6.180513347600436 ], [ 106.562124653632992, -6.180210650551071 ], [ 106.562316595097215, -6.180100131334656 ], [ 106.562535841435803, -6.179934554224412 ], [ 106.563070667253569, -6.17967183862225 ], [ 106.563646893557603, -6.179477722824654 ], [ 106.564058967798047, -6.179503999616288 ], [ 106.564114465393061, -6.179696257811544 ], [ 106.564252281052376, -6.179860785028994 ], [ 106.564527185795015, -6.179942442474144 ], [ 106.564829152966524, -6.179886576259381 ], [ 106.564993384948863, -6.179693671495201 ], [ 106.564826568400477, -6.179006943244871 ], [ 106.564742393229537, -6.178402437982106 ], [ 106.56479659880651, -6.178154879548917 ], [ 106.565126677225223, -6.17831884084274 ], [ 106.565291474164326, -6.178318355813018 ], [ 106.56537387262901, -6.178318113279026 ], [ 106.565372499405072, -6.177850808338439 ], [ 106.565371530134257, -6.177520946022448 ], [ 106.565453443831288, -6.17735577235408 ], [ 106.565548646276341, -6.177039371379367 ], [ 106.565658833736038, -6.177149002104088 ], [ 106.565961283893614, -6.17725806678566 ], [ 106.566399852320103, -6.17695439914457 ], [ 106.566591064099427, -6.176596482290695 ], [ 106.566919848304977, -6.176320626470829 ], [ 106.566948600882199, -6.17630670958417 ], [ 106.567226542847152, -6.176714057546403 ], [ 106.567764162998813, -6.177782300403889 ], [ 106.568204107522533, -6.178680630480788 ], [ 106.568887999611675, -6.179918639349581 ], [ 106.569450136897629, -6.181059749066698 ], [ 106.569986835366336, -6.181811905126752 ], [ 106.570256153467398, -6.182516221899732 ], [ 106.570329969190055, -6.182832088628423 ], [ 106.570624515826395, -6.183852415168197 ], [ 106.570893333973984, -6.184386533105404 ], [ 106.571063826116557, -6.184531914225047 ], [ 106.57145296885318, -6.184676648556306 ], [ 106.572085056737862, -6.184820663682044 ], [ 106.572522716938408, -6.184940939335617 ], [ 106.572790675103136, -6.185183287970393 ], [ 106.57335117428012, -6.185765168554419 ], [ 106.574403150084677, -6.186704939100591 ], [ 106.574489886844006, -6.186510184515243 ] ] ] ] } },
{ "type": "Feature", "properties": { "ID": 137, "KECAMATAN": "Jatiuwung", "PUSKESMAS": "Manis Jaya", "KELURAHAN": "Jatake", "AREA": 1688984.6985309999, "PERIMETER": 6531.997779, "REGENCY": "Kota Tangerang", "HECTARES": 168.898, "X_COORD": 106.57279, "Y_COORD": -6.20437 }, "geometry": { "type": "MultiPolygon", "coordinates": [ [ [ [ 106.571123202400543, -6.197799396973783 ], [ 106.571211707817611, -6.197576045673384 ], [ 106.571405061230024, -6.197235073918931 ], [ 106.571731785376727, -6.19680860716408 ], [ 106.572217758305783, -6.196831480618126 ], [ 106.572703299147406, -6.196708469823403 ], [ 106.572872932327229, -6.196562081608353 ], [ 106.57333460979163, -6.196585026146995 ], [ 106.573796575400124, -6.19670522608408 ], [ 106.574452612953664, -6.196727592704563 ], [ 106.575181391148945, -6.196701114114912 ], [ 106.57547336396425, -6.196846131574222 ], [ 106.575935401980601, -6.196990643392994 ], [ 106.576300187940816, -6.197111129741487 ], [ 106.576931569318603, -6.19701199578832 ], [ 106.577563022501593, -6.196937175050655 ], [ 106.578072711434487, -6.19676545953946 ], [ 106.578756279445173, -6.196635083153812 ], [ 106.57882563863906, -6.196690275879118 ], [ 106.578851379320326, -6.197176481400861 ], [ 106.578779506394326, -6.197517092940286 ], [ 106.578999318212738, -6.197905464032147 ], [ 106.579254162751894, -6.197819605580714 ], [ 106.580501692952097, -6.197520577544133 ], [ 106.58054208727836, -6.197913023840893 ], [ 106.580374121059037, -6.198618633174358 ], [ 106.580025714714367, -6.199920475740285 ], [ 106.579906410445275, -6.200650254207012 ], [ 106.579835913576318, -6.201452829466838 ], [ 106.579764837685246, -6.202060893728343 ], [ 106.579596870455987, -6.202766503305706 ], [ 106.579719577350332, -6.203179476984092 ], [ 106.579720301357028, -6.203422615753726 ], [ 106.579574891777753, -6.203544619871816 ], [ 106.579259053289491, -6.203545561658294 ], [ 106.578943359488846, -6.203595131028428 ], [ 106.578701347383443, -6.203911935763799 ], [ 106.578678499348953, -6.204398285948896 ], [ 106.578679946723739, -6.204884563708933 ], [ 106.578559772664434, -6.205322575831155 ], [ 106.578366639978796, -6.205736491352036 ], [ 106.578099969619402, -6.205931799081218 ], [ 106.577711677335046, -6.206078840926659 ], [ 106.577653145281758, -6.206820595816142 ], [ 106.577580693032232, -6.206966696411162 ], [ 106.577509181248175, -6.207428877697322 ], [ 106.577510049443276, -6.207720644486244 ], [ 106.577684591217476, -6.207797655266379 ], [ 106.577425702568078, -6.207951879949398 ], [ 106.577134373635985, -6.208025690438435 ], [ 106.576381285288178, -6.208052247981555 ], [ 106.575822343916059, -6.208005284089016 ], [ 106.575409247863291, -6.207982199649174 ], [ 106.57502051952774, -6.207983356511414 ], [ 106.574461216920469, -6.207814821458977 ], [ 106.574145375108458, -6.207815760840486 ], [ 106.574121512769892, -6.207961716724429 ], [ 106.574098372436438, -6.208350811995475 ], [ 106.5740992388845, -6.208642579255229 ], [ 106.57366242398723, -6.208814077363464 ], [ 106.573030017307374, -6.208572815779518 ], [ 106.572641143816668, -6.208525343093491 ], [ 106.572349813257446, -6.208599151194359 ], [ 106.572010973085739, -6.209037812924157 ], [ 106.571793105779861, -6.209305916012852 ], [ 106.571794187428324, -6.209670625479597 ], [ 106.571577185093702, -6.210230496163408 ], [ 106.570996107418324, -6.210913018992205 ], [ 106.570729503360212, -6.211132638290503 ], [ 106.570291892152369, -6.21103668060829 ], [ 106.569757314238288, -6.211013952844008 ], [ 106.568979706931287, -6.210967631112639 ], [ 106.568882595999398, -6.210992233309795 ], [ 106.568835228433542, -6.211405715361618 ], [ 106.568836236414157, -6.211746111321942 ], [ 106.568715477534511, -6.211989611564385 ], [ 106.568570134797341, -6.212135927854808 ], [ 106.568351616649736, -6.212185204236692 ], [ 106.567987179707785, -6.212186284673266 ], [ 106.567598087157009, -6.212065866806819 ], [ 106.567233650164994, -6.212066946703694 ], [ 106.566893652745264, -6.212116582419811 ], [ 106.566788529848381, -6.212147604419735 ], [ 106.56675023897003, -6.21194652085195 ], [ 106.566502459114602, -6.211754833669608 ], [ 106.566172519624573, -6.211645855737783 ], [ 106.565485010604263, -6.211373003457394 ], [ 106.56507547994255, -6.211220694680318 ], [ 106.565045037582806, -6.211209372832409 ], [ 106.565181158846841, -6.2107966391065 ], [ 106.566097066191233, -6.209350770723916 ], [ 106.566780428318509, -6.208221710561523 ], [ 106.56738333552002, -6.207752617444879 ], [ 106.568397523933498, -6.207034907242051 ], [ 106.569301757808105, -6.206290032996881 ], [ 106.568751512230364, -6.205989288037388 ], [ 106.568283994940273, -6.205798252124173 ], [ 106.567843864164161, -6.205579645916949 ], [ 106.567210973610855, -6.205196677505681 ], [ 106.566881038509223, -6.205087698998785 ], [ 106.566870173474811, -6.205083841363492 ], [ 106.567414248640716, -6.203301131591272 ], [ 106.567486057262954, -6.202936205600347 ], [ 106.567699543516198, -6.201184949158579 ], [ 106.567770561963187, -6.200552569007219 ], [ 106.568110695685633, -6.200551562627187 ], [ 106.568961389126869, -6.200670615751596 ], [ 106.569617432932731, -6.200692987167932 ], [ 106.570176295602693, -6.200715645721377 ], [ 106.570273548527126, -6.200739671747995 ], [ 106.570344204227652, -6.199985722080177 ], [ 106.570536767473186, -6.199377296438076 ], [ 106.570826439099847, -6.198744268863497 ], [ 106.571018785833232, -6.198062901320285 ], [ 106.571123202400543, -6.197799396973783 ] ] ] ] } },
{ "type": "Feature", "properties": { "ID": 138, "KECAMATAN": "Periuk", "PUSKESMAS": "Gebang Raya", "KELURAHAN": "Gebang Raya", "AREA": 2552776.7486950001, "PERIMETER": 7610.598248, "REGENCY": "Kota Tangerang", "HECTARES": 255.278, "X_COORD": 106.58992, "Y_COORD": -6.17357 }, "geometry": { "type": "MultiPolygon", "coordinates": [ [ [ [ 106.581006476529581, -6.174680747934888 ], [ 106.581091406467081, -6.174290245846506 ], [ 106.5811875723725, -6.173949562704123 ], [ 106.581308320582636, -6.173706062930167 ], [ 106.581623347523404, -6.173437671740877 ], [ 106.582084065082498, -6.173144533305682 ], [ 106.582447678919991, -6.172875997385113 ], [ 106.582957344000548, -6.17270428331305 ], [ 106.583224431581542, -6.172654860790984 ], [ 106.583564328285632, -6.172580907469309 ], [ 106.583952956901229, -6.172555437084558 ], [ 106.584268415042601, -6.172432927942048 ], [ 106.585031609434395, -6.171737705277192 ], [ 106.585201232003726, -6.171591315883631 ], [ 106.585370203935796, -6.171226101904118 ], [ 106.585466872831987, -6.171055615662341 ], [ 106.585440916703305, -6.170496469705057 ], [ 106.585367023854133, -6.170156292940847 ], [ 106.585388499245511, -6.169207980823346 ], [ 106.585554508224092, -6.16784589953948 ], [ 106.585744305046703, -6.166313549175979 ], [ 106.585863388568981, -6.165510830987111 ], [ 106.586103361233171, -6.164513240668086 ], [ 106.586272259234093, -6.164123713207034 ], [ 106.586295685771447, -6.163831874884914 ], [ 106.586197717741939, -6.163564711859881 ], [ 106.586221216600663, -6.163297187367773 ], [ 106.58634217773934, -6.163126629071229 ], [ 106.586389753205921, -6.162786090797548 ], [ 106.586257880934127, -6.162567593116765 ], [ 106.586585874645777, -6.162559321685578 ], [ 106.587600774236464, -6.162116484616742 ], [ 106.588118718346621, -6.161713447406162 ], [ 106.588203615132869, -6.161647385043408 ], [ 106.588449819096297, -6.161316789905218 ], [ 106.58851784025731, -6.161225453106446 ], [ 106.588524908423494, -6.161233266379038 ], [ 106.58879656364779, -6.161445584649158 ], [ 106.589564085316368, -6.162402370980465 ], [ 106.589991130325231, -6.16278860205771 ], [ 106.590302139031763, -6.163213929240185 ], [ 106.590671166751576, -6.163619707761109 ], [ 106.590923696195148, -6.163909582330733 ], [ 106.59121453920794, -6.164063715854823 ], [ 106.591485965859519, -6.164198531944186 ], [ 106.591698912038524, -6.164197896065619 ], [ 106.592009922960074, -6.164623221667793 ], [ 106.592011829724882, -6.165262597656894 ], [ 106.592013043225606, -6.165669473277818 ], [ 106.592381496080193, -6.165881499548472 ], [ 106.592382999022476, -6.166385250213898 ], [ 106.592325616258123, -6.166617924090073 ], [ 106.592209867939658, -6.166753896403274 ], [ 106.592093946158982, -6.166831743622636 ], [ 106.592094697595499, -6.167083618983004 ], [ 106.592095275644866, -6.16727736925862 ], [ 106.592192243323751, -6.167335205058619 ], [ 106.592618369317833, -6.167411432097225 ], [ 106.593005546288055, -6.167410274468185 ], [ 106.593547536062303, -6.167389278301632 ], [ 106.593799258845564, -6.167407900449846 ], [ 106.593791344504467, -6.167998867247604 ], [ 106.593792559904571, -6.168405742473306 ], [ 106.593737898286307, -6.16954904188133 ], [ 106.593702538125513, -6.170672908343155 ], [ 106.594089775167532, -6.170691124322395 ], [ 106.594690192360773, -6.170786202271217 ], [ 106.595328805890986, -6.170706788528978 ], [ 106.595735053829713, -6.170608695342562 ], [ 106.595889925318744, -6.170608231179329 ], [ 106.596161936167221, -6.170936793554632 ], [ 106.59645440838942, -6.171633422330993 ], [ 106.596922273084658, -6.172717027627859 ], [ 106.597408396063656, -6.173432449393984 ], [ 106.597835456022906, -6.173818670285808 ], [ 106.598319954653164, -6.173991591638099 ], [ 106.598840526572886, -6.174235709688459 ], [ 106.598209785872285, -6.175369705469616 ], [ 106.597532038754181, -6.176198413841252 ], [ 106.596975467371706, -6.176929502403289 ], [ 106.596273568388682, -6.17780691048627 ], [ 106.595643529346688, -6.178343707569201 ], [ 106.5948319759393, -6.179112031063712 ], [ 106.594323622170492, -6.179721404134747 ], [ 106.594008673428775, -6.180014115829597 ], [ 106.593573491148192, -6.180720525021441 ], [ 106.593356881941261, -6.181401965021347 ], [ 106.593212936454606, -6.182010245375659 ], [ 106.592791536148098, -6.183263677319614 ], [ 106.592405520916486, -6.184164450865715 ], [ 106.592019213706465, -6.184967969444718 ], [ 106.591608465781931, -6.185722933310791 ], [ 106.591478157886371, -6.1859236969269 ], [ 106.591434423243115, -6.185894706073768 ], [ 106.591378069829332, -6.185857350469148 ], [ 106.590162699505484, -6.185642164472879 ], [ 106.589773990301381, -6.185643327982859 ], [ 106.589360841424039, -6.18559593634238 ], [ 106.58923893400997, -6.185450417099299 ], [ 106.589237699416657, -6.185037082822253 ], [ 106.589260541345567, -6.184550734519992 ], [ 106.589139069922922, -6.184551097877272 ], [ 106.588726139623432, -6.184576646872199 ], [ 106.58821588687357, -6.184553858485875 ], [ 106.588239237792337, -6.184237706541854 ], [ 106.588211388199852, -6.183046403229295 ], [ 106.588113630930152, -6.182852183283884 ], [ 106.587686922837904, -6.18233070690931 ], [ 106.587321204814032, -6.181894146911455 ], [ 106.58659035027587, -6.181215536207856 ], [ 106.586030353193024, -6.180803868729677 ], [ 106.585737882043034, -6.180488658697251 ], [ 106.585444832135479, -6.179978937766603 ], [ 106.585077525687566, -6.179007470919013 ], [ 106.584418620144803, -6.178012558198327 ], [ 106.584076768349775, -6.177430038987773 ], [ 106.583812764852439, -6.177121731886356 ], [ 106.583516054631019, -6.176775228725962 ], [ 106.58295519788912, -6.17607178977743 ], [ 106.582516317846725, -6.175538185646204 ], [ 106.58183442721618, -6.174980989330871 ], [ 106.58125065133099, -6.174739583521197 ], [ 106.581006476529581, -6.174680747934888 ] ] ] ] } },
{ "type": "Feature", "properties": { "ID": 139, "KECAMATAN": "Jatiuwung", "PUSKESMAS": "Jatiuwung", "KELURAHAN": "Alam Jaya", "AREA": 1632699.6207409999, "PERIMETER": 7986.521555, "REGENCY": "Kota Tangerang", "HECTARES": 163.27, "X_COORD": 106.57656, "Y_COORD": -6.18624 }, "geometry": { "type": "MultiPolygon", "coordinates": [ [ [ [ 106.574489886844006, -6.186510184515243 ], [ 106.574579666670488, -6.18630859705724 ], [ 106.574747281484008, -6.185481418520028 ], [ 106.57498670001506, -6.184289314726255 ], [ 106.575178033052836, -6.183267552716474 ], [ 106.575297706016855, -6.182659343935931 ], [ 106.575563864492793, -6.182293842542168 ], [ 106.575805368461047, -6.181806843419221 ], [ 106.575949478992797, -6.181247190587859 ], [ 106.576141242282588, -6.18037131250747 ], [ 106.576442149284929, -6.179434325525865 ], [ 106.576633983792263, -6.178582761518838 ], [ 106.576946928744135, -6.17760926776065 ], [ 106.577554785468195, -6.177777664128057 ], [ 106.578332845279562, -6.177994182876414 ], [ 106.578952741461805, -6.178126070505272 ], [ 106.579439128300407, -6.178294825040114 ], [ 106.579755023870604, -6.178318200863678 ], [ 106.579997892853669, -6.17829316524012 ], [ 106.580240329010991, -6.17812224614871 ], [ 106.580264190336834, -6.177976290599398 ], [ 106.580262315115817, -6.17734412935582 ], [ 106.580478076683661, -6.176370924013278 ], [ 106.580887684751175, -6.17522694408502 ], [ 106.581006476529581, -6.174680747934888 ], [ 106.58125065133099, -6.174739583521197 ], [ 106.58183442721618, -6.174980989330871 ], [ 106.582516317846725, -6.175538185646204 ], [ 106.58295519788912, -6.17607178977743 ], [ 106.583516054631019, -6.176775228725962 ], [ 106.583812764852439, -6.177121731886356 ], [ 106.583772261857803, -6.177151334019922 ], [ 106.583505533585551, -6.1773223266531 ], [ 106.583264183069261, -6.177857954756586 ], [ 106.582975978256073, -6.178977260162186 ], [ 106.582662322476295, -6.179707616179022 ], [ 106.582300149937552, -6.180462430697104 ], [ 106.581815927602918, -6.181023095719222 ], [ 106.58116106690521, -6.181389755423034 ], [ 106.580579232315074, -6.18180482558852 ], [ 106.579997180242614, -6.182146953663004 ], [ 106.579487793797156, -6.182415922984667 ], [ 106.579124028400429, -6.182635831026004 ], [ 106.579295675715244, -6.183170231492367 ], [ 106.579748043847545, -6.184153608285425 ], [ 106.580285769437253, -6.185246143782232 ], [ 106.580701519624725, -6.186168842494315 ], [ 106.581117054759304, -6.187018598856163 ], [ 106.58150822465754, -6.187844113017358 ], [ 106.581509598421277, -6.1883060765435 ], [ 106.581607065850633, -6.188403042553752 ], [ 106.581704750268884, -6.18857295013782 ], [ 106.581681178897057, -6.188816161185008 ], [ 106.581584217570295, -6.188889392290339 ], [ 106.58139022252152, -6.189011540597344 ], [ 106.581512346262329, -6.189230003570906 ], [ 106.581513069447894, -6.189473142256929 ], [ 106.581319218823012, -6.189643918334933 ], [ 106.581100567319893, -6.189644569624289 ], [ 106.581295430404069, -6.18981418780056 ], [ 106.581296298193763, -6.190105954247655 ], [ 106.581213255716818, -6.190774839008938 ], [ 106.581189756596729, -6.191042363967935 ], [ 106.581362061733302, -6.1917955871982 ], [ 106.581266112653097, -6.192209212553695 ], [ 106.580951149103399, -6.192501920102447 ], [ 106.580708707877122, -6.192672841041666 ], [ 106.58056402408333, -6.193037983437208 ], [ 106.580151735892329, -6.193282352470539 ], [ 106.579934022597115, -6.193599084145152 ], [ 106.579643424593428, -6.193916032828399 ], [ 106.579668803769309, -6.194280668774246 ], [ 106.579547980150153, -6.194499855489106 ], [ 106.57901558911756, -6.195206549727343 ], [ 106.578701128472673, -6.19566945394743 ], [ 106.578726146057335, -6.195912520581532 ], [ 106.578630050336329, -6.196277518317483 ], [ 106.578582110851031, -6.196496488034626 ], [ 106.578756279445173, -6.196635083153812 ], [ 106.578072711434487, -6.19676545953946 ], [ 106.577563022501593, -6.196937175050655 ], [ 106.576931569318603, -6.19701199578832 ], [ 106.576300187940816, -6.197111129741487 ], [ 106.575935401980601, -6.196990643392994 ], [ 106.57547336396425, -6.196846131574222 ], [ 106.575181391148945, -6.196701114114912 ], [ 106.574452612953664, -6.196727592704563 ], [ 106.573796575400124, -6.19670522608408 ], [ 106.57333460979163, -6.196585026146995 ], [ 106.572872932327229, -6.196562081608353 ], [ 106.572703299147406, -6.196708469823403 ], [ 106.572217758305783, -6.196831480618126 ], [ 106.571731785376727, -6.19680860716408 ], [ 106.571405061230024, -6.197235073918931 ], [ 106.571211707817611, -6.197576045673384 ], [ 106.571123202400543, -6.197799396973783 ], [ 106.570943598635267, -6.197285069778559 ], [ 106.570674195374608, -6.19655644186547 ], [ 106.570429878872901, -6.196095195586853 ], [ 106.570259094820386, -6.195852559239759 ], [ 106.569650497687661, -6.195441019260209 ], [ 106.569576535021085, -6.195076524914676 ], [ 106.569477918384337, -6.194590532390358 ], [ 106.569316805228269, -6.193509026288713 ], [ 106.569365179648798, -6.193435940531925 ], [ 106.569656287772958, -6.193289194018419 ], [ 106.569752749169808, -6.193045766460714 ], [ 106.56977589490424, -6.192656670527062 ], [ 106.56977424310594, -6.192097448440955 ], [ 106.569700065985543, -6.191660011956567 ], [ 106.569870488919292, -6.191781078910358 ], [ 106.570745246762812, -6.191827118807526 ], [ 106.571158187026754, -6.191801582156049 ], [ 106.571498242702617, -6.191776261035592 ], [ 106.571765270034973, -6.191702527621516 ], [ 106.572104965946295, -6.191555636249556 ], [ 106.572347338595804, -6.191360404688217 ], [ 106.572663027018919, -6.191310840914687 ], [ 106.573075822507917, -6.191236674962505 ], [ 106.574011783307768, -6.191440570304144 ], [ 106.575178220543023, -6.191534366055056 ], [ 106.576393391285691, -6.191676642655524 ], [ 106.576417397597098, -6.19157931478022 ], [ 106.576411485402758, -6.189585572725666 ], [ 106.576298159238846, -6.18823647423286 ], [ 106.575859487460107, -6.187775807501519 ], [ 106.574860745406582, -6.186879146525051 ], [ 106.574489886844006, -6.186510184515243 ] ] ] ] } },
{ "type": "Feature", "properties": { "ID": 141, "KECAMATAN": "Jatiuwung", "PUSKESMAS": "Manis Jaya", "KELURAHAN": "Gandasari", "AREA": 3563859.4047019999, "PERIMETER": 9512.123808, "REGENCY": "Kota Tangerang", "HECTARES": 356.386, "X_COORD": 106.58666, "Y_COORD": -6.2061 }, "geometry": { "type": "MultiPolygon", "coordinates": [ [ [ [ 106.594585050276336, -6.208713800461335 ], [ 106.594556732837177, -6.208824478056978 ], [ 106.594777731949677, -6.209601857386471 ], [ 106.594925333523378, -6.210209260316416 ], [ 106.594805612825169, -6.210793155079029 ], [ 106.594660864776614, -6.211133986178022 ], [ 106.594597410156226, -6.211187229668911 ], [ 106.593941186476187, -6.211178076915593 ], [ 106.59322686674335, -6.211125251896585 ], [ 106.593007457484262, -6.211235866106912 ], [ 106.592873673943842, -6.212418269012818 ], [ 106.592632582655952, -6.214453134789284 ], [ 106.591891864687668, -6.214757737557631 ], [ 106.590601791341825, -6.215063992506952 ], [ 106.589860080258205, -6.21503873499654 ], [ 106.589172974456389, -6.214903358622181 ], [ 106.58887115933986, -6.215014219393541 ], [ 106.588872149175316, -6.215344077495057 ], [ 106.58865265454321, -6.215427202381682 ], [ 106.588187269196723, -6.215950880839584 ], [ 106.587912178975657, -6.215814265054942 ], [ 106.587666699972871, -6.216392259549606 ], [ 106.587092265568216, -6.217191149479486 ], [ 106.586516923180781, -6.217687668960333 ], [ 106.586269794363275, -6.217715899236 ], [ 106.585857528514538, -6.217634671126733 ], [ 106.585611223127685, -6.217937783257132 ], [ 106.585116470931112, -6.21782931360034 ], [ 106.584705521853792, -6.218187896216327 ], [ 106.583897890786773, -6.219083693275969 ], [ 106.583487351206742, -6.219579716598139 ], [ 106.583323447758602, -6.219882581219011 ], [ 106.582912084651767, -6.220103721878838 ], [ 106.582608949017555, -6.219774768078176 ], [ 106.582168226893714, -6.219363760519106 ], [ 106.581534654077245, -6.218760910075566 ], [ 106.580955936589135, -6.218130405866106 ], [ 106.580679778753037, -6.217636438476217 ], [ 106.580650504825059, -6.217031778410051 ], [ 106.580374019816531, -6.216427857473872 ], [ 106.580331998373708, -6.216402796472596 ], [ 106.580377932551855, -6.216197702982054 ], [ 106.580449440981084, -6.215735521789258 ], [ 106.580617189003192, -6.214956969950423 ], [ 106.580421734258181, -6.214592843105796 ], [ 106.580152667104343, -6.213985795310647 ], [ 106.580224466106685, -6.213620869583654 ], [ 106.580516087290945, -6.213644312168968 ], [ 106.580734966450848, -6.213716600172914 ], [ 106.581488133598199, -6.213714348294936 ], [ 106.582362851612899, -6.213736045702313 ], [ 106.582702991393219, -6.213735027807886 ], [ 106.582604064947532, -6.213151786649241 ], [ 106.582895540316358, -6.213126600299988 ], [ 106.582797267818208, -6.212762183678701 ], [ 106.582772390960088, -6.212567745726357 ], [ 106.582626326531638, -6.212470926594222 ], [ 106.58255285851267, -6.212276633995908 ], [ 106.582551260585603, -6.21174172961272 ], [ 106.582621895915167, -6.210987782658678 ], [ 106.58262102444543, -6.210696016628446 ], [ 106.582450810305673, -6.210647897652641 ], [ 106.582425788649587, -6.210404831934673 ], [ 106.582496932692564, -6.209821081829174 ], [ 106.581814480955245, -6.209093700458908 ], [ 106.581254523919583, -6.208706348756841 ], [ 106.581034486644683, -6.208245038739211 ], [ 106.580815464910231, -6.208124122562021 ], [ 106.580280819719277, -6.208077090936563 ], [ 106.579406037880844, -6.208031073810551 ], [ 106.578531038626522, -6.207912113539357 ], [ 106.577728998217296, -6.207817248370916 ], [ 106.577684591217476, -6.207797655266379 ], [ 106.577510049443276, -6.207720644486244 ], [ 106.577509181248175, -6.207428877697322 ], [ 106.577580693032232, -6.206966696411162 ], [ 106.577653145281758, -6.206820595816142 ], [ 106.577711677335046, -6.206078840926659 ], [ 106.578099969619402, -6.205931799081218 ], [ 106.578366639978796, -6.205736491352036 ], [ 106.578559772664434, -6.205322575831155 ], [ 106.578679946723739, -6.204884563708933 ], [ 106.578678499348953, -6.204398285948896 ], [ 106.578701347383443, -6.203911935763799 ], [ 106.578943359488846, -6.203595131028428 ], [ 106.579259053289491, -6.203545561658294 ], [ 106.579574891777753, -6.203544619871816 ], [ 106.579720301357028, -6.203422615753726 ], [ 106.579719577350332, -6.203179476984092 ], [ 106.579596870455987, -6.202766503305706 ], [ 106.579764837685246, -6.202060893728343 ], [ 106.579835913576318, -6.201452829466838 ], [ 106.579906410445275, -6.200650254207012 ], [ 106.580025714714367, -6.199920475740285 ], [ 106.580374121059037, -6.198618633174358 ], [ 106.58054208727836, -6.197913023840893 ], [ 106.580501692952097, -6.197520577544133 ], [ 106.580589446902579, -6.197499543155296 ], [ 106.582482787815778, -6.196934671798686 ], [ 106.583113731093292, -6.196689647768422 ], [ 106.583658807766056, -6.196165267964795 ], [ 106.584555542138318, -6.195433167918373 ], [ 106.585282500572106, -6.194798830546079 ], [ 106.586325071296912, -6.194090606797164 ], [ 106.58695506454886, -6.193529500078641 ], [ 106.587778832752278, -6.192773301005753 ], [ 106.588408459485606, -6.192090624402486 ], [ 106.588418170908028, -6.192096722176823 ], [ 106.588870929828033, -6.192381007803872 ], [ 106.589480477575236, -6.193108601894961 ], [ 106.58948222311362, -6.193692132391112 ], [ 106.589582675442415, -6.194785960809485 ], [ 106.589682037248565, -6.195515082566907 ], [ 106.589878069352707, -6.196073716523873 ], [ 106.590511408824611, -6.196631038759497 ], [ 106.591556887375006, -6.196895355369849 ], [ 106.592091592033782, -6.19696669198479 ], [ 106.5922856589617, -6.19686885341871 ], [ 106.592528898702071, -6.196965378718825 ], [ 106.593258399462755, -6.197182012644067 ], [ 106.5935501560907, -6.197254077658445 ], [ 106.593550812766097, -6.197472901127303 ], [ 106.593502660902232, -6.197618929484155 ], [ 106.594306507318095, -6.198321616736735 ], [ 106.59481815989453, -6.19880635614526 ], [ 106.595055244386202, -6.19891846713289 ], [ 106.594710184160462, -6.199256488578706 ], [ 106.593983746655468, -6.200061033440052 ], [ 106.593571827676769, -6.200426981244891 ], [ 106.593281237024186, -6.200743936203511 ], [ 106.593186027879497, -6.201400698818921 ], [ 106.59309103769958, -6.20213040262159 ], [ 106.593067472655392, -6.202373612877062 ], [ 106.592922505288044, -6.202641502137684 ], [ 106.592752877754876, -6.202787895827423 ], [ 106.592680503451376, -6.202958311034106 ], [ 106.593021364683636, -6.203200425472843 ], [ 106.593313416926804, -6.203369744626798 ], [ 106.593508215890367, -6.203515042230988 ], [ 106.593692657092149, -6.204256062206713 ], [ 106.593790787379788, -6.204571847988562 ], [ 106.594082694476441, -6.204692539041722 ], [ 106.594471416798527, -6.204691368801542 ], [ 106.595127531794432, -6.204738020761337 ], [ 106.59549217824113, -6.204809864009469 ], [ 106.595808307610852, -6.204906167092883 ], [ 106.595809258675359, -6.205222244996124 ], [ 106.59576176578247, -6.205587096703584 ], [ 106.595714419217956, -6.206000575789087 ], [ 106.59569100202485, -6.206292413233176 ], [ 106.595692172750276, -6.206681432192473 ], [ 106.595669487375872, -6.207216406485823 ], [ 106.595621921376079, -6.207556944540152 ], [ 106.595355624697959, -6.207873828003484 ], [ 106.594724825100158, -6.208167495865979 ], [ 106.594585050276336, -6.208713800461335 ] ] ] ] } },
{ "type": "Feature", "properties": { "ID": 142, "KECAMATAN": "Cibodas", "PUSKESMAS": "Baja", "KELURAHAN": "Uwung Jaya", "AREA": 1244271.3291239999, "PERIMETER": 6312.977478, "REGENCY": "Kota Tangerang", "HECTARES": 124.427, "X_COORD": 106.59802, "Y_COORD": -6.19848 }, "geometry": { "type": "MultiPolygon", "coordinates": [ [ [ [ 106.594585050276336, -6.208713800461335 ], [ 106.594724825100158, -6.208167495865979 ], [ 106.595355624697959, -6.207873828003484 ], [ 106.595621921376079, -6.207556944540152 ], [ 106.595669487375872, -6.207216406485823 ], [ 106.595692172750276, -6.206681432192473 ], [ 106.59569100202485, -6.206292413233176 ], [ 106.595714419217956, -6.206000575789087 ], [ 106.59576176578247, -6.205587096703584 ], [ 106.595809258675359, -6.205222244996124 ], [ 106.595808307610852, -6.204906167092883 ], [ 106.59549217824113, -6.204809864009469 ], [ 106.595127531794432, -6.204738020761337 ], [ 106.594471416798527, -6.204691368801542 ], [ 106.594082694476441, -6.204692539041722 ], [ 106.593790787379788, -6.204571847988562 ], [ 106.593692657092149, -6.204256062206713 ], [ 106.593508215890367, -6.203515042230988 ], [ 106.593313416926804, -6.203369744626798 ], [ 106.593021364683636, -6.203200425472843 ], [ 106.592680503451376, -6.202958311034106 ], [ 106.592752877754876, -6.202787895827423 ], [ 106.592922505288044, -6.202641502137684 ], [ 106.593067472655392, -6.202373612877062 ], [ 106.59309103769958, -6.20213040262159 ], [ 106.593186027879497, -6.201400698818921 ], [ 106.593281237024186, -6.200743936203511 ], [ 106.593571827676769, -6.200426981244891 ], [ 106.593983746655468, -6.200061033440052 ], [ 106.594710184160462, -6.199256488578706 ], [ 106.595055244386202, -6.19891846713289 ], [ 106.595606464221021, -6.198378490316463 ], [ 106.596406366215518, -6.197768234422719 ], [ 106.596939535625935, -6.197328978506452 ], [ 106.598357303656343, -6.196169796884483 ], [ 106.598841880321544, -6.1957306862979 ], [ 106.59898662372207, -6.195389855635018 ], [ 106.598840123924774, -6.195147158516756 ], [ 106.59876658138576, -6.194928555293356 ], [ 106.598911324753729, -6.194587724684994 ], [ 106.598740311187029, -6.194272159717303 ], [ 106.598496414047702, -6.193956814265093 ], [ 106.598301252676009, -6.193689949566982 ], [ 106.598299863112786, -6.193227989916764 ], [ 106.598464367328049, -6.19137963903249 ], [ 106.598511201507478, -6.190795964708748 ], [ 106.598736844384234, -6.189081156240722 ], [ 106.598565541157939, -6.188668336003119 ], [ 106.598552951111827, -6.188644102567268 ], [ 106.598541124684203, -6.188621338948043 ], [ 106.598809956272262, -6.188516929707723 ], [ 106.59927218226737, -6.188412669343029 ], [ 106.59960615809301, -6.18838594620161 ], [ 106.600299573704433, -6.188255271404671 ], [ 106.600625454932157, -6.188370643711878 ], [ 106.600659710018377, -6.188382771084901 ], [ 106.600635716615812, -6.188948618496677 ], [ 106.600742141198751, -6.190156998828162 ], [ 106.601053596915605, -6.191184741156554 ], [ 106.601235796705552, -6.191955702635942 ], [ 106.601250388346614, -6.192534291966381 ], [ 106.601046210371862, -6.192997814825855 ], [ 106.601149616680232, -6.193203239080834 ], [ 106.601536150927075, -6.193562110870114 ], [ 106.601742421608307, -6.193792941407334 ], [ 106.601948072170316, -6.193818037463862 ], [ 106.602179341810213, -6.193817339036096 ], [ 106.602538551581944, -6.193636234885575 ], [ 106.602872374772929, -6.193558075322896 ], [ 106.602925785185903, -6.194226556366779 ], [ 106.603106049619655, -6.194354596681888 ], [ 106.603312165998517, -6.194533992793932 ], [ 106.603287478316361, -6.194868388558178 ], [ 106.603236473056924, -6.19499712779043 ], [ 106.603005280626689, -6.195023543591124 ], [ 106.602980204778135, -6.195229355492796 ], [ 106.603264498326908, -6.195768553394714 ], [ 106.603368449633692, -6.196153994253981 ], [ 106.603322025331792, -6.197800023161093 ], [ 106.603169708102897, -6.198417692010231 ], [ 106.602888673411599, -6.198958599118128 ], [ 106.602427138938438, -6.199294315824504 ], [ 106.601940838261612, -6.199938711406979 ], [ 106.601505309618531, -6.200377217167748 ], [ 106.601490106159559, -6.200478142899055 ], [ 106.601298416545461, -6.200671142522078 ], [ 106.600693757936682, -6.201572581860013 ], [ 106.600502625419821, -6.202642968797215 ], [ 106.600434581680489, -6.204247888658496 ], [ 106.600375421322326, -6.204770815263606 ], [ 106.6003280783723, -6.205184293831118 ], [ 106.600110009367697, -6.205379463663449 ], [ 106.600013489145724, -6.205598580026472 ], [ 106.600014809635141, -6.206036225439599 ], [ 106.600016130219487, -6.206473870845129 ], [ 106.600089455929421, -6.20661953236252 ], [ 106.600235593814332, -6.206740659919764 ], [ 106.60052779637698, -6.206958601233135 ], [ 106.600358097100965, -6.207080683524108 ], [ 106.600164983178061, -6.207494602790661 ], [ 106.60011712663713, -6.207737885986446 ], [ 106.599971722251837, -6.207859894792746 ], [ 106.599631735843744, -6.207909550096264 ], [ 106.598465564523877, -6.207913073140992 ], [ 106.597554382802116, -6.207879353241515 ], [ 106.597287647838172, -6.208050355432372 ], [ 106.597045574224452, -6.208342852559878 ], [ 106.596924976831559, -6.208634983116883 ], [ 106.596536325320272, -6.208660469572282 ], [ 106.595248674006029, -6.20866435239255 ], [ 106.594585050276336, -6.208713800461335 ] ] ] ] } },
{ "type": "Feature", "properties": { "ID": 143, "KECAMATAN": "Cibodas", "PUSKESMAS": "Cibodasari", "KELURAHAN": "Cibodasari", "AREA": 934183.957803, "PERIMETER": 4715.419065, "REGENCY": "Kota Tangerang", "HECTARES": 93.418, "X_COORD": 106.61106, "Y_COORD": -6.21075 }, "geometry": { "type": "MultiPolygon", "coordinates": [ [ [ [ 106.610663877533966, -6.214081862085631 ], [ 106.61062248208664, -6.21395883255341 ], [ 106.609385947878536, -6.213797668456503 ], [ 106.608369987738371, -6.213910712137553 ], [ 106.607518414109094, -6.213885813372871 ], [ 106.605553950236299, -6.213713108209601 ], [ 106.605547838046448, -6.213713126762406 ], [ 106.605524137342854, -6.212170936327346 ], [ 106.60581568156671, -6.212170051315825 ], [ 106.605900162501683, -6.211987441472524 ], [ 106.606020165067662, -6.211500801525089 ], [ 106.606188315878171, -6.210868132745442 ], [ 106.606187505152633, -6.210600683632157 ], [ 106.606114471935769, -6.210552277782199 ], [ 106.606089660800677, -6.210382156633636 ], [ 106.605967889722322, -6.210285271130083 ], [ 106.605967594977244, -6.210188016894656 ], [ 106.606016038116593, -6.21013924229351 ], [ 106.606186031197396, -6.210114412509911 ], [ 106.606283064803463, -6.210065490389235 ], [ 106.606573059872034, -6.209554020666785 ], [ 106.606766831923736, -6.209358922139414 ], [ 106.60676653707641, -6.209261667938875 ], [ 106.606644471409084, -6.209067528345734 ], [ 106.606959276939051, -6.208726179709879 ], [ 106.607200754273819, -6.208239171046587 ], [ 106.607297345107696, -6.208044367580192 ], [ 106.607150542270176, -6.20770442056545 ], [ 106.606906117036715, -6.207218887168005 ], [ 106.606904864294734, -6.206805556808387 ], [ 106.606953086028312, -6.206683841566605 ], [ 106.607022791550236, -6.206585550690314 ], [ 106.60707404559615, -6.206513277985367 ], [ 106.607365144256306, -6.206366511649741 ], [ 106.607631800240455, -6.206171191880829 ], [ 106.607825644606891, -6.206000406902198 ], [ 106.608067857722006, -6.205756533700838 ], [ 106.608406881969088, -6.20539079759171 ], [ 106.609038699630162, -6.205437505563102 ], [ 106.609719328609216, -6.205557005592947 ], [ 106.610253523242292, -6.20545812638882 ], [ 106.610689873037259, -6.205140720747647 ], [ 106.611223697515172, -6.2049202732148 ], [ 106.611428745824625, -6.204811472628754 ], [ 106.611703802131302, -6.205136341099491 ], [ 106.611882746504634, -6.205517059700494 ], [ 106.611985188213879, -6.205796340891009 ], [ 106.611911003199097, -6.206457423046142 ], [ 106.612115423694647, -6.206863481374779 ], [ 106.612472000844576, -6.20719282344896 ], [ 106.612574984590992, -6.2076500254812 ], [ 106.612754472143038, -6.208208664488552 ], [ 106.612946156505444, -6.208602052175721 ], [ 106.613379084520716, -6.208981995538328 ], [ 106.613887897881781, -6.209260036861003 ], [ 106.61406599427464, -6.209361163767725 ], [ 106.614220628149312, -6.210097800135127 ], [ 106.614246007121309, -6.210247375377288 ], [ 106.614184113265665, -6.210328040696107 ], [ 106.614138824242204, -6.21058170925327 ], [ 106.614277499788713, -6.210742623666137 ], [ 106.614438714522407, -6.210742131744624 ], [ 106.614830868154812, -6.210948368828141 ], [ 106.615084275872249, -6.2109706434881 ], [ 106.615337543046167, -6.210946822043016 ], [ 106.615475375725381, -6.210831160170807 ], [ 106.615682300322561, -6.210715287286849 ], [ 106.615889576251547, -6.210714654259865 ], [ 106.616074243284189, -6.210852379385763 ], [ 106.616305745152417, -6.211243491455785 ], [ 106.616491186030345, -6.211634744087076 ], [ 106.616399696161849, -6.211842457374678 ], [ 106.616193193314487, -6.212096618478228 ], [ 106.616031978308868, -6.212097111041174 ], [ 106.615778640416579, -6.21209788496949 ], [ 106.615779202816398, -6.212282268832904 ], [ 106.616125226227666, -6.212465597245031 ], [ 106.616034087726263, -6.212788550435328 ], [ 106.615919848082839, -6.213088526024123 ], [ 106.615620870000058, -6.213227728638897 ], [ 106.615460146696535, -6.213389557015923 ], [ 106.615392530650226, -6.213873775776268 ], [ 106.615508528357353, -6.214149999803007 ], [ 106.615854834422066, -6.214425520008189 ], [ 106.616085775661318, -6.214632247942771 ], [ 106.616432082309146, -6.214907767605236 ], [ 106.616593861077902, -6.215091658467836 ], [ 106.61659540925001, -6.215598713826905 ], [ 106.616551106918621, -6.216175053950745 ], [ 106.616482577271938, -6.216359649010752 ], [ 106.616136973073139, -6.216314609402528 ], [ 106.616109101424144, -6.216330411201445 ], [ 106.616109120488673, -6.216329872412266 ], [ 106.616109476491431, -6.216319809145102 ], [ 106.615820942504897, -6.216279459117607 ], [ 106.615271845217606, -6.216363601528324 ], [ 106.614640596739164, -6.216530458606278 ], [ 106.613926945216406, -6.216697566646898 ], [ 106.613377427806981, -6.216644268064345 ], [ 106.612826989147806, -6.216288602525773 ], [ 106.612688563173975, -6.215931679456261 ], [ 106.612687725866422, -6.215656800925482 ], [ 106.612440016496308, -6.215492627847249 ], [ 106.612055304820643, -6.215438824847332 ], [ 106.6116432930434, -6.215440081016174 ], [ 106.611450686207718, -6.2153307156373 ], [ 106.611176011672939, -6.215331552790283 ], [ 106.610846402181522, -6.215332557185686 ], [ 106.610571058658536, -6.215113490965581 ], [ 106.610624488562777, -6.214618541737889 ], [ 106.610705636701525, -6.214205972500037 ], [ 106.610663877533966, -6.214081862085631 ] ] ] ] } },
{ "type": "Feature", "properties": { "ID": 144, "KECAMATAN": "Jatiuwung", "PUSKESMAS": "Manis Jaya", "KELURAHAN": "Manis Jaya", "AREA": 1201028.510883, "PERIMETER": 5314.552476, "REGENCY": "Kota Tangerang", "HECTARES": 120.103, "X_COORD": 106.57484, "Y_COORD": -6.21231 }, "geometry": { "type": "MultiPolygon", "coordinates": [ [ [ [ 106.578737425448509, -6.216022375849807 ], [ 106.578367466980538, -6.215966547287424 ], [ 106.577817862557438, -6.215885722284205 ], [ 106.576718981245065, -6.215834023781214 ], [ 106.575922165243355, -6.215753933965279 ], [ 106.575289993342849, -6.215618375108338 ], [ 106.574878873469146, -6.215921974639636 ], [ 106.574881490294118, -6.216801602175659 ], [ 106.574387147654122, -6.216830563471575 ], [ 106.573370421897863, -6.216696147821645 ], [ 106.572367471017884, -6.216575433426708 ], [ 106.57181802851882, -6.216549578913964 ], [ 106.571186344945033, -6.216578945581104 ], [ 106.570581884511057, -6.216525764643168 ], [ 106.570499154126125, -6.216416055808626 ], [ 106.570580008847585, -6.21589353103704 ], [ 106.570496789357733, -6.215618891658738 ], [ 106.570222761389942, -6.215839614960509 ], [ 106.569645932668081, -6.215841327986272 ], [ 106.56890396966989, -6.215733575762827 ], [ 106.568847241676451, -6.215128993084726 ], [ 106.568515508472217, -6.214415271456456 ], [ 106.568458862840615, -6.213838177008615 ], [ 106.568100314487737, -6.213344443839068 ], [ 106.567907632109126, -6.213207571637454 ], [ 106.567467819873471, -6.213098920535082 ], [ 106.566808264320457, -6.212990920051448 ], [ 106.566833943435284, -6.212386092318832 ], [ 106.566788529848381, -6.212147604419735 ], [ 106.566893652745264, -6.212116582419811 ], [ 106.567233650164994, -6.212066946703694 ], [ 106.567598087157009, -6.212065866806819 ], [ 106.567987179707785, -6.212186284673266 ], [ 106.568351616649736, -6.212185204236692 ], [ 106.568570134797341, -6.212135927854808 ], [ 106.568715477534511, -6.211989611564385 ], [ 106.568836236414157, -6.211746111321942 ], [ 106.568835228433542, -6.211405715361618 ], [ 106.568882595999398, -6.210992233309795 ], [ 106.568979706931287, -6.210967631112639 ], [ 106.569757314238288, -6.211013952844008 ], [ 106.570291892152369, -6.21103668060829 ], [ 106.570729503360212, -6.211132638290503 ], [ 106.570996107418324, -6.210913018992205 ], [ 106.571577185093702, -6.210230496163408 ], [ 106.571794187428324, -6.209670625479597 ], [ 106.571793105779861, -6.209305916012852 ], [ 106.572010973085739, -6.209037812924157 ], [ 106.572349813257446, -6.208599151194359 ], [ 106.572641143816668, -6.208525343093491 ], [ 106.573030017307374, -6.208572815779518 ], [ 106.57366242398723, -6.208814077363464 ], [ 106.5740992388845, -6.208642579255229 ], [ 106.574098372436438, -6.208350811995475 ], [ 106.574121512769892, -6.207961716724429 ], [ 106.574145375108458, -6.207815760840486 ], [ 106.574461216920469, -6.207814821458977 ], [ 106.57502051952774, -6.207983356511414 ], [ 106.575409247863291, -6.207982199649174 ], [ 106.575822343916059, -6.208005284089016 ], [ 106.576381285288178, -6.208052247981555 ], [ 106.577134373635985, -6.208025690438435 ], [ 106.577425702568078, -6.207951879949398 ], [ 106.577684591217476, -6.207797655266379 ], [ 106.577728998217296, -6.207817248370916 ], [ 106.578531038626522, -6.207912113539357 ], [ 106.579406037880844, -6.208031073810551 ], [ 106.580280819719277, -6.208077090936563 ], [ 106.580815464910231, -6.208124122562021 ], [ 106.581034486644683, -6.208245038739211 ], [ 106.581254523919583, -6.208706348756841 ], [ 106.581814480955245, -6.209093700458908 ], [ 106.582496932692564, -6.209821081829174 ], [ 106.582425788649587, -6.210404831934673 ], [ 106.582450810305673, -6.210647897652641 ], [ 106.58262102444543, -6.210696016628446 ], [ 106.582621895915167, -6.210987782658678 ], [ 106.582551260585603, -6.21174172961272 ], [ 106.58255285851267, -6.212276633995908 ], [ 106.582626326531638, -6.212470926594222 ], [ 106.582772390960088, -6.212567745726357 ], [ 106.582797267818208, -6.212762183678701 ], [ 106.582895540316358, -6.213126600299988 ], [ 106.582604064947532, -6.213151786649241 ], [ 106.582702991393219, -6.213735027807886 ], [ 106.582362851612899, -6.213736045702313 ], [ 106.581488133598199, -6.213714348294936 ], [ 106.580734966450848, -6.213716600172914 ], [ 106.580516087290945, -6.213644312168968 ], [ 106.580224466106685, -6.213620869583654 ], [ 106.580152667104343, -6.213985795310647 ], [ 106.580421734258181, -6.214592843105796 ], [ 106.580617189003192, -6.214956969950423 ], [ 106.580449440981084, -6.215735521789258 ], [ 106.580377932551855, -6.216197702982054 ], [ 106.580331998373708, -6.216402796472596 ], [ 106.579823676842651, -6.216099640104215 ], [ 106.579081960969035, -6.216074367703614 ], [ 106.578737425448509, -6.216022375849807 ] ] ] ] } },
{ "type": "Feature", "properties": { "ID": 155, "KECAMATAN": "Periuk", "PUSKESMAS": "Periuk Jaya", "KELURAHAN": "Periuk Jaya", "AREA": 2584038.2863679999, "PERIMETER": 7977.410894, "REGENCY": "Kota Tangerang", "HECTARES": 258.404, "X_COORD": 106.6071, "Y_COORD": -6.1583 }, "geometry": { "type": "MultiPolygon", "coordinates": [ [ [ [ 106.615060096893387, -6.157894447777184 ], [ 106.614926343939104, -6.158091375047067 ], [ 106.614571035099431, -6.158168703108917 ], [ 106.614393419009872, -6.15822007572575 ], [ 106.613935759614648, -6.158043537438704 ], [ 106.613656407273282, -6.158044382424888 ], [ 106.613555208297868, -6.158171776357023 ], [ 106.613555975729867, -6.158425949756373 ], [ 106.613734282822691, -6.158603333417568 ], [ 106.614116369848091, -6.158983440954009 ], [ 106.614269588752691, -6.159262570501199 ], [ 106.614168927309194, -6.159567885884046 ], [ 106.613966529220605, -6.159822674008669 ], [ 106.613612140203301, -6.160205009814268 ], [ 106.613537027643218, -6.160561083048682 ], [ 106.613309002844787, -6.160739695908161 ], [ 106.613030416512117, -6.160994714375708 ], [ 106.612802621572172, -6.161249579148212 ], [ 106.612829705886284, -6.161808683950396 ], [ 106.612550965349968, -6.16201286766496 ], [ 106.612119235485267, -6.162014173208367 ], [ 106.611002199925082, -6.1621446374825 ], [ 106.610722615065995, -6.162069229376718 ], [ 106.61027822513158, -6.162083280490549 ], [ 106.610024112835376, -6.162033212664618 ], [ 106.609833296421058, -6.161906724688743 ], [ 106.60971874910976, -6.161830793742426 ], [ 106.609438934661853, -6.16167913270714 ], [ 106.609159503222799, -6.161654558442896 ], [ 106.609057919631582, -6.16165486499726 ], [ 106.608956795440207, -6.161807675898955 ], [ 106.608959092639097, -6.162570197718814 ], [ 106.609137783295751, -6.162874669884387 ], [ 106.609316244379045, -6.163102889767945 ], [ 106.609342329783033, -6.163331569594616 ], [ 106.609292227277422, -6.16356047943065 ], [ 106.609141153586776, -6.163993035067828 ], [ 106.609040641978311, -6.164349185209771 ], [ 106.608483154595817, -6.164757549992446 ], [ 106.608102213761839, -6.164758699564814 ], [ 106.6075818623967, -6.164849231137804 ], [ 106.607455264728003, -6.16497670120105 ], [ 106.607430940179356, -6.165332621546069 ], [ 106.607330733486521, -6.165790441354657 ], [ 106.607028352536204, -6.16657930037527 ], [ 106.606877200089485, -6.166986438607623 ], [ 106.6067763041478, -6.167215501741145 ], [ 106.606359141595121, -6.167839492242463 ], [ 106.605675432153106, -6.16850241273921 ], [ 106.605093459174654, -6.16921586150371 ], [ 106.604308543266839, -6.170006174488718 ], [ 106.603713601249552, -6.170630699786782 ], [ 106.603604273979855, -6.170758541810397 ], [ 106.603391760939388, -6.170672881523775 ], [ 106.602383877226856, -6.170269038513911 ], [ 106.601608417241451, -6.169903244426253 ], [ 106.601084681276106, -6.169556067302825 ], [ 106.601063642150805, -6.169536632201487 ], [ 106.600812901531356, -6.169305007802507 ], [ 106.600579781575945, -6.169034456792154 ], [ 106.60040421525693, -6.168589356580298 ], [ 106.600306026417925, -6.168124648641923 ], [ 106.600168597359058, -6.167485682380661 ], [ 106.599992567475766, -6.166885582165333 ], [ 106.599836071122098, -6.166343548514872 ], [ 106.599640915832381, -6.165821005912832 ], [ 106.599436110710869, -6.165308179661523 ], [ 106.599493257970337, -6.164998006009462 ], [ 106.599569531685262, -6.164610274429939 ], [ 106.599587613256702, -6.164183967241772 ], [ 106.599664003031521, -6.163834985601675 ], [ 106.599663132333475, -6.163544361227056 ], [ 106.599604069697719, -6.163215161201689 ], [ 106.59952553249741, -6.162847269309642 ], [ 106.599308758373397, -6.161569160634409 ], [ 106.599268706992476, -6.161123652592038 ], [ 106.599190054688123, -6.16071701055372 ], [ 106.599150119643056, -6.1603102523778 ], [ 106.599137511841832, -6.159331845612516 ], [ 106.599174895169313, -6.158886105316158 ], [ 106.599289422465915, -6.158343258072996 ], [ 106.599482717097729, -6.158245802901345 ], [ 106.599889476586299, -6.158322083793752 ], [ 106.600605797214101, -6.158339310296305 ], [ 106.601109058695414, -6.158318425046428 ], [ 106.601341069686185, -6.15822085309493 ], [ 106.601669698514186, -6.158064865663317 ], [ 106.601920603074845, -6.157812235870657 ], [ 106.602306841961507, -6.157501074287113 ], [ 106.602556700352253, -6.156899695496451 ], [ 106.60265192385171, -6.156376281560145 ], [ 106.602610419322687, -6.155446400906493 ], [ 106.602454333322726, -6.155039992188157 ], [ 106.602356903105004, -6.154827158427321 ], [ 106.602190238682311, -6.154120466992146 ], [ 106.602227852347298, -6.153752226917908 ], [ 106.602283025012028, -6.152783305583575 ], [ 106.60262903514311, -6.151968512478638 ], [ 106.603052941543183, -6.151308486483551 ], [ 106.60311832769878, -6.151194663081895 ], [ 106.603496949725354, -6.150908670621389 ], [ 106.603990399494705, -6.150604817885996 ], [ 106.604676180389404, -6.150327875388206 ], [ 106.605389919336673, -6.150215777775797 ], [ 106.606337226852219, -6.150144209379523 ], [ 106.606721064775599, -6.149923149034747 ], [ 106.60688419892081, -6.149372893397225 ], [ 106.607046837679022, -6.148657709793758 ], [ 106.607153805455141, -6.147695299449555 ], [ 106.607260938321772, -6.146787865146855 ], [ 106.607616566924435, -6.146319495501925 ], [ 106.607863494792284, -6.146236288077111 ], [ 106.60827487589367, -6.14604263285613 ], [ 106.608659040452366, -6.145931523981893 ], [ 106.609125679081188, -6.145847654841126 ], [ 106.609318256808066, -6.145957027994012 ], [ 106.609455906788966, -6.146066566440879 ], [ 106.609484031665914, -6.146286387496396 ], [ 106.609182754641239, -6.146562176779956 ], [ 106.608798672463976, -6.146700774095099 ], [ 106.608800159203355, -6.147195557678582 ], [ 106.608883707618531, -6.147580141309447 ], [ 106.609049648252892, -6.147964476810968 ], [ 106.609517032251091, -6.148127998582601 ], [ 106.60984660036344, -6.148127005822658 ], [ 106.610038848403889, -6.148126426618924 ], [ 106.610313405739618, -6.148098111110047 ], [ 106.610670354990503, -6.148069547133906 ], [ 106.611027386867335, -6.148068470874613 ], [ 106.611056174544771, -6.148508195193409 ], [ 106.611057498330908, -6.148948002303727 ], [ 106.611525711099915, -6.149386401302667 ], [ 106.612212891848429, -6.149576745316722 ], [ 106.612533293191291, -6.149575778339421 ], [ 106.612533769465287, -6.149733842385457 ], [ 106.612377442174363, -6.150528614026291 ], [ 106.612261393378731, -6.151521839086124 ], [ 106.612304185735624, -6.152554299615312 ], [ 106.612584103382545, -6.15326832405344 ], [ 106.612903941992414, -6.154061657476792 ], [ 106.613065898453357, -6.155133472359447 ], [ 106.613704742616349, -6.156442134949661 ], [ 106.614262070119622, -6.157036173552379 ], [ 106.614819638868511, -6.157709640375501 ], [ 106.615012203832194, -6.157857638912074 ], [ 106.615060096893387, -6.157894447777184 ] ] ] ] } },
{ "type": "Feature", "properties": { "ID": 157, "KECAMATAN": "Periuk", "PUSKESMAS": "Periuk Jaya", "KELURAHAN": "Periuk", "AREA": 2782421.7741180002, "PERIMETER": 8098.326311, "REGENCY": "Kota Tangerang", "HECTARES": 278.242, "X_COORD": 106.59582, "Y_COORD": -6.16125 }, "geometry": { "type": "MultiPolygon", "coordinates": [ [ [ [ 106.60311832769878, -6.151194663081895 ], [ 106.603052941543183, -6.151308486483551 ], [ 106.60262903514311, -6.151968512478638 ], [ 106.602283025012028, -6.152783305583575 ], [ 106.602227852347298, -6.153752226917908 ], [ 106.602190238682311, -6.154120466992146 ], [ 106.602356903105004, -6.154827158427321 ], [ 106.602454333322726, -6.155039992188157 ], [ 106.602610419322687, -6.155446400906493 ], [ 106.60265192385171, -6.156376281560145 ], [ 106.602556700352253, -6.156899695496451 ], [ 106.602306841961507, -6.157501074287113 ], [ 106.601920603074845, -6.157812235870657 ], [ 106.601669698514186, -6.158064865663317 ], [ 106.601341069686185, -6.15822085309493 ], [ 106.601109058695414, -6.158318425046428 ], [ 106.600605797214101, -6.158339310296305 ], [ 106.599889476586299, -6.158322083793752 ], [ 106.599482717097729, -6.158245802901345 ], [ 106.599289422465915, -6.158343258072996 ], [ 106.599174895169313, -6.158886105316158 ], [ 106.599137511841832, -6.159331845612516 ], [ 106.599150119643056, -6.1603102523778 ], [ 106.599190054688123, -6.16071701055372 ], [ 106.599268706992476, -6.161123652592038 ], [ 106.599308758373397, -6.161569160634409 ], [ 106.59952553249741, -6.162847269309642 ], [ 106.599604069697719, -6.163215161201689 ], [ 106.599663132333475, -6.163544361227056 ], [ 106.599664003031521, -6.163834985601675 ], [ 106.599587613256702, -6.164183967241772 ], [ 106.599569531685262, -6.164610274429939 ], [ 106.599493257970337, -6.164998006009462 ], [ 106.599436110710869, -6.165308179661523 ], [ 106.599640915832381, -6.165821005912832 ], [ 106.599836071122098, -6.166343548514872 ], [ 106.599992567475766, -6.166885582165333 ], [ 106.600168597359058, -6.167485682380661 ], [ 106.600306026417925, -6.168124648641923 ], [ 106.60040421525693, -6.168589356580298 ], [ 106.600579781575945, -6.169034456792154 ], [ 106.600812901531356, -6.169305007802507 ], [ 106.601063642150805, -6.169536632201487 ], [ 106.60067190747219, -6.170086192798822 ], [ 106.600285473117083, -6.170841084620517 ], [ 106.599586576717215, -6.172715354250154 ], [ 106.59910384025693, -6.173762302178015 ], [ 106.598840526572886, -6.174235709688459 ], [ 106.598319954653164, -6.173991591638099 ], [ 106.597835456022906, -6.173818670285808 ], [ 106.597408396063656, -6.173432449393984 ], [ 106.596922273084658, -6.172717027627859 ], [ 106.59645440838942, -6.171633422330993 ], [ 106.596161936167221, -6.170936793554632 ], [ 106.595889925318744, -6.170608231179329 ], [ 106.595735053829713, -6.170608695342562 ], [ 106.595328805890986, -6.170706788528978 ], [ 106.594690192360773, -6.170786202271217 ], [ 106.594089775167532, -6.170691124322395 ], [ 106.593702538125513, -6.170672908343155 ], [ 106.593737898286307, -6.16954904188133 ], [ 106.593792559904571, -6.168405742473306 ], [ 106.593791344504467, -6.167998867247604 ], [ 106.593799258845564, -6.167407900449846 ], [ 106.593547536062303, -6.167389278301632 ], [ 106.593005546288055, -6.167410274468185 ], [ 106.592618369317833, -6.167411432097225 ], [ 106.592192243323751, -6.167335205058619 ], [ 106.592095275644866, -6.16727736925862 ], [ 106.592094697595499, -6.167083618983004 ], [ 106.592093946158982, -6.166831743622636 ], [ 106.592209867939658, -6.166753896403274 ], [ 106.592325616258123, -6.166617924090073 ], [ 106.592382999022476, -6.166385250213898 ], [ 106.592381496080193, -6.165881499548472 ], [ 106.592013043225606, -6.165669473277818 ], [ 106.592011829724882, -6.165262597656894 ], [ 106.592009922960074, -6.164623221667793 ], [ 106.591698912038524, -6.164197896065619 ], [ 106.591485965859519, -6.164198531944186 ], [ 106.59121453920794, -6.164063715854823 ], [ 106.590923696195148, -6.163909582330733 ], [ 106.590671166751576, -6.163619707761109 ], [ 106.590302139031763, -6.163213929240185 ], [ 106.589991130325231, -6.16278860205771 ], [ 106.589564085316368, -6.162402370980465 ], [ 106.58879656364779, -6.161445584649158 ], [ 106.588524908423494, -6.161233266379038 ], [ 106.58851784025731, -6.161225453106446 ], [ 106.588778090609665, -6.160875996326812 ], [ 106.589270824031033, -6.160324758734036 ], [ 106.589447833031969, -6.159815694578026 ], [ 106.589554421609378, -6.158715838240219 ], [ 106.589824817755627, -6.157285632301114 ], [ 106.590094722875165, -6.155690497204028 ], [ 106.590175645277995, -6.155195463779696 ], [ 106.590366916608858, -6.154865032390379 ], [ 106.590722975307159, -6.154534109970852 ], [ 106.59088588204807, -6.153901390048109 ], [ 106.590966395008365, -6.153268915676513 ], [ 106.591005915629097, -6.1527052846018 ], [ 106.590865078093515, -6.151523700561606 ], [ 106.590832219893514, -6.149709560152871 ], [ 106.590884779026311, -6.148912238319715 ], [ 106.591185742308554, -6.148526503737464 ], [ 106.591552442486986, -6.148346345961846 ], [ 106.59172051915732, -6.148263770708673 ], [ 106.592407125504096, -6.148261725045264 ], [ 106.59551115681883, -6.148444884736401 ], [ 106.597022262279836, -6.14863278920907 ], [ 106.599645954861003, -6.148913568580086 ], [ 106.600717797693491, -6.149157753497007 ], [ 106.601295450138238, -6.149458394076016 ], [ 106.601956153986606, -6.149978691332287 ], [ 106.602617435338942, -6.150691403824958 ], [ 106.603058510196874, -6.151239846234487 ], [ 106.60311832769878, -6.151194663081895 ] ] ] ] } },
{ "type": "Feature", "properties": { "ID": 176, "KECAMATAN": "Cibodas", "PUSKESMAS": "Panunggangan Barat", "KELURAHAN": "Panunggangan Barat", "AREA": 2558134.1555460002, "PERIMETER": 8108.607558, "REGENCY": "Kota Tangerang", "HECTARES": 255.813, "X_COORD": 106.62084, "Y_COORD": -6.21909 }, "geometry": { "type": "MultiPolygon", "coordinates": [ [ [ [ 106.614246007121309, -6.210247375377288 ], [ 106.614246490861504, -6.210250226341211 ], [ 106.615109950393105, -6.210222173805628 ], [ 106.615212521085013, -6.210230412598702 ], [ 106.616329370875036, -6.210320120072387 ], [ 106.617294965031931, -6.210469674311697 ], [ 106.617406257577514, -6.210492101611456 ], [ 106.618413180901769, -6.210695012203971 ], [ 106.619328289860064, -6.210946386652922 ], [ 106.619760679512197, -6.211148402594564 ], [ 106.620052946471347, -6.211584236947749 ], [ 106.619892153658014, -6.211790330998841 ], [ 106.619893177827777, -6.212125266485451 ], [ 106.619971279428754, -6.2124084368852 ], [ 106.620178106126531, -6.212691212941795 ], [ 106.620436028969564, -6.212845009796584 ], [ 106.62079677427198, -6.212946962390415 ], [ 106.621389697855548, -6.213202789887772 ], [ 106.621879089555293, -6.213278582717051 ], [ 106.622806383037258, -6.213430324912339 ], [ 106.623785324608761, -6.213633435674746 ], [ 106.624584288636569, -6.213914390730293 ], [ 106.62539544781643, -6.214182211913259 ], [ 106.625991332500931, -6.214497904597281 ], [ 106.626562390123709, -6.214934717553751 ], [ 106.627220826917281, -6.215283546860368 ], [ 106.627572362004827, -6.215589463156969 ], [ 106.628034199155266, -6.216136252390563 ], [ 106.628627644268619, -6.216726492355207 ], [ 106.62915542212356, -6.217338862163102 ], [ 106.630353173610459, -6.218486411009878 ], [ 106.630595219796831, -6.218814590483498 ], [ 106.630750969638456, -6.219581604519481 ], [ 106.630752794537273, -6.220173666213661 ], [ 106.630622470784459, -6.220546851650195 ], [ 106.630492552449383, -6.221051606374714 ], [ 106.630014809792797, -6.222456500161369 ], [ 106.629922136470398, -6.223104166689855 ], [ 106.629886107444165, -6.223355962893696 ], [ 106.629800959272799, -6.224167577517706 ], [ 106.629823953162798, -6.224518361349862 ], [ 106.629934258419098, -6.224759233462304 ], [ 106.630132145512988, -6.224977906644317 ], [ 106.630417885029388, -6.225262093616137 ], [ 106.630464570918491, -6.225564145886885 ], [ 106.630448313665511, -6.225569624749021 ], [ 106.630283615711576, -6.225846251742853 ], [ 106.630120195046572, -6.226537052204035 ], [ 106.62978858433452, -6.226372405404969 ], [ 106.629622438499794, -6.226179635618369 ], [ 106.629401705379863, -6.226180317139776 ], [ 106.629402641755206, -6.22648404446495 ], [ 106.629320803155736, -6.226788027358185 ], [ 106.629211798445297, -6.227230153331544 ], [ 106.628853702097047, -6.227424541734719 ], [ 106.628412574979947, -6.227536350663537 ], [ 106.627861591014479, -6.227814169347411 ], [ 106.626896304675157, -6.227955205919804 ], [ 106.626677661560606, -6.227934711931834 ], [ 106.626040704746927, -6.227875007774047 ], [ 106.625268049930185, -6.227849776468786 ], [ 106.624640903750347, -6.227914487540817 ], [ 106.624533428882941, -6.227891786536882 ], [ 106.623892138176345, -6.227831168874372 ], [ 106.622906891370761, -6.227787256389381 ], [ 106.6222963451265, -6.227554414659966 ], [ 106.622108130109353, -6.227367217846508 ], [ 106.6218720931479, -6.226882856744652 ], [ 106.621730692096762, -6.226664219901154 ], [ 106.621135831967507, -6.226446976112014 ], [ 106.62086933916261, -6.226228723153077 ], [ 106.620681748874176, -6.2262449472081 ], [ 106.620556704658782, -6.226260979149004 ], [ 106.620275055304077, -6.226199252030103 ], [ 106.619961221703107, -6.225840312074525 ], [ 106.619522488235233, -6.225544346958104 ], [ 106.618973149513778, -6.224873169091004 ], [ 106.618410139752342, -6.224843599530742 ], [ 106.617253373512156, -6.224956680672843 ], [ 106.616088811783527, -6.225077607270102 ], [ 106.615823038672261, -6.225094068885404 ], [ 106.615510308099005, -6.225095026079461 ], [ 106.615354038425806, -6.225126800328033 ], [ 106.615259448408466, -6.225225505423795 ], [ 106.615209750090415, -6.225286041993118 ], [ 106.614970348561513, -6.225573027287369 ], [ 106.614449633128274, -6.225959453308226 ], [ 106.614093640858158, -6.226317887163052 ], [ 106.613847939839118, -6.226813424041606 ], [ 106.613107310146006, -6.227145545582797 ], [ 106.612173312626638, -6.227120911791072 ], [ 106.611760872599319, -6.226984731133246 ], [ 106.611485437690206, -6.226738179289359 ], [ 106.611099209186108, -6.226189596159275 ], [ 106.610961115057151, -6.225942624597457 ], [ 106.610932474202571, -6.22555787830369 ], [ 106.61093130143108, -6.225173048165534 ], [ 106.611122739459859, -6.224897582691017 ], [ 106.611451349410103, -6.224566722256561 ], [ 106.61189050102665, -6.224455429112774 ], [ 106.612191809908381, -6.224179627971765 ], [ 106.612465902075257, -6.223986374171205 ], [ 106.612712861515291, -6.223903155558593 ], [ 106.613069608475428, -6.223792113339804 ], [ 106.613481290944961, -6.223680903041153 ], [ 106.613837869680026, -6.223514884723778 ], [ 106.613808975694354, -6.22304767556849 ], [ 106.613790670516906, -6.2215496307366 ], [ 106.613871312546564, -6.220972134490259 ], [ 106.614090215505598, -6.220696584765371 ], [ 106.614474175965043, -6.220502994816225 ], [ 106.614693162309436, -6.220254932789512 ], [ 106.614912400167142, -6.22008933417784 ], [ 106.615295268834771, -6.219538402242804 ], [ 106.615540211410845, -6.218795475486441 ], [ 106.615840340383187, -6.218134844226962 ], [ 106.616003550908431, -6.217612071962487 ], [ 106.616084190945287, -6.217034576076922 ], [ 106.616109101424144, -6.216330411201445 ], [ 106.616136973073139, -6.216314609402528 ], [ 106.616482577271938, -6.216359649010752 ], [ 106.616551106918621, -6.216175053950745 ], [ 106.61659540925001, -6.215598713826905 ], [ 106.616593861077902, -6.215091658467836 ], [ 106.616432082309146, -6.214907767605236 ], [ 106.616085775661318, -6.214632247942771 ], [ 106.615854834422066, -6.214425520008189 ], [ 106.615508528357353, -6.214149999803007 ], [ 106.615392530650226, -6.213873775776268 ], [ 106.615460146696535, -6.213389557015923 ], [ 106.615620870000058, -6.213227728638897 ], [ 106.615919848082839, -6.213088526024123 ], [ 106.616034087726263, -6.212788550435328 ], [ 106.616125226227666, -6.212465597245031 ], [ 106.615779202816398, -6.212282268832904 ], [ 106.615778640416579, -6.21209788496949 ], [ 106.616031978308868, -6.212097111041174 ], [ 106.616193193314487, -6.212096618478228 ], [ 106.616399696161849, -6.211842457374678 ], [ 106.616491186030345, -6.211634744087076 ], [ 106.616305745152417, -6.211243491455785 ], [ 106.616074243284189, -6.210852379385763 ], [ 106.615889576251547, -6.210714654259865 ], [ 106.615682300322561, -6.210715287286849 ], [ 106.615475375725381, -6.210831160170807 ], [ 106.615337543046167, -6.210946822043016 ], [ 106.615084275872249, -6.2109706434881 ], [ 106.614830868154812, -6.210948368828141 ], [ 106.614438714522407, -6.210742131744624 ], [ 106.614277499788713, -6.210742623666137 ], [ 106.614138824242204, -6.21058170925327 ], [ 106.614184113265665, -6.210328040696107 ], [ 106.614246007121309, -6.210247375377288 ] ] ] ] } },
{ "type": "Feature", "properties": { "ID": 213, "KECAMATAN": "Ciledug", "PUSKESMAS": "Paninggilan", "KELURAHAN": "Paninggilan", "AREA": 1168456.8799109999, "PERIMETER": 4732.79575, "REGENCY": "Kota Tangerang", "HECTARES": 116.846, "X_COORD": 106.71344, "Y_COORD": -6.2474 }, "geometry": { "type": "MultiPolygon", "coordinates": [ [ [ [ 106.720358787399803, -6.252305585895077 ], [ 106.717836706543963, -6.252187665598878 ], [ 106.716237573912849, -6.25219288972057 ], [ 106.712239277027592, -6.252064733631657 ], [ 106.711122901893319, -6.25206836920437 ], [ 106.710900347142314, -6.251847109014616 ], [ 106.710679565125773, -6.251545397304623 ], [ 106.710002545617556, -6.250351625330216 ], [ 106.709588191387979, -6.249665630829527 ], [ 106.709008989823658, -6.248980171461169 ], [ 106.708457264572814, -6.248294621774566 ], [ 106.70842252788961, -6.248198983663237 ], [ 106.708233557038, -6.248068913721259 ], [ 106.708039157139851, -6.248069545092154 ], [ 106.707763914951386, -6.248119072449057 ], [ 106.707586030358911, -6.248216917138111 ], [ 106.707408145688873, -6.248314761784735 ], [ 106.707278860969936, -6.248412448618828 ], [ 106.707101186360859, -6.248575137265973 ], [ 106.706907048886862, -6.248656823367062 ], [ 106.706894607888742, -6.248648581937815 ], [ 106.706663523196383, -6.24849550181451 ], [ 106.706597724991013, -6.248187702676542 ], [ 106.706660896531545, -6.247684950718664 ], [ 106.706659898490017, -6.247376941295404 ], [ 106.70648096338104, -6.247150565122597 ], [ 106.706431890789659, -6.247004823566631 ], [ 106.706431155565113, -6.246777869222115 ], [ 106.706600283601702, -6.246477413478294 ], [ 106.70695526436775, -6.246038559623543 ], [ 106.707148770621885, -6.245762341532275 ], [ 106.707260856864124, -6.245356698109002 ], [ 106.707372365206609, -6.244772733506285 ], [ 106.707549040677392, -6.244302035801891 ], [ 106.707756277163384, -6.243263847443502 ], [ 106.707900394875708, -6.242744621898369 ], [ 106.70790102187685, -6.24273924599054 ], [ 106.707940868186157, -6.242736384983806 ], [ 106.708669229776433, -6.242539487023091 ], [ 106.709835458490858, -6.24248706667009 ], [ 106.710224569357408, -6.242583069624193 ], [ 106.710613364641091, -6.242581806301178 ], [ 106.710969655009421, -6.242548226025706 ], [ 106.71156931061843, -6.242627332363565 ], [ 106.711925916672826, -6.242691017332079 ], [ 106.712233870711032, -6.242738649146894 ], [ 106.713117207053372, -6.242873569743963 ], [ 106.713538875842929, -6.243018097453136 ], [ 106.713863398745673, -6.243179152228796 ], [ 106.714155469492454, -6.243324101308491 ], [ 106.714528486611158, -6.243452575367865 ], [ 106.714771378037881, -6.243419361817 ], [ 106.715014322154104, -6.243402359115966 ], [ 106.715160120254595, -6.243401884015102 ], [ 106.715386917277257, -6.243401144889134 ], [ 106.715613872579567, -6.24344903851149 ], [ 106.716019236658411, -6.243561194831969 ], [ 106.716020186768631, -6.243852991841822 ], [ 106.716004831546115, -6.244112419782077 ], [ 106.716005570576371, -6.244339373009198 ], [ 106.716006151262235, -6.24451769340046 ], [ 106.716136436119655, -6.244728013035825 ], [ 106.716201816189923, -6.244906122072355 ], [ 106.71628329054198, -6.245051756364082 ], [ 106.7164135228725, -6.24524586491944 ], [ 106.716640954342239, -6.245439656300159 ], [ 106.71680332248107, -6.245552604296048 ], [ 106.717030437219663, -6.245649129819559 ], [ 106.717290004544481, -6.245761760402752 ], [ 106.717500602487533, -6.245761072964104 ], [ 106.717921798302655, -6.245759697834214 ], [ 106.718197089778812, -6.245726376678455 ], [ 106.718520927794316, -6.245676685726015 ], [ 106.718763607913857, -6.245578626440229 ], [ 106.718876424925114, -6.245399935870285 ], [ 106.719044037652964, -6.245263247535467 ], [ 106.719030032291869, -6.24531027303424 ], [ 106.718998426016867, -6.245553542663503 ], [ 106.71904861232693, -6.246039711413995 ], [ 106.719057796666959, -6.246372008756333 ], [ 106.719221170702056, -6.246792963182133 ], [ 106.719254205343958, -6.246987388276426 ], [ 106.719239381210215, -6.247408925022786 ], [ 106.71924745816662, -6.247609440878818 ], [ 106.719091949684298, -6.2482406537494 ], [ 106.719068900945572, -6.248503896354724 ], [ 106.719165938026151, -6.248934216466518 ], [ 106.719359622308176, -6.249675236302351 ], [ 106.719575496181719, -6.249889848961478 ], [ 106.720102719608448, -6.250270912939429 ], [ 106.720320783141986, -6.251155397799481 ], [ 106.720443059607121, -6.251992347333532 ], [ 106.720358787399803, -6.252305585895077 ] ] ] ] } },
{ "type": "Feature", "properties": { "ID": 363, "KECAMATAN": "Neglasari", "PUSKESMAS": "Kedaung Wetan", "KELURAHAN": "Kedaung Baru", "AREA": 1445185.1902020001, "PERIMETER": 6055.67634, "REGENCY": "Kota Tangerang", "HECTARES": 144.519, "X_COORD": 106.61687, "Y_COORD": -6.13159 }, "geometry": { "type": "MultiPolygon", "coordinates": [ [ [ [ 106.61970695982059, -6.122801071919418 ], [ 106.619917218655587, -6.12354172221978 ], [ 106.620034587114958, -6.123948242150366 ], [ 106.619996281898466, -6.124083982610605 ], [ 106.619628790372971, -6.124181967150359 ], [ 106.619552179706332, -6.124453448075392 ], [ 106.619824813559902, -6.124995124002798 ], [ 106.619709138430665, -6.125150473103781 ], [ 106.619051873842508, -6.12544308224581 ], [ 106.619266203147163, -6.125907434566602 ], [ 106.619365675143541, -6.126798382972425 ], [ 106.619406316973922, -6.127437634315668 ], [ 106.619271985149979, -6.127825539509342 ], [ 106.619562634728013, -6.127921536401299 ], [ 106.620201713339767, -6.128016480185386 ], [ 106.620666635996741, -6.128131324635695 ], [ 106.621286474536532, -6.128265075082331 ], [ 106.621693208910557, -6.128341344607281 ], [ 106.622196495018954, -6.128339821839904 ], [ 106.622816040993385, -6.128376696540934 ], [ 106.6229321838955, -6.128376344929745 ], [ 106.622913470807006, -6.12858952590584 ], [ 106.622895460380647, -6.129035204015432 ], [ 106.622839438350056, -6.129713496481487 ], [ 106.622706397443636, -6.130527646760041 ], [ 106.622553120727346, -6.131051234267837 ], [ 106.622555111970257, -6.131709976192942 ], [ 106.622546985473505, -6.13222343670121 ], [ 106.622587047337404, -6.132668938959232 ], [ 106.622509969568426, -6.132785422054925 ], [ 106.62229698054594, -6.13276669218636 ], [ 106.621947963295099, -6.13257399960983 ], [ 106.621424262209757, -6.132226835873735 ], [ 106.621095012465943, -6.13216970740957 ], [ 106.620960155019318, -6.132383239958018 ], [ 106.620767810652552, -6.132790695987852 ], [ 106.620536868385386, -6.133237018709099 ], [ 106.620383296759783, -6.133663732399013 ], [ 106.620181126741159, -6.134022780760444 ], [ 106.620026209196283, -6.134003874419747 ], [ 106.619909947917805, -6.13396547615029 ], [ 106.619774738705232, -6.134062759906097 ], [ 106.619736667336426, -6.13427599965672 ], [ 106.619659705682508, -6.134431232135839 ], [ 106.619640874701645, -6.13460566377377 ], [ 106.619699473371909, -6.134779861226093 ], [ 106.619700116835077, -6.134992983888345 ], [ 106.619623272114012, -6.135186965964043 ], [ 106.619449172242952, -6.135226242458199 ], [ 106.619216883065718, -6.135226944927703 ], [ 106.619101440220149, -6.135459793639607 ], [ 106.619199689588086, -6.13594387075874 ], [ 106.61931677024738, -6.136253516144043 ], [ 106.619317823205023, -6.136602262364872 ], [ 106.619357006178987, -6.136757143576059 ], [ 106.619570465115217, -6.136930872519665 ], [ 106.61972561762262, -6.137027277914663 ], [ 106.619774625822899, -6.137230566730403 ], [ 106.619775913349727, -6.137656811998337 ], [ 106.619757960496642, -6.138121865410311 ], [ 106.619758604336226, -6.138334988039848 ], [ 106.61966234339971, -6.138509654018879 ], [ 106.619566199467926, -6.138723069568119 ], [ 106.619450346757176, -6.138820294975613 ], [ 106.619470172532147, -6.13897523469211 ], [ 106.619664099387691, -6.139090897569048 ], [ 106.619742173592442, -6.139303785835758 ], [ 106.619781649803514, -6.139555540833512 ], [ 106.619782527991703, -6.139846162581508 ], [ 106.619782937342649, -6.139981627157719 ], [ 106.619589478914463, -6.140021121603434 ], [ 106.618389482725576, -6.140082877473541 ], [ 106.617847761811163, -6.140181390638933 ], [ 106.617441660920704, -6.140318243304197 ], [ 106.616899647112845, -6.14031988156469 ], [ 106.616783910386545, -6.140455856230002 ], [ 106.616242188390984, -6.14055436794423 ], [ 106.615816319970762, -6.140555654289856 ], [ 106.61562455818877, -6.140541461070906 ], [ 106.615576880036315, -6.140344312990322 ], [ 106.615246240785453, -6.139987965376973 ], [ 106.614640718546369, -6.139549982500663 ], [ 106.614090869058174, -6.139359224220332 ], [ 106.613650873819296, -6.139168134027633 ], [ 106.613348361719659, -6.139031605276258 ], [ 106.613045270810886, -6.138702660819672 ], [ 106.612824818746276, -6.138455931607673 ], [ 106.612383749927673, -6.137907496870236 ], [ 106.611943095207536, -6.137496501241518 ], [ 106.611896899349176, -6.137456288763754 ], [ 106.611502523752534, -6.137112993017001 ], [ 106.611033746358174, -6.136482175292574 ], [ 106.610895356102915, -6.136125245020248 ], [ 106.610810406997274, -6.135273366114861 ], [ 106.610946237855828, -6.134778169740541 ], [ 106.611219384974518, -6.134282560289975 ], [ 106.611932356524221, -6.13392306829203 ], [ 106.612439972273748, -6.133770355259141 ], [ 106.613343862147531, -6.132970476145139 ], [ 106.614026721605967, -6.131731451406603 ], [ 106.614188111246222, -6.130603950272601 ], [ 106.614199652628898, -6.129875479013898 ], [ 106.614143073895676, -6.129325886004444 ], [ 106.614030495499705, -6.128419115318106 ], [ 106.613919487259793, -6.12803461509078 ], [ 106.613835033649025, -6.127347664914003 ], [ 106.613860266737419, -6.12660540817842 ], [ 106.614050607214409, -6.125972607242289 ], [ 106.614269649000704, -6.125752042550487 ], [ 106.614544111790593, -6.125696239989058 ], [ 106.615476937467449, -6.125391061126566 ], [ 106.615805746686874, -6.125142677227784 ], [ 106.61621603434638, -6.124591678065395 ], [ 106.616735510428427, -6.123820444598221 ], [ 106.617091284526325, -6.123407050211601 ], [ 106.617252839269611, -6.1232700446057 ], [ 106.617564759409717, -6.123005548544661 ], [ 106.617756891866208, -6.122868171749712 ], [ 106.618040283885648, -6.122739498982848 ], [ 106.618650061532009, -6.122624043605852 ], [ 106.619161244228607, -6.122750319409055 ], [ 106.619601268958149, -6.122805799400119 ], [ 106.61970695982059, -6.122801071919418 ] ] ] ] } },
{ "type": "Feature", "properties": { "ID": 364, "KECAMATAN": "Neglasari", "PUSKESMAS": "Kedaung Wetan", "KELURAHAN": "Selapajang Jaya", "AREA": 2904990.9711879999, "PERIMETER": 10338.849706000001, "REGENCY": "Kota Tangerang", "HECTARES": 290.499, "X_COORD": 106.63489, "Y_COORD": -6.12256 }, "geometry": { "type": "MultiPolygon", "coordinates": [ [ [ [ 106.631328448773161, -6.116894609445549 ], [ 106.631955587137412, -6.116435164250153 ], [ 106.632470036206627, -6.115527653314676 ], [ 106.632468622986053, -6.115061741725528 ], [ 106.632362750329222, -6.114259652692784 ], [ 106.632387197233399, -6.113793662495008 ], [ 106.632385941454515, -6.11337951881695 ], [ 106.632513827274067, -6.112913214400198 ], [ 106.633398724221919, -6.110516236346649 ], [ 106.633913088977948, -6.109582842030043 ], [ 106.634323935879863, -6.108623878075244 ], [ 106.634606034247227, -6.107846494830047 ], [ 106.635275787121614, -6.106990280697666 ], [ 106.635429215398247, -6.106420362155887 ], [ 106.635671698091969, -6.105371315506786 ], [ 106.635717515592063, -6.105372681188561 ], [ 106.636395836644738, -6.105394997806009 ], [ 106.636912943609602, -6.10536754067687 ], [ 106.637558796325806, -6.105158502120934 ], [ 106.63781754613585, -6.105209482889395 ], [ 106.637539039996028, -6.105641229885663 ], [ 106.637502257312264, -6.105698358710647 ], [ 106.637482948319089, -6.105728184490834 ], [ 106.637174287869556, -6.106272691276422 ], [ 106.637640384618294, -6.106478345891457 ], [ 106.638673497944353, -6.106061053561839 ], [ 106.639087089022311, -6.106008025353297 ], [ 106.639526854126714, -6.106058453621383 ], [ 106.640123350112816, -6.106626086241643 ], [ 106.640485931672259, -6.106806169493419 ], [ 106.641029686148386, -6.107037467977805 ], [ 106.641495468852114, -6.107139583202822 ], [ 106.642012891358306, -6.107215656235764 ], [ 106.642349772127858, -6.107447584606328 ], [ 106.642505795776657, -6.107731833218307 ], [ 106.64255830340997, -6.107990513804793 ], [ 106.642378471562736, -6.108379324442002 ], [ 106.642043877744243, -6.108898028174646 ], [ 106.641735300527472, -6.109468420631664 ], [ 106.641581879398515, -6.110038339358248 ], [ 106.64161049995802, -6.110944195606004 ], [ 106.641872330238243, -6.112004644052426 ], [ 106.642056741237738, -6.113117096824904 ], [ 106.642254596717365, -6.114397754795164 ], [ 106.642308922304224, -6.115251763743729 ], [ 106.642259651563478, -6.116054321195259 ], [ 106.642079818337706, -6.116443132401005 ], [ 106.642261942499971, -6.116804952810466 ], [ 106.642546715830036, -6.11690761827402 ], [ 106.642609455367349, -6.116870501467339 ], [ 106.642620103010088, -6.116967102578713 ], [ 106.642532536133274, -6.117299865173851 ], [ 106.641614478523607, -6.117624084147394 ], [ 106.640840331665189, -6.117936778926513 ], [ 106.639601869966938, -6.118494720714437 ], [ 106.638230463878941, -6.119030899641659 ], [ 106.636328435275445, -6.119856856460474 ], [ 106.635509651983654, -6.120058849291603 ], [ 106.635045401218676, -6.120326260384402 ], [ 106.634983345277107, -6.121767265220803 ], [ 106.634767887347309, -6.123740731056018 ], [ 106.634681933525286, -6.124605482498192 ], [ 106.634702922719384, -6.124652473741349 ], [ 106.634437403494374, -6.12591139616345 ], [ 106.634324385153306, -6.126208206757508 ], [ 106.634167047335026, -6.126915644042498 ], [ 106.634146691578607, -6.127713884216756 ], [ 106.634103829495359, -6.128603413349919 ], [ 106.634038877488393, -6.12972106072799 ], [ 106.633951349811738, -6.130907192233476 ], [ 106.633908210864831, -6.131705501895369 ], [ 106.63398052132159, -6.133005171358066 ], [ 106.633869029934914, -6.133803689517054 ], [ 106.633680119590721, -6.135366414374387 ], [ 106.633590509731334, -6.135868399730684 ], [ 106.633591759961178, -6.136278887517079 ], [ 106.633593079740706, -6.136712180173463 ], [ 106.633594121738994, -6.137054253318009 ], [ 106.63352632390307, -6.13723690092033 ], [ 106.633436019361142, -6.137510837563851 ], [ 106.633391144936681, -6.137739025399867 ], [ 106.633370722403384, -6.138514460774598 ], [ 106.633286546619146, -6.139835221311731 ], [ 106.63192680406442, -6.139959445795031 ], [ 106.630824742700327, -6.139904759932302 ], [ 106.627910420773176, -6.139829306515694 ], [ 106.627981627069019, -6.139449049399522 ], [ 106.627980481281469, -6.13907175351981 ], [ 106.627864052767023, -6.138926992550036 ], [ 106.627747800555795, -6.138840277065211 ], [ 106.62783311716197, -6.138288579972155 ], [ 106.628033628276654, -6.137475325276787 ], [ 106.628175000018501, -6.136284951143038 ], [ 106.628115332529561, -6.135733695038377 ], [ 106.627765785785328, -6.135212343188216 ], [ 106.627677650716436, -6.134835311623704 ], [ 106.627676858219886, -6.134574106700017 ], [ 106.627602385391242, -6.133921314681444 ], [ 106.627775132910187, -6.133514467174355 ], [ 106.627977052977542, -6.133165577081202 ], [ 106.628119218613946, -6.132236407938104 ], [ 106.627886101458486, -6.131859816871706 ], [ 106.627769410995711, -6.131627987109241 ], [ 106.627768002799542, -6.131163622764368 ], [ 106.627562915152012, -6.130467692741797 ], [ 106.627386912697418, -6.129800697214152 ], [ 106.627153357734613, -6.129278991466555 ], [ 106.627208272593208, -6.128263018019998 ], [ 106.627984665845005, -6.126112955802165 ], [ 106.628358714591215, -6.125154059923442 ], [ 106.628435958462745, -6.124458871454358 ], [ 106.628428797532948, -6.124266514653764 ], [ 106.628675750096946, -6.122934299333872 ], [ 106.628823982345637, -6.122155067621027 ], [ 106.628996323584246, -6.121049176908301 ], [ 106.628995181967454, -6.120672350517676 ], [ 106.629295603456228, -6.120420218765102 ], [ 106.629621960606784, -6.120444349991269 ], [ 106.629622569671497, -6.120645324005694 ], [ 106.629673147455293, -6.120770780348986 ], [ 106.629799173236322, -6.120946251536052 ], [ 106.63004916879423, -6.120618906609104 ], [ 106.630150172238245, -6.120819575662569 ], [ 106.6303263952733, -6.120994894211211 ], [ 106.630502008977047, -6.120969238748151 ], [ 106.630726905492793, -6.120641969861842 ], [ 106.631053186412899, -6.120640978430417 ], [ 106.631354292537793, -6.120614941357042 ], [ 106.631578883466204, -6.120187185376734 ], [ 106.632030275257534, -6.120060203347638 ], [ 106.632305519881172, -6.119783024960879 ], [ 106.632053315366988, -6.119381840542521 ], [ 106.632052095695215, -6.118979892981782 ], [ 106.631925383993789, -6.118578326863222 ], [ 106.631698355127668, -6.118202187480476 ], [ 106.631521447222795, -6.117800773666865 ], [ 106.631545555190485, -6.117474114913517 ], [ 106.63151908556776, -6.117022000009382 ], [ 106.631368190749342, -6.11692197054598 ], [ 106.631328448773161, -6.116894609445549 ] ] ] ] } },
{ "type": "Feature", "properties": { "ID": 365, "KECAMATAN": "Neglasari", "PUSKESMAS": "Kedaung Wetan", "KELURAHAN": "Kedaung Wetan", "AREA": 1904657.5740129999, "PERIMETER": 8518.053719, "REGENCY": "Kota Tangerang", "HECTARES": 190.466, "X_COORD": 106.62568, "Y_COORD": -6.12887 }, "geometry": { "type": "MultiPolygon", "coordinates": [ [ [ [ 106.627910420773176, -6.139829306515694 ], [ 106.627808790865018, -6.139826874589833 ], [ 106.627199941626159, -6.139857749521873 ], [ 106.6256052807922, -6.139920642750313 ], [ 106.625083333845097, -6.139922228234797 ], [ 106.624938612506696, -6.140009736966616 ], [ 106.624707955601394, -6.140445783505376 ], [ 106.624629049517551, -6.140806337964851 ], [ 106.624507771790562, -6.140490584601724 ], [ 106.624449905611556, -6.140404166283631 ], [ 106.624430282781347, -6.140471444963678 ], [ 106.624062665010882, -6.140530685754918 ], [ 106.623520594082876, -6.140512956031086 ], [ 106.623075486994892, -6.140553056386919 ], [ 106.62212784457742, -6.140846554475933 ], [ 106.621817888314951, -6.140769994433234 ], [ 106.621507932096591, -6.140693434187482 ], [ 106.621178676919612, -6.140636307164894 ], [ 106.621120135272065, -6.140481484975984 ], [ 106.62111931486622, -6.140210238197873 ], [ 106.62106089050441, -6.140094165524486 ], [ 106.620499051702524, -6.139940867810195 ], [ 106.619976396694227, -6.139942450459818 ], [ 106.619782937342649, -6.139981627157719 ], [ 106.619782527991703, -6.139846162581508 ], [ 106.619781649803514, -6.139555540833512 ], [ 106.619742173592442, -6.139303785835758 ], [ 106.619664099387691, -6.139090897569048 ], [ 106.619470172532147, -6.13897523469211 ], [ 106.619450346757176, -6.138820294975613 ], [ 106.619566199467926, -6.138723069568119 ], [ 106.61966234339971, -6.138509654018879 ], [ 106.619758604336226, -6.138334988039848 ], [ 106.619757960496642, -6.138121865410311 ], [ 106.619775913349727, -6.137656811998337 ], [ 106.619774625822899, -6.137230566730403 ], [ 106.61972561762262, -6.137027277914663 ], [ 106.619570465115217, -6.136930872519665 ], [ 106.619357006178987, -6.136757143576059 ], [ 106.619317823205023, -6.136602262364872 ], [ 106.61931677024738, -6.136253516144043 ], [ 106.619199689588086, -6.13594387075874 ], [ 106.619101440220149, -6.135459793639607 ], [ 106.619216883065718, -6.135226944927703 ], [ 106.619449172242952, -6.135226242458199 ], [ 106.619623272114012, -6.135186965964043 ], [ 106.619700116835077, -6.134992983888345 ], [ 106.619699473371909, -6.134779861226093 ], [ 106.619640874701645, -6.13460566377377 ], [ 106.619659705682508, -6.134431232135839 ], [ 106.619736667336426, -6.13427599965672 ], [ 106.619774738705232, -6.134062759906097 ], [ 106.619909947917805, -6.13396547615029 ], [ 106.620026209196283, -6.134003874419747 ], [ 106.620181126741159, -6.134022780760444 ], [ 106.620383296759783, -6.133663732399013 ], [ 106.620536868385386, -6.133237018709099 ], [ 106.620767810652552, -6.132790695987852 ], [ 106.620960155019318, -6.132383239958018 ], [ 106.621095012465943, -6.13216970740957 ], [ 106.621424262209757, -6.132226835873735 ], [ 106.621947963295099, -6.13257399960983 ], [ 106.62229698054594, -6.13276669218636 ], [ 106.622509969568426, -6.132785422054925 ], [ 106.622587047337404, -6.132668938959232 ], [ 106.622546985473505, -6.13222343670121 ], [ 106.622555111970257, -6.131709976192942 ], [ 106.622553120727346, -6.131051234267837 ], [ 106.622706397443636, -6.130527646760041 ], [ 106.622839438350056, -6.129713496481487 ], [ 106.622895460380647, -6.129035204015432 ], [ 106.622913470807006, -6.12858952590584 ], [ 106.6229321838955, -6.128376344929745 ], [ 106.622816040993385, -6.128376696540934 ], [ 106.622196495018954, -6.128339821839904 ], [ 106.621693208910557, -6.128341344607281 ], [ 106.621286474536532, -6.128265075082331 ], [ 106.620666635996741, -6.128131324635695 ], [ 106.620201713339767, -6.128016480185386 ], [ 106.619562634728013, -6.127921536401299 ], [ 106.619271985149979, -6.127825539509342 ], [ 106.619406316973922, -6.127437634315668 ], [ 106.619365675143541, -6.126798382972425 ], [ 106.619266203147163, -6.125907434566602 ], [ 106.619051873842508, -6.12544308224581 ], [ 106.619709138430665, -6.125150473103781 ], [ 106.619824813559902, -6.124995124002798 ], [ 106.619552179706332, -6.124453448075392 ], [ 106.619628790372971, -6.124181967150359 ], [ 106.619996281898466, -6.124083982610605 ], [ 106.620034587114958, -6.123948242150366 ], [ 106.619917218655587, -6.12354172221978 ], [ 106.61970695982059, -6.122801071919418 ], [ 106.619941757921211, -6.122790569485205 ], [ 106.620395543300745, -6.122703987171593 ], [ 106.621019208721435, -6.122489073276444 ], [ 106.621514788769559, -6.122146727859032 ], [ 106.621980748049481, -6.121392613756001 ], [ 106.622405168370548, -6.120979473006124 ], [ 106.62280198203716, -6.120822051409065 ], [ 106.623099302732044, -6.120608122501331 ], [ 106.623707766317196, -6.120565464184118 ], [ 106.623581033827293, -6.120379433722606 ], [ 106.623486435999936, -6.120297389807963 ], [ 106.623588534289354, -6.120291402610755 ], [ 106.624287540398143, -6.120548130947544 ], [ 106.624856151109171, -6.120442872670909 ], [ 106.625683519338438, -6.120388598799337 ], [ 106.626924649049599, -6.12033306972624 ], [ 106.628525702823325, -6.119577570896824 ], [ 106.629274703604523, -6.119264687133564 ], [ 106.629738850963392, -6.118823246093646 ], [ 106.629969551795085, -6.118149555381546 ], [ 106.630407916198592, -6.117734076649922 ], [ 106.630820263071314, -6.117266908273792 ], [ 106.631328448773161, -6.116894609445549 ], [ 106.631368190749342, -6.11692197054598 ], [ 106.63151908556776, -6.117022000009382 ], [ 106.631545555190485, -6.117474114913517 ], [ 106.631521447222795, -6.117800773666865 ], [ 106.631698355127668, -6.118202187480476 ], [ 106.631925383993789, -6.118578326863222 ], [ 106.632052095695215, -6.118979892981782 ], [ 106.632053315366988, -6.119381840542521 ], [ 106.632305519881172, -6.119783024960879 ], [ 106.632030275257534, -6.120060203347638 ], [ 106.631578883466204, -6.120187185376734 ], [ 106.631354292537793, -6.120614941357042 ], [ 106.631053186412899, -6.120640978430417 ], [ 106.630726905492793, -6.120641969861842 ], [ 106.630502008977047, -6.120969238748151 ], [ 106.6303263952733, -6.120994894211211 ], [ 106.630150172238245, -6.120819575662569 ], [ 106.63004916879423, -6.120618906609104 ], [ 106.629799173236322, -6.120946251536052 ], [ 106.629673147455293, -6.120770780348986 ], [ 106.629622569671497, -6.120645324005694 ], [ 106.629621960606784, -6.120444349991269 ], [ 106.629295603456228, -6.120420218765102 ], [ 106.628995181967454, -6.120672350517676 ], [ 106.628996323584246, -6.121049176908301 ], [ 106.628823982345637, -6.122155067621027 ], [ 106.628675750096946, -6.122934299333872 ], [ 106.628428797532948, -6.124266514653764 ], [ 106.628435958462745, -6.124458871454358 ], [ 106.628358714591215, -6.125154059923442 ], [ 106.627984665845005, -6.126112955802165 ], [ 106.627208272593208, -6.128263018019998 ], [ 106.627153357734613, -6.129278991466555 ], [ 106.627386912697418, -6.129800697214152 ], [ 106.627562915152012, -6.130467692741797 ], [ 106.627768002799542, -6.131163622764368 ], [ 106.627769410995711, -6.131627987109241 ], [ 106.627886101458486, -6.131859816871706 ], [ 106.628119218613946, -6.132236407938104 ], [ 106.627977052977542, -6.133165577081202 ], [ 106.627775132910187, -6.133514467174355 ], [ 106.627602385391242, -6.133921314681444 ], [ 106.627676858219886, -6.134574106700017 ], [ 106.627677650716436, -6.134835311623704 ], [ 106.627765785785328, -6.135212343188216 ], [ 106.628115332529561, -6.135733695038377 ], [ 106.628175000018501, -6.136284951143038 ], [ 106.628033628276654, -6.137475325276787 ], [ 106.62783311716197, -6.138288579972155 ], [ 106.627747800555795, -6.138840277065211 ], [ 106.627864052767023, -6.138926992550036 ], [ 106.627980481281469, -6.13907175351981 ], [ 106.627981627069019, -6.139449049399522 ], [ 106.627910420773176, -6.139829306515694 ] ] ] ] } },
{ "type": "Feature", "properties": { "ID": 367, "KECAMATAN": "Karawaci", "PUSKESMAS": "Pasar Baru", "KELURAHAN": "Pasar Baru", "AREA": 1736858.8801899999, "PERIMETER": 6162.868972, "REGENCY": "Kota Tangerang", "HECTARES": 173.686, "X_COORD": 106.62568, "Y_COORD": -6.16226 }, "geometry": { "type": "MultiPolygon", "coordinates": [ [ [ [ 106.633745502798718, -6.167335137957024 ], [ 106.633662303215729, -6.167502959746188 ], [ 106.633634104486376, -6.167764252499219 ], [ 106.63348991193385, -6.168025900977466 ], [ 106.633287811159917, -6.168316749946439 ], [ 106.632708552071435, -6.168550709319446 ], [ 106.632476652880143, -6.168580443070736 ], [ 106.632158024480887, -6.168697511326928 ], [ 106.631694048203642, -6.168698932956784 ], [ 106.631462237530428, -6.168757688975377 ], [ 106.630853179643353, -6.168730531318232 ], [ 106.630417935488396, -6.168644794971538 ], [ 106.630069686995526, -6.168558791992529 ], [ 106.629460717631517, -6.168560655370078 ], [ 106.628967919525792, -6.168620208736817 ], [ 106.62862029121483, -6.168737363775445 ], [ 106.628418098538873, -6.168999188938241 ], [ 106.628159148651292, -6.169667509532249 ], [ 106.628118086954174, -6.170465767448522 ], [ 106.628123694809119, -6.17051602492564 ], [ 106.627900552635523, -6.170451921064633 ], [ 106.627174788840634, -6.170192932375982 ], [ 106.626507465361541, -6.170078879103662 ], [ 106.625579419223669, -6.170052689987876 ], [ 106.624970800470095, -6.170170639761504 ], [ 106.623955934143495, -6.170202758880921 ], [ 106.622912068456884, -6.170234964481047 ], [ 106.622686142332853, -6.170135690025011 ], [ 106.621974831348567, -6.170170973865155 ], [ 106.621394188948898, -6.170211492055976 ], [ 106.620600541886816, -6.170233283024205 ], [ 106.620346768257392, -6.170253413920955 ], [ 106.620367707906155, -6.170059617187759 ], [ 106.620327754577275, -6.169652865123048 ], [ 106.620365118298707, -6.169207127927045 ], [ 106.620382358425729, -6.168509577799427 ], [ 106.620341581781872, -6.167831579082534 ], [ 106.620378533931799, -6.167250218590438 ], [ 106.620388045988705, -6.167025741211392 ], [ 106.620396598232162, -6.166823915043378 ], [ 106.620434374100682, -6.166513801167246 ], [ 106.620481917481456, -6.166232719994919 ], [ 106.620617250777073, -6.166174183581268 ], [ 106.620849553224545, -6.166173476972473 ], [ 106.621023191598525, -6.165979199427686 ], [ 106.621119572309439, -6.165843281695612 ], [ 106.621118689646437, -6.16555266042273 ], [ 106.621137165526264, -6.165261980256752 ], [ 106.621115630076346, -6.164545173317633 ], [ 106.621132635354058, -6.163770124334653 ], [ 106.621150405543972, -6.163246947132826 ], [ 106.621149052693269, -6.162801327809816 ], [ 106.62114822926776, -6.16253008126159 ], [ 106.620973356767493, -6.162317488705035 ], [ 106.620702104031679, -6.162240813589633 ], [ 106.620392075766802, -6.162144881222717 ], [ 106.620024148696658, -6.162107249400481 ], [ 106.619810618708655, -6.161914148706202 ], [ 106.619732303798173, -6.161623762424891 ], [ 106.619750663364925, -6.1612943325679 ], [ 106.619866108517115, -6.161061482540876 ], [ 106.619923419781529, -6.160809434161477 ], [ 106.619883763065147, -6.160499555494154 ], [ 106.619863875994469, -6.160325241386042 ], [ 106.619901770202006, -6.160053877049478 ], [ 106.619688769894481, -6.160035148990162 ], [ 106.619533550899448, -6.159919370644286 ], [ 106.619513429097381, -6.159667557398514 ], [ 106.619512783100859, -6.159454434912742 ], [ 106.619415169475602, -6.159183481967567 ], [ 106.619124736295845, -6.159164988659527 ], [ 106.61871850545468, -6.159263096341417 ], [ 106.618524805007013, -6.159224934196344 ], [ 106.618408244382337, -6.159089663134365 ], [ 106.618388592673298, -6.158992847953087 ], [ 106.618117869817539, -6.159090544040425 ], [ 106.617905339096779, -6.159226813448153 ], [ 106.617731290253104, -6.159285466224646 ], [ 106.617634088079342, -6.15915013623572 ], [ 106.617633149625078, -6.158840139596861 ], [ 106.617618012407462, -6.158712242862155 ], [ 106.618511863576742, -6.158333890637838 ], [ 106.619343472532066, -6.157775359229643 ], [ 106.619896834300349, -6.157058812407784 ], [ 106.620014311206816, -6.156542162919164 ], [ 106.620329829173727, -6.155905767735764 ], [ 106.620725068472296, -6.155388274950035 ], [ 106.620923109246405, -6.155268529104913 ], [ 106.621200390243729, -6.155108827726128 ], [ 106.621398551206823, -6.155028796202643 ], [ 106.622031870686925, -6.154510579684657 ], [ 106.622427709766313, -6.154191658441306 ], [ 106.622863710656787, -6.15403147407354 ], [ 106.62324925294287, -6.153998137319 ], [ 106.623475213266062, -6.154099081893849 ], [ 106.623865846756715, -6.154395090071049 ], [ 106.624331561569718, -6.154969490801146 ], [ 106.624513684705292, -6.155198585589483 ], [ 106.624964982834342, -6.155766277349441 ], [ 106.625505104326706, -6.156396174089738 ], [ 106.626194205339587, -6.157192788619778 ], [ 106.626790854098317, -6.1581011320312 ], [ 106.627629334731552, -6.159194483676093 ], [ 106.628095511088148, -6.159917475261659 ], [ 106.628710668958504, -6.160807183576744 ], [ 106.629716414673325, -6.161974317570841 ], [ 106.630731416030542, -6.163132132809572 ], [ 106.631588018503507, -6.164076820908611 ], [ 106.632370899611871, -6.16518890475981 ], [ 106.632967683239869, -6.166134384868665 ], [ 106.633582971367829, -6.167061232315217 ], [ 106.633745502798718, -6.167335137957024 ] ] ] ] } },
{ "type": "Feature", "properties": { "ID": 370, "KECAMATAN": "Tangerang", "PUSKESMAS": "Cikokol", "KELURAHAN": "Cikokol", "AREA": 5651437.5173749998, "PERIMETER": 10771.68763, "REGENCY": "Kota Tangerang", "HECTARES": 565.144, "X_COORD": 106.63571, "Y_COORD": -6.20324 }, "geometry": { "type": "MultiPolygon", "coordinates": [ [ [ [ 106.642875270502088, -6.193768001471172 ], [ 106.642852452437637, -6.193872991243069 ], [ 106.642760687074116, -6.194207617658558 ], [ 106.64250171069267, -6.194487038184688 ], [ 106.642150910842346, -6.19508251069945 ], [ 106.642040757367937, -6.195472917804919 ], [ 106.642023977561863, -6.196048781555286 ], [ 106.642340012941816, -6.196214974016086 ], [ 106.64254417197634, -6.196214341672619 ], [ 106.642897097545116, -6.196306121197135 ], [ 106.643138491308193, -6.19634252238017 ], [ 106.643324090401336, -6.196341947234531 ], [ 106.643583986584261, -6.196359716302944 ], [ 106.643918122368916, -6.1963772550888 ], [ 106.644159343605054, -6.196357932652076 ], [ 106.644419182204302, -6.196357126927923 ], [ 106.644660460872672, -6.196356378641612 ], [ 106.644920471992961, -6.19641129577851 ], [ 106.645681830474174, -6.196538955217283 ], [ 106.645997636477546, -6.19663084767978 ], [ 106.646694237101073, -6.19682371739199 ], [ 106.646898511126437, -6.196860232010383 ], [ 106.647102669939585, -6.196859597846597 ], [ 106.647437036061646, -6.196951431678735 ], [ 106.647771920970385, -6.197210434342213 ], [ 106.648143349477238, -6.197283577934122 ], [ 106.648458867686927, -6.197282597022432 ], [ 106.64890493952926, -6.197485529524129 ], [ 106.64916547032486, -6.197707613265633 ], [ 106.64955563214555, -6.197836420960138 ], [ 106.649704111357877, -6.197835958941558 ], [ 106.649852359699281, -6.197761199595609 ], [ 106.650055652748179, -6.197481949407466 ], [ 106.650369843025501, -6.197053758036212 ], [ 106.650424946534315, -6.197006191349272 ], [ 106.650456863563036, -6.197142667315547 ], [ 106.650229217761705, -6.197921827946365 ], [ 106.65012136657819, -6.198470369340445 ], [ 106.650034949264338, -6.198865346443784 ], [ 106.650036380573852, -6.199325834765313 ], [ 106.650213918639011, -6.200048913457025 ], [ 106.650293982562374, -6.201134111208679 ], [ 106.650470840164544, -6.201637909430191 ], [ 106.650823192168758, -6.202206945324892 ], [ 106.6511971149815, -6.202666272477319 ], [ 106.651374452070556, -6.20332356598523 ], [ 106.651178411555733, -6.203696956740274 ], [ 106.650741210707864, -6.204027242773944 ], [ 106.650621142436435, -6.204170150405563 ], [ 106.650402439349264, -6.204302401304442 ], [ 106.650117729474545, -6.204347144922062 ], [ 106.649745238049391, -6.20434830540385 ], [ 106.649395339725032, -6.204568677562878 ], [ 106.649023870681603, -6.204898757906276 ], [ 106.648784141718963, -6.205316140865507 ], [ 106.648523660005452, -6.206106368480578 ], [ 106.648512705595735, -6.206171423179811 ], [ 106.648340788005925, -6.207192385738225 ], [ 106.648342356147111, -6.207696730364012 ], [ 106.648237162979854, -6.209100465292301 ], [ 106.648099068828401, -6.210493338646081 ], [ 106.648034971119557, -6.211019816076461 ], [ 106.64792677742868, -6.211458717929887 ], [ 106.647906093607418, -6.2118534907021 ], [ 106.647885614476976, -6.21231404756089 ], [ 106.647690388061463, -6.212950574794271 ], [ 106.647670113606637, -6.21347691577643 ], [ 106.647646399306041, -6.213653021813373 ], [ 106.647645259223438, -6.213661488241675 ], [ 106.64679391963648, -6.213567358007807 ], [ 106.645600107666567, -6.213691679739676 ], [ 106.644942961048997, -6.213759509108372 ], [ 106.643869763692621, -6.213916344364814 ], [ 106.643059301912402, -6.214006576407667 ], [ 106.642193890164108, -6.214042157183358 ], [ 106.641361243616799, -6.214044742402313 ], [ 106.640243607913277, -6.214004353757164 ], [ 106.639432532967476, -6.213897227354547 ], [ 106.638511831304683, -6.213768510971327 ], [ 106.637525597737408, -6.21370578084935 ], [ 106.636451581239314, -6.21359946375421 ], [ 106.635761258093595, -6.213568706970979 ], [ 106.634906697791621, -6.213571349610897 ], [ 106.633153684804057, -6.213554837903938 ], [ 106.632255232154662, -6.213535683392184 ], [ 106.631357116895117, -6.213626168383497 ], [ 106.630524736519092, -6.213716449245727 ], [ 106.629932778736944, -6.213608631973947 ], [ 106.629230924420696, -6.213391510354901 ], [ 106.628726412062051, -6.213217636827788 ], [ 106.627893154618462, -6.213022846276853 ], [ 106.627015939024815, -6.212784332552017 ], [ 106.625897828, -6.212590414696827 ], [ 106.625327513863454, -6.212394811224743 ], [ 106.625069921265975, -6.212351433735766 ], [ 106.624602719006333, -6.212340881264108 ], [ 106.623840619365509, -6.212292386705125 ], [ 106.622926208623383, -6.212269775774242 ], [ 106.620982511096827, -6.212034270414284 ], [ 106.620270663030837, -6.21180769441224 ], [ 106.620066855999681, -6.211604979082753 ], [ 106.620052946471347, -6.211584236947749 ], [ 106.620174245054855, -6.211428763982599 ], [ 106.620560340208471, -6.211401816856042 ], [ 106.620997846262256, -6.211348947429938 ], [ 106.621847349533184, -6.211320579218945 ], [ 106.622593636064863, -6.211215232831578 ], [ 106.62318545276166, -6.211110359435553 ], [ 106.623442506821334, -6.21098074834642 ], [ 106.623621615617608, -6.210619496202431 ], [ 106.623620273576151, -6.210181504429466 ], [ 106.623308415584503, -6.209229175958195 ], [ 106.622427651359075, -6.207454127812751 ], [ 106.622270896853649, -6.206707438205324 ], [ 106.622011400904441, -6.206038356640971 ], [ 106.622060762396089, -6.205342564243952 ], [ 106.622213811535929, -6.204878334630806 ], [ 106.622649498962332, -6.204232887748892 ], [ 106.622905131467618, -6.203639521449694 ], [ 106.623001804545339, -6.203438751413006 ], [ 106.623425152142929, -6.20255844596608 ], [ 106.62343072703068, -6.20240542935191 ], [ 106.623690221488644, -6.201911242640603 ], [ 106.624152274316828, -6.201271319947802 ], [ 106.624643593019783, -6.200718376442365 ], [ 106.625250912046951, -6.200165076998106 ], [ 106.625799962524127, -6.19952488692307 ], [ 106.626203832705841, -6.198827096048086 ], [ 106.626462700991141, -6.198129750021279 ], [ 106.626286033074933, -6.197259602213354 ], [ 106.626041202503515, -6.195813167077011 ], [ 106.626498010977642, -6.19592016972218 ], [ 106.627110549444865, -6.19593686537302 ], [ 106.628057225395111, -6.195971109296935 ], [ 106.628985227058891, -6.19596825947584 ], [ 106.629764805115613, -6.195984438882904 ], [ 106.630896966149322, -6.195980958231408 ], [ 106.631658154727845, -6.196052915391385 ], [ 106.632289309036835, -6.19608812235399 ], [ 106.633104863853603, -6.195732692925504 ], [ 106.634420507512985, -6.195041378013341 ], [ 106.635624844849076, -6.19436897856921 ], [ 106.636922206920204, -6.193770588618356 ], [ 106.638247376544612, -6.193162823068109 ], [ 106.639007069643597, -6.192751835395362 ], [ 106.639525770440443, -6.192434464627195 ], [ 106.63963793160589, -6.192694162414287 ], [ 106.639619830271272, -6.192842815136127 ], [ 106.639620346075873, -6.193009984922876 ], [ 106.639806173610836, -6.193083708991438 ], [ 106.640010503683683, -6.193138801192007 ], [ 106.640196273952114, -6.193193950682073 ], [ 106.640363255054339, -6.193174859828305 ], [ 106.640584940717545, -6.192839831751623 ], [ 106.640715031443222, -6.192895153239923 ], [ 106.640956653141302, -6.193005853503484 ], [ 106.641551657348785, -6.193356929886004 ], [ 106.642183494842158, -6.193615018501275 ], [ 106.64285210784027, -6.19376154490362 ], [ 106.642875270502088, -6.193768001471172 ] ] ] ] } },
{ "type": "Feature", "properties": { "ID": 366, "KECAMATAN": "Benda", "PUSKESMAS": "Jurumudi Baru", "KELURAHAN": "Pajang", "AREA": 493461.27061800001, "PERIMETER": 3442.10778, "REGENCY": "Kota Tangerang", "HECTARES": 49.346, "X_COORD": 106.67305, "Y_COORD": -6.1354 }, "geometry": { "type": "MultiPolygon", "coordinates": [ [ [ [ 106.678554850501399, -6.131028350671104 ], [ 106.678228030161819, -6.1314544265444 ], [ 106.678032458157801, -6.13173029594371 ], [ 106.67783737768714, -6.132163453425751 ], [ 106.677681276260714, -6.132498182808847 ], [ 106.677446662899271, -6.13285281926977 ], [ 106.677270671971073, -6.133108966091841 ], [ 106.677193450651956, -6.133541754527275 ], [ 106.676998061898544, -6.133876606940809 ], [ 106.676822070513055, -6.134132753756019 ], [ 106.676382521463466, -6.134910747909374 ], [ 106.675638958804484, -6.135837152723482 ], [ 106.6753458425312, -6.136329600669597 ], [ 106.675110857897167, -6.13656627071445 ], [ 106.674738245878487, -6.136764048820889 ], [ 106.674247711188983, -6.136942534330644 ], [ 106.673717704963877, -6.137062159165995 ], [ 106.672755663688037, -6.137222456292719 ], [ 106.672284709682501, -6.137381217841477 ], [ 106.67208870353204, -6.137519458964944 ], [ 106.672089316628188, -6.137716069632462 ], [ 106.672090052369967, -6.137952002431451 ], [ 106.672090486502071, -6.138111575063773 ], [ 106.672090849456097, -6.138207596294539 ], [ 106.672091891850528, -6.138541834419399 ], [ 106.672053095249126, -6.138699245696207 ], [ 106.67179772868954, -6.138700043494322 ], [ 106.671640763933965, -6.138759517597869 ], [ 106.671464339439609, -6.138878036234832 ], [ 106.671288221331551, -6.139094860203152 ], [ 106.671014130176744, -6.139390635173437 ], [ 106.670837766600727, -6.139528814773088 ], [ 106.67068104655705, -6.139666933005805 ], [ 106.670268836614312, -6.139766526258706 ], [ 106.670013224294024, -6.139688678999239 ], [ 106.669659026392196, -6.13949317154223 ], [ 106.669403108079109, -6.139317018468422 ], [ 106.669049032999922, -6.13916083267029 ], [ 106.668704932887849, -6.139053768703561 ], [ 106.668291927206781, -6.138897766055718 ], [ 106.668036254193623, -6.138800256551963 ], [ 106.667780520082871, -6.138683085791064 ], [ 106.667544613136982, -6.138624837005837 ], [ 106.667543451263299, -6.138251275879542 ], [ 106.667541861447674, -6.137740086961053 ], [ 106.667717675369133, -6.13742495837112 ], [ 106.667793314690684, -6.136480980254273 ], [ 106.667811246349913, -6.135930407954802 ], [ 106.667829667179518, -6.135537124543474 ], [ 106.667750909762077, -6.135478385951305 ], [ 106.667715756874699, -6.135484362606979 ], [ 106.66785248431475, -6.135379872813227 ], [ 106.670825340444381, -6.134188369073043 ], [ 106.675166329625625, -6.132354169646907 ], [ 106.678280733833546, -6.131114901425166 ], [ 106.678554850501399, -6.131028350671104 ] ] ] ] } },
{ "type": "Feature", "properties": { "ID": 366, "KECAMATAN": "Bandara Soetta", "PUSKESMAS": "Bandara Soetta", "KELURAHAN": "Bandara Soetta", "AREA": 17288232.210735999, "PERIMETER": 19032.264445000001, "REGENCY": "Kota Tangerang", "HECTARES": 1728.823, "X_COORD": 106.65938, "Y_COORD": -6.12476 }, "geometry": { "type": "MultiPolygon", "coordinates": [ [ [ [ 106.671264221046357, -6.104987941085568 ], [ 106.671317836570907, -6.105006447429946 ], [ 106.671883325873992, -6.104786724953832 ], [ 106.672666164428051, -6.104435547068 ], [ 106.673448798767765, -6.104018979286641 ], [ 106.676036629553778, -6.102899303165517 ], [ 106.677102135228708, -6.102416460977292 ], [ 106.678037257439783, -6.102021209636844 ], [ 106.679081254748894, -6.101625617482044 ], [ 106.680364371387398, -6.101098498582161 ], [ 106.680842885297551, -6.100922633141331 ], [ 106.681325542959158, -6.102076339057854 ], [ 106.682049364390281, -6.103752405349408 ], [ 106.682817082659, -6.105537314302964 ], [ 106.683189579963511, -6.106277228242024 ], [ 106.683518663609462, -6.107060870387427 ], [ 106.683759897041398, -6.107605026269836 ], [ 106.683782285560568, -6.10780112412117 ], [ 106.683782966655301, -6.108019086365487 ], [ 106.683347863733999, -6.108151227070719 ], [ 106.682086172435405, -6.108569307441204 ], [ 106.680868029742214, -6.108987249247483 ], [ 106.680411285061368, -6.109163048573907 ], [ 106.679823818013446, -6.109317459519019 ], [ 106.679628176774557, -6.109427053098243 ], [ 106.679563257486976, -6.109558034786117 ], [ 106.679236622239358, -6.109559055010564 ], [ 106.678671133569694, -6.109778785734822 ], [ 106.678977963597561, -6.110409925842004 ], [ 106.679548006761578, -6.11165054471824 ], [ 106.680634037479862, -6.114251828023477 ], [ 106.681094189697831, -6.115165839838226 ], [ 106.681489629013242, -6.116276221511965 ], [ 106.681775577444981, -6.117190777249474 ], [ 106.682049923632022, -6.11787650617096 ], [ 106.682289732150792, -6.117962940689358 ], [ 106.683072508395696, -6.117589948190877 ], [ 106.683790569422172, -6.117413325632024 ], [ 106.684465282583304, -6.117302227481039 ], [ 106.684922918565178, -6.117409773876868 ], [ 106.685162931785655, -6.117561595646531 ], [ 106.685251469430767, -6.118019042488362 ], [ 106.685255566829838, -6.119326814438758 ], [ 106.685347862465534, -6.120983051956063 ], [ 106.685587071072149, -6.124349845588206 ], [ 106.685587845918022, -6.124596869083017 ], [ 106.685643308328352, -6.124587437640177 ], [ 106.685668182420002, -6.124895624224357 ], [ 106.685682309011028, -6.125070650328139 ], [ 106.685786137821765, -6.126859486866456 ], [ 106.68586785709013, -6.127861947498077 ], [ 106.685711082996278, -6.127980407265968 ], [ 106.685397349479445, -6.128158343902537 ], [ 106.685142606620943, -6.128355756105702 ], [ 106.684711137522541, -6.128573384840742 ], [ 106.684318954190715, -6.128790889875009 ], [ 106.68378933039476, -6.129028487630735 ], [ 106.682877250508113, -6.129454066970933 ], [ 106.682072744230638, -6.129731848780364 ], [ 106.68132710476435, -6.129989783749715 ], [ 106.680522719410192, -6.130306885638635 ], [ 106.679836130543393, -6.130603956123672 ], [ 106.679228052108499, -6.130881118703031 ], [ 106.678914129491616, -6.13100006956899 ], [ 106.678756983652349, -6.131000561934432 ], [ 106.678587404404354, -6.131018071953966 ], [ 106.678560612815389, -6.131020838332637 ], [ 106.678554850501399, -6.131028350671104 ], [ 106.678280733833546, -6.131114901425166 ], [ 106.675166329625625, -6.132354169646907 ], [ 106.670825340444381, -6.134188369073043 ], [ 106.66785248431475, -6.135379872813227 ], [ 106.667715756874699, -6.135484362606979 ], [ 106.667515309922692, -6.135518442335057 ], [ 106.667103285034727, -6.135677015812671 ], [ 106.666436321529233, -6.135974011783386 ], [ 106.665926139115953, -6.136152551365209 ], [ 106.665308130333088, -6.136400240603225 ], [ 106.664817773560188, -6.136637701653244 ], [ 106.664425390129068, -6.13679621242177 ], [ 106.663934849418183, -6.136974689415573 ], [ 106.663601274168727, -6.137093694225969 ], [ 106.663287464302314, -6.137251960141976 ], [ 106.663032585085148, -6.137410042836391 ], [ 106.662777400861032, -6.137469819646904 ], [ 106.662404476654629, -6.137569284740973 ], [ 106.66226751974952, -6.137746662272127 ], [ 106.662151486370874, -6.138336863281201 ], [ 106.662073825971078, -6.138632024804701 ], [ 106.661955963899686, -6.138632390833181 ], [ 106.66168070862058, -6.13855460011625 ], [ 106.661287652231195, -6.138496836282595 ], [ 106.660697976313472, -6.138380698176555 ], [ 106.660560592320635, -6.138420447200365 ], [ 106.660050647843235, -6.138677627069657 ], [ 106.659560650813063, -6.139033051623014 ], [ 106.659050826792352, -6.13932955321295 ], [ 106.658315251048435, -6.139675907628398 ], [ 106.657844469799883, -6.139893641814068 ], [ 106.657393271064421, -6.140091653624675 ], [ 106.656510151547124, -6.140369648222099 ], [ 106.655960550372299, -6.140508979482267 ], [ 106.655371600405473, -6.140628770584498 ], [ 106.654821998372469, -6.140768100824235 ], [ 106.653958579886606, -6.141065692340566 ], [ 106.652976872382609, -6.141226018140508 ], [ 106.652545495524919, -6.141482949714781 ], [ 106.651779808379601, -6.141622944766092 ], [ 106.651269673037049, -6.141821134369322 ], [ 106.650642218825254, -6.142196638827743 ], [ 106.650093097167343, -6.142493255228425 ], [ 106.649512789576022, -6.142688852861654 ], [ 106.649503630814522, -6.142649681172419 ], [ 106.649321354182064, -6.14265024331184 ], [ 106.649162142896117, -6.142741953903462 ], [ 106.647387048120493, -6.143431572446583 ], [ 106.645976151990041, -6.144006040578472 ], [ 106.644496967869117, -6.144603520772015 ], [ 106.643450200085354, -6.14504003381341 ], [ 106.642888852903837, -6.145250039031614 ], [ 106.640776029608446, -6.146040265113116 ], [ 106.639205621555931, -6.146615208628462 ], [ 106.638113552512252, -6.147143072406492 ], [ 106.636861707395838, -6.147580203746722 ], [ 106.636247280845581, -6.147832940890391 ], [ 106.635678353812324, -6.148062733150335 ], [ 106.63492686767006, -6.148201863271043 ], [ 106.634175520111128, -6.14838660215718 ], [ 106.633469672204114, -6.148548395946324 ], [ 106.633128036142125, -6.148595050405175 ], [ 106.633087012658834, -6.148554241179508 ], [ 106.632922344829524, -6.148390433267199 ], [ 106.63289809894188, -6.147911600528651 ], [ 106.632994336660246, -6.145847446060293 ], [ 106.633081582042877, -6.144570094632376 ], [ 106.633101307675688, -6.143566610502797 ], [ 106.633166394717648, -6.142494572579836 ], [ 106.633283752833961, -6.139883031591149 ], [ 106.633286546619146, -6.139835221311731 ], [ 106.633370722403384, -6.138514460774598 ], [ 106.633391144936681, -6.137739025399867 ], [ 106.633436019361142, -6.137510837563851 ], [ 106.63352632390307, -6.13723690092033 ], [ 106.633594121738994, -6.137054253318009 ], [ 106.633593079740706, -6.136712180173463 ], [ 106.633591759961178, -6.136278887517079 ], [ 106.633590509731334, -6.135868399730684 ], [ 106.633680119590721, -6.135366414374387 ], [ 106.633869029934914, -6.133803689517054 ], [ 106.63398052132159, -6.133005171358066 ], [ 106.633908210864831, -6.131705501895369 ], [ 106.633951349811738, -6.130907192233476 ], [ 106.634038877488393, -6.12972106072799 ], [ 106.634103829495359, -6.128603413349919 ], [ 106.634146691578607, -6.127713884216756 ], [ 106.634167047335026, -6.126915644042498 ], [ 106.634324385153306, -6.126208206757508 ], [ 106.634437403494374, -6.12591139616345 ], [ 106.634702922719384, -6.124652473741349 ], [ 106.634681933525286, -6.124605482498192 ], [ 106.634767887347309, -6.123740731056018 ], [ 106.634983345277107, -6.121767265220803 ], [ 106.635045401218676, -6.120326260384402 ], [ 106.635509651983654, -6.120058849291603 ], [ 106.636328435275445, -6.119856856460474 ], [ 106.638230463878941, -6.119030899641659 ], [ 106.639601869966938, -6.118494720714437 ], [ 106.640840331665189, -6.117936778926513 ], [ 106.641614478523607, -6.117624084147394 ], [ 106.642532536133274, -6.117299865173851 ], [ 106.642620103010088, -6.116967102578713 ], [ 106.642609455367349, -6.116870501467339 ], [ 106.642985541229521, -6.116647435150361 ], [ 106.643812103726574, -6.116334297078289 ], [ 106.645516944273794, -6.115707859444414 ], [ 106.646833964675437, -6.115108490491898 ], [ 106.649429720851515, -6.114078108723829 ], [ 106.65128930351537, -6.113321761431438 ], [ 106.653381534673144, -6.112538809421623 ], [ 106.656506618338355, -6.11126087434366 ], [ 106.660031982120714, -6.109813444080441 ], [ 106.660400354880011, -6.109663212915375 ], [ 106.662717980180858, -6.10871802325508 ], [ 106.665016558973946, -6.107779094198718 ], [ 106.667030999356669, -6.10694457318969 ], [ 106.668981225386503, -6.10625260615866 ], [ 106.670866516829051, -6.105470241981102 ], [ 106.671279776629945, -6.105313656078572 ], [ 106.671264221046357, -6.104987941085568 ] ] ] ] } },
{ "type": "Feature", "properties": { "ID": 75, "KECAMATAN": "Benda", "PUSKESMAS": "Benda", "KELURAHAN": "Jurumudi", "AREA": 2760832.6696290001, "PERIMETER": 7863.169025, "REGENCY": "Kota Tangerang", "HECTARES": 276.083, "X_COORD": 106.68199, "Y_COORD": -6.13493 }, "geometry": { "type": "MultiPolygon", "coordinates": [ [ [ [ 106.673142126319988, -6.143979653390884 ], [ 106.673170187668006, -6.143552976431745 ], [ 106.67308129462819, -6.142943784652124 ], [ 106.673050757436044, -6.142450499765165 ], [ 106.67296141200319, -6.141696197372845 ], [ 106.673045683159813, -6.140825262429503 ], [ 106.67310177339597, -6.140215617056865 ], [ 106.673272761927009, -6.139257343882431 ], [ 106.673183961388659, -6.138677173960795 ], [ 106.673096247984134, -6.138445269138836 ], [ 106.672922179784308, -6.13841679089719 ], [ 106.672399794151346, -6.138273311585154 ], [ 106.672090486502071, -6.138111575063773 ], [ 106.672090052369967, -6.137952002431451 ], [ 106.672089316628188, -6.137716069632462 ], [ 106.67208870353204, -6.137519458964944 ], [ 106.672284709682501, -6.137381217841477 ], [ 106.672755663688037, -6.137222456292719 ], [ 106.673717704963877, -6.137062159165995 ], [ 106.674247711188983, -6.136942534330644 ], [ 106.674738245878487, -6.136764048820889 ], [ 106.675110857897167, -6.13656627071445 ], [ 106.6753458425312, -6.136329600669597 ], [ 106.675638958804484, -6.135837152723482 ], [ 106.676382521463466, -6.134910747909374 ], [ 106.676822070513055, -6.134132753756019 ], [ 106.676998061898544, -6.133876606940809 ], [ 106.677193450651956, -6.133541754527275 ], [ 106.677270671971073, -6.133108966091841 ], [ 106.677446662899271, -6.13285281926977 ], [ 106.677681276260714, -6.132498182808847 ], [ 106.67783737768714, -6.132163453425751 ], [ 106.678032458157801, -6.13173029594371 ], [ 106.678228030161819, -6.1314544265444 ], [ 106.678554850501399, -6.131028350671104 ], [ 106.678560612815389, -6.131020838332637 ], [ 106.678587404404354, -6.131018071953966 ], [ 106.678756983652349, -6.131000561934432 ], [ 106.678914129491616, -6.13100006956899 ], [ 106.679228052108499, -6.130881118703031 ], [ 106.679836130543393, -6.130603956123672 ], [ 106.680522719410192, -6.130306885638635 ], [ 106.68132710476435, -6.129989783749715 ], [ 106.682072744230638, -6.129731848780364 ], [ 106.682877250508113, -6.129454066970933 ], [ 106.68378933039476, -6.129028487630735 ], [ 106.684318954190715, -6.128790889875009 ], [ 106.684711137522541, -6.128573384840742 ], [ 106.685142606620943, -6.128355756105702 ], [ 106.685397349479445, -6.128158343902537 ], [ 106.685711082996278, -6.127980407265968 ], [ 106.68586785709013, -6.127861947498077 ], [ 106.685786137821765, -6.126859486866456 ], [ 106.685682309011028, -6.125070650328139 ], [ 106.685668182420002, -6.124895624224357 ], [ 106.685643308328352, -6.124587437640177 ], [ 106.686153731241774, -6.12450063939838 ], [ 106.686589255429311, -6.124499270126766 ], [ 106.686937537860885, -6.124454582104161 ], [ 106.687416477341486, -6.124409482857121 ], [ 106.687829745774934, -6.124255607944209 ], [ 106.687987188020173, -6.124238944406752 ], [ 106.687918973731655, -6.124418143759707 ], [ 106.687919546134168, -6.124600374305075 ], [ 106.687921131877687, -6.125105184077756 ], [ 106.687884208704048, -6.125283509337666 ], [ 106.687784884218573, -6.125737616569502 ], [ 106.687585363855433, -6.126368514865732 ], [ 106.687536255905684, -6.126772042472315 ], [ 106.687387189587156, -6.127427992861733 ], [ 106.687162480993251, -6.128058970544915 ], [ 106.687163748225785, -6.128462339667053 ], [ 106.687342042252752, -6.129092048884051 ], [ 106.687368418311991, -6.129470128087889 ], [ 106.687470040694066, -6.129747127094655 ], [ 106.687596296231789, -6.129847572793532 ], [ 106.687676276304501, -6.129838423000712 ], [ 106.687747581031815, -6.129897518004786 ], [ 106.68787391590476, -6.130023174173159 ], [ 106.688000092305501, -6.130098409179821 ], [ 106.688303058498136, -6.130324352030223 ], [ 106.688480086234378, -6.130550691479692 ], [ 106.688783925301891, -6.131053949940496 ], [ 106.688961112174766, -6.131330710190785 ], [ 106.68906352927695, -6.131859813975135 ], [ 106.689341943994805, -6.132287519543937 ], [ 106.689595012636801, -6.132664883217231 ], [ 106.689922851264626, -6.132789902979686 ], [ 106.690175047112362, -6.132889950404756 ], [ 106.690427401861342, -6.133040418730699 ], [ 106.690881338834245, -6.133215461353582 ], [ 106.691234365751555, -6.133340400620449 ], [ 106.691360622780863, -6.133440844993048 ], [ 106.691550525018727, -6.133755379771034 ], [ 106.69155139931533, -6.134032695353877 ], [ 106.691426731681346, -6.13443646125471 ], [ 106.691377389188219, -6.13476435697944 ], [ 106.691453906766483, -6.135066644400132 ], [ 106.691580720822515, -6.135343562132587 ], [ 106.69175846751402, -6.135796794150309 ], [ 106.691885997728491, -6.136300606221648 ], [ 106.691811865340156, -6.136754634045539 ], [ 106.691662089370951, -6.137183690191871 ], [ 106.69136078745197, -6.137487171396676 ], [ 106.691500156636337, -6.137751443930656 ], [ 106.691450496318197, -6.137978497675245 ], [ 106.691074265862511, -6.138483901751412 ], [ 106.690546747111469, -6.138939362167633 ], [ 106.690170674181616, -6.13949518705097 ], [ 106.689079796541236, -6.141023884106946 ], [ 106.688327247451639, -6.142009480594925 ], [ 106.688101664912608, -6.142363143728984 ], [ 106.687926061622122, -6.1425905951213 ], [ 106.687700319795681, -6.142893837119537 ], [ 106.687449627619785, -6.143272790226981 ], [ 106.687446322260939, -6.143370435912823 ], [ 106.686971854991782, -6.143306459258524 ], [ 106.685898990554264, -6.143309842630112 ], [ 106.684275377075963, -6.143373003170598 ], [ 106.683376854124461, -6.143491921288852 ], [ 106.682970904594484, -6.143493199046526 ], [ 106.682651670711536, -6.143407136933453 ], [ 106.682333166016704, -6.143553250238655 ], [ 106.681753602163369, -6.143671162251827 ], [ 106.681478454946145, -6.143773605409485 ], [ 106.680582114854701, -6.144589046697691 ], [ 106.679945648429026, -6.145055403310544 ], [ 106.679395260368807, -6.145231266220889 ], [ 106.67840983235071, -6.145379472403673 ], [ 106.677960521890057, -6.145424416330877 ], [ 106.677323233390354, -6.145629572456264 ], [ 106.676279083038011, -6.145545780688929 ], [ 106.675002142531042, -6.14520151511857 ], [ 106.67468299829342, -6.145144470245724 ], [ 106.674796534399619, -6.144360511125697 ], [ 106.674967337578153, -6.143344193885885 ], [ 106.674996061860611, -6.143257036870357 ], [ 106.673750571930242, -6.143696271990979 ], [ 106.673142126319988, -6.143979653390884 ] ] ] ] } },
{ "type": "Feature", "properties": { "ID": 140, "KECAMATAN": "Cibodas", "PUSKESMAS": "Baja", "KELURAHAN": "Jatiuwung", "AREA": 906161.92995200003, "PERIMETER": 3852.73679, "REGENCY": "Kota Tangerang", "HECTARES": 90.616, "X_COORD": 106.5937, "Y_COORD": -6.19378 }, "geometry": { "type": "MultiPolygon", "coordinates": [ [ [ [ 106.591933401879814, -6.188833121768646 ], [ 106.592625036949357, -6.18884435804822 ], [ 106.593730058155657, -6.189002811332031 ], [ 106.594942758190868, -6.189133977124688 ], [ 106.595804753981483, -6.189104425209425 ], [ 106.597030397136805, -6.189060297362739 ], [ 106.598201227775093, -6.188706274632888 ], [ 106.598537773104908, -6.188637857734649 ], [ 106.598552951111827, -6.188644102567268 ], [ 106.598565541157939, -6.188668336003119 ], [ 106.598736844384234, -6.189081156240722 ], [ 106.598511201507478, -6.190795964708748 ], [ 106.598464367328049, -6.19137963903249 ], [ 106.598299863112786, -6.193227989916764 ], [ 106.598301252676009, -6.193689949566982 ], [ 106.598496414047702, -6.193956814265093 ], [ 106.598740311187029, -6.194272159717303 ], [ 106.598911324753729, -6.194587724684994 ], [ 106.59876658138576, -6.194928555293356 ], [ 106.598840123924774, -6.195147158516756 ], [ 106.59898662372207, -6.195389855635018 ], [ 106.598841880321544, -6.1957306862979 ], [ 106.598357303656343, -6.196169796884483 ], [ 106.596939535625935, -6.197328978506452 ], [ 106.596406366215518, -6.197768234422719 ], [ 106.595606464221021, -6.198378490316463 ], [ 106.595055244386202, -6.19891846713289 ], [ 106.59481815989453, -6.19880635614526 ], [ 106.594306507318095, -6.198321616736735 ], [ 106.593502660902232, -6.197618929484155 ], [ 106.593550812766097, -6.197472901127303 ], [ 106.5935501560907, -6.197254077658445 ], [ 106.593258399462755, -6.197182012644067 ], [ 106.592528898702071, -6.196965378718825 ], [ 106.5922856589617, -6.19686885341871 ], [ 106.592091592033782, -6.19696669198479 ], [ 106.591556887375006, -6.196895355369849 ], [ 106.590511408824611, -6.196631038759497 ], [ 106.589878069352707, -6.196073716523873 ], [ 106.589682037248565, -6.195515082566907 ], [ 106.589582675442415, -6.194785960809485 ], [ 106.58948222311362, -6.193692132391112 ], [ 106.589480477575236, -6.193108601894961 ], [ 106.588870929828033, -6.192381007803872 ], [ 106.588418170908028, -6.192096722176823 ], [ 106.589161245224204, -6.191396343210799 ], [ 106.589885484369731, -6.190650975632966 ], [ 106.590657958786821, -6.18984083709795 ], [ 106.591060338650991, -6.189435719242089 ], [ 106.59159176928317, -6.188997901411756 ], [ 106.591933401879814, -6.188833121768646 ] ] ] ] } },
{ "type": "Feature", "properties": { "ID": 140, "KECAMATAN": "Jatiuwung", "PUSKESMAS": "Jatiuwung", "KELURAHAN": "Keroncong", "AREA": 1707702.2587250001, "PERIMETER": 6420.508789, "REGENCY": "Kota Tangerang", "HECTARES": 170.77, "X_COORD": 106.58528, "Y_COORD": -6.18751 }, "geometry": { "type": "MultiPolygon", "coordinates": [ [ [ [ 106.578756279445173, -6.196635083153812 ], [ 106.578582110851031, -6.196496488034626 ], [ 106.578630050336329, -6.196277518317483 ], [ 106.578726146057335, -6.195912520581532 ], [ 106.578701128472673, -6.19566945394743 ], [ 106.57901558911756, -6.195206549727343 ], [ 106.579547980150153, -6.194499855489106 ], [ 106.579668803769309, -6.194280668774246 ], [ 106.579643424593428, -6.193916032828399 ], [ 106.579934022597115, -6.193599084145152 ], [ 106.580151735892329, -6.193282352470539 ], [ 106.58056402408333, -6.193037983437208 ], [ 106.580708707877122, -6.192672841041666 ], [ 106.580951149103399, -6.192501920102447 ], [ 106.581266112653097, -6.192209212553695 ], [ 106.581362061733302, -6.1917955871982 ], [ 106.581189756596729, -6.191042363967935 ], [ 106.581213255716818, -6.190774839008938 ], [ 106.581296298193763, -6.190105954247655 ], [ 106.581295430404069, -6.18981418780056 ], [ 106.581100567319893, -6.189644569624289 ], [ 106.581319218823012, -6.189643918334933 ], [ 106.581513069447894, -6.189473142256929 ], [ 106.581512346262329, -6.189230003570906 ], [ 106.58139022252152, -6.189011540597344 ], [ 106.581584217570295, -6.188889392290339 ], [ 106.581681178897057, -6.188816161185008 ], [ 106.581704750268884, -6.18857295013782 ], [ 106.581607065850633, -6.188403042553752 ], [ 106.581509598421277, -6.1883060765435 ], [ 106.58150822465754, -6.187844113017358 ], [ 106.581117054759304, -6.187018598856163 ], [ 106.580701519624725, -6.186168842494315 ], [ 106.580285769437253, -6.185246143782232 ], [ 106.579748043847545, -6.184153608285425 ], [ 106.579295675715244, -6.183170231492367 ], [ 106.579124028400429, -6.182635831026004 ], [ 106.579487793797156, -6.182415922984667 ], [ 106.579997180242614, -6.182146953663004 ], [ 106.580579232315074, -6.18180482558852 ], [ 106.58116106690521, -6.181389755423034 ], [ 106.581815927602918, -6.181023095719222 ], [ 106.582300149937552, -6.180462430697104 ], [ 106.582662322476295, -6.179707616179022 ], [ 106.582975978256073, -6.178977260162186 ], [ 106.583264183069261, -6.177857954756586 ], [ 106.583505533585551, -6.1773223266531 ], [ 106.583772261857803, -6.177151334019922 ], [ 106.583812764852439, -6.177121731886356 ], [ 106.584076768349775, -6.177430038987773 ], [ 106.584418620144803, -6.178012558198327 ], [ 106.585077525687566, -6.179007470919013 ], [ 106.585444832135479, -6.179978937766603 ], [ 106.585737882043034, -6.180488658697251 ], [ 106.586030353193024, -6.180803868729677 ], [ 106.58659035027587, -6.181215536207856 ], [ 106.587321204814032, -6.181894146911455 ], [ 106.587686922837904, -6.18233070690931 ], [ 106.588113630930152, -6.182852183283884 ], [ 106.588211388199852, -6.183046403229295 ], [ 106.588239237792337, -6.184237706541854 ], [ 106.58821588687357, -6.184553858485875 ], [ 106.588726139623432, -6.184576646872199 ], [ 106.589139069922922, -6.184551097877272 ], [ 106.589260541345567, -6.184550734519992 ], [ 106.589237699416657, -6.185037082822253 ], [ 106.58923893400997, -6.185450417099299 ], [ 106.589360841424039, -6.18559593634238 ], [ 106.589773990301381, -6.185643327982859 ], [ 106.590162699505484, -6.185642164472879 ], [ 106.591378069829332, -6.185857350469148 ], [ 106.591434423243115, -6.185894706073768 ], [ 106.591485089276475, -6.186016810976557 ], [ 106.591970489531889, -6.186177125774395 ], [ 106.591825346212076, -6.187188619746503 ], [ 106.59180135166234, -6.188172789029831 ], [ 106.591924558586044, -6.188832978094878 ], [ 106.591933401879814, -6.188833121768646 ], [ 106.59159176928317, -6.188997901411756 ], [ 106.591060338650991, -6.189435719242089 ], [ 106.590657958786821, -6.18984083709795 ], [ 106.589885484369731, -6.190650975632966 ], [ 106.589161245224204, -6.191396343210799 ], [ 106.588418170908028, -6.192096722176823 ], [ 106.588408459485606, -6.192090624402486 ], [ 106.587778832752278, -6.192773301005753 ], [ 106.58695506454886, -6.193529500078641 ], [ 106.586325071296912, -6.194090606797164 ], [ 106.585282500572106, -6.194798830546079 ], [ 106.584555542138318, -6.195433167918373 ], [ 106.583658807766056, -6.196165267964795 ], [ 106.583113731093292, -6.196689647768422 ], [ 106.582482787815778, -6.196934671798686 ], [ 106.580589446902579, -6.197499543155296 ], [ 106.580501692952097, -6.197520577544133 ], [ 106.579254162751894, -6.197819605580714 ], [ 106.578999318212738, -6.197905464032147 ], [ 106.578779506394326, -6.197517092940286 ], [ 106.578851379320326, -6.197176481400861 ], [ 106.57882563863906, -6.196690275879118 ], [ 106.578756279445173, -6.196635083153812 ] ] ] ] } },
{ "type": "Feature", "properties": { "ID": 140, "KECAMATAN": "Cibodas", "PUSKESMAS": "Cibodasari", "KELURAHAN": "Cibodas", "AREA": 1486054.153188, "PERIMETER": 7008.131986, "REGENCY": "Kota Tangerang", "HECTARES": 148.605, "X_COORD": 106.60704, "Y_COORD": -6.1973 }, "geometry": { "type": "MultiPolygon", "coordinates": [ [ [ [ 106.604609909492112, -6.188215274475198 ], [ 106.604604675466845, -6.188217038131003 ], [ 106.604656927142571, -6.188699815658479 ], [ 106.604684855690962, -6.189538513819351 ], [ 106.604635825521797, -6.190123268063444 ], [ 106.604777850929878, -6.190898077061731 ], [ 106.604793598728278, -6.190989894253976 ], [ 106.604803631950247, -6.191025087360567 ], [ 106.604932307101151, -6.191583886530617 ], [ 106.604933151358836, -6.191863478109832 ], [ 106.604933381617684, -6.191939730358144 ], [ 106.605213059994057, -6.192040554981402 ], [ 106.605492431315383, -6.192039709793693 ], [ 106.605822827765294, -6.192114962960476 ], [ 106.605924570931492, -6.192165490322988 ], [ 106.605925799830885, -6.192572168774857 ], [ 106.605979360064254, -6.193487041504302 ], [ 106.606057319517831, -6.194071411055345 ], [ 106.606209934923413, -6.194147201863098 ], [ 106.606692410173764, -6.194120323107947 ], [ 106.607479501053433, -6.194041685700502 ], [ 106.608190245186563, -6.193912443427894 ], [ 106.6085705142969, -6.193682532059709 ], [ 106.60907784707635, -6.193477652725113 ], [ 106.609433256878319, -6.193425739451509 ], [ 106.609585410338298, -6.193349025074485 ], [ 106.609635050239746, -6.192967610624202 ], [ 106.610015856938588, -6.192915620010037 ], [ 106.610574445068622, -6.192863089504343 ], [ 106.610625856108939, -6.193066274061196 ], [ 106.610905535438363, -6.193167095245088 ], [ 106.611438649049077, -6.193089223563853 ], [ 106.611616122261324, -6.192987014232749 ], [ 106.611665991941123, -6.192681851967402 ], [ 106.613005203482047, -6.192608446791824 ], [ 106.613138805910211, -6.19260112356031 ], [ 106.613291575647423, -6.192727746802505 ], [ 106.613394406002698, -6.192898090263244 ], [ 106.613444731317102, -6.192981456522944 ], [ 106.613343682157023, -6.193159686616346 ], [ 106.612886761322301, -6.193237328532151 ], [ 106.612632864887985, -6.19326351789574 ], [ 106.612634870589361, -6.193924368161363 ], [ 106.612508886480853, -6.194255179328936 ], [ 106.612305707198587, -6.194255796931334 ], [ 106.612026412773417, -6.194282063332465 ], [ 106.612053584107528, -6.194866584607925 ], [ 106.611990668962306, -6.195057407516738 ], [ 106.611813041021037, -6.195108782472768 ], [ 106.611661890142528, -6.195515922801397 ], [ 106.611284166466731, -6.196584608335534 ], [ 106.610956542935256, -6.197424383593035 ], [ 106.610779608005274, -6.197704514466076 ], [ 106.610808707080849, -6.198924469445477 ], [ 106.610838346993603, -6.200322345673627 ], [ 106.611093172880828, -6.200601164246438 ], [ 106.611170677839937, -6.201033027192548 ], [ 106.61118557608485, -6.201757382446897 ], [ 106.611060902385887, -6.202520288491779 ], [ 106.610884738273725, -6.203054593083716 ], [ 106.610809393651522, -6.20333441543614 ], [ 106.610862118972364, -6.203969694225242 ], [ 106.611295967873247, -6.204654648615239 ], [ 106.611428745824625, -6.204811472628754 ], [ 106.611223697515172, -6.2049202732148 ], [ 106.610689873037259, -6.205140720747647 ], [ 106.610253523242292, -6.20545812638882 ], [ 106.609719328609216, -6.205557005592947 ], [ 106.609038699630162, -6.205437505563102 ], [ 106.608406881969088, -6.20539079759171 ], [ 106.608067857722006, -6.205756533700838 ], [ 106.607825644606891, -6.206000406902198 ], [ 106.607631800240455, -6.206171191880829 ], [ 106.607365144256306, -6.206366511649741 ], [ 106.60707404559615, -6.206513277985367 ], [ 106.607022791550236, -6.206585550690314 ], [ 106.60634482489445, -6.206393922150112 ], [ 106.605760564852559, -6.206006673916129 ], [ 106.605273706598837, -6.205692070913174 ], [ 106.604908618429008, -6.205474353448718 ], [ 106.604980914926998, -6.20527962393225 ], [ 106.605028916352893, -6.205084968056561 ], [ 106.604639607254398, -6.204891637482214 ], [ 106.603933654236243, -6.204431813748376 ], [ 106.603349471294862, -6.204068875409052 ], [ 106.603130228355539, -6.203875028514571 ], [ 106.60320179070527, -6.203437163137008 ], [ 106.603343445894239, -6.202075160473609 ], [ 106.603390052126954, -6.201418546290329 ], [ 106.603461173684167, -6.200834799395198 ], [ 106.603266741351646, -6.200811073885469 ], [ 106.602537748576097, -6.200764651362862 ], [ 106.602148883871607, -6.200717199554753 ], [ 106.601857051882959, -6.200620826457468 ], [ 106.601589221354843, -6.200427125265522 ], [ 106.601564853120138, -6.200402885069536 ], [ 106.601490106159559, -6.200478142899055 ], [ 106.601505309618531, -6.200377217167748 ], [ 106.601940838261612, -6.199938711406979 ], [ 106.602427138938438, -6.199294315824504 ], [ 106.602888673411599, -6.198958599118128 ], [ 106.603169708102897, -6.198417692010231 ], [ 106.603322025331792, -6.197800023161093 ], [ 106.603368449633692, -6.196153994253981 ], [ 106.603264498326908, -6.195768553394714 ], [ 106.602980204778135, -6.195229355492796 ], [ 106.603005280626689, -6.195023543591124 ], [ 106.603236473056924, -6.19499712779043 ], [ 106.603287478316361, -6.194868388558178 ], [ 106.603312165998517, -6.194533992793932 ], [ 106.603106049619655, -6.194354596681888 ], [ 106.602925785185903, -6.194226556366779 ], [ 106.602872374772929, -6.193558075322896 ], [ 106.602538551581944, -6.193636234885575 ], [ 106.602179341810213, -6.193817339036096 ], [ 106.601948072170316, -6.193818037463862 ], [ 106.601742421608307, -6.193792941407334 ], [ 106.601536150927075, -6.193562110870114 ], [ 106.601149616680232, -6.193203239080834 ], [ 106.601046210371862, -6.192997814825855 ], [ 106.601250388346614, -6.192534291966381 ], [ 106.601235796705552, -6.191955702635942 ], [ 106.601053596915605, -6.191184741156554 ], [ 106.600742141198751, -6.190156998828162 ], [ 106.600635716615812, -6.188948618496677 ], [ 106.600659710018377, -6.188382771084901 ], [ 106.600625454932157, -6.188370643711878 ], [ 106.60076373756597, -6.188324049166519 ], [ 106.601955629179656, -6.188187871106966 ], [ 106.603187382381037, -6.188091345138386 ], [ 106.604008537197188, -6.18802257356942 ], [ 106.604406006744341, -6.188034631037775 ], [ 106.604609909492112, -6.188215274475198 ] ] ] ] } },
{ "type": "Feature", "properties": { "ID": 140, "KECAMATAN": "Periuk", "PUSKESMAS": "Sangiang", "KELURAHAN": "Sangiang Jaya", "AREA": 1933379.4268469999, "PERIMETER": 6987.090516, "REGENCY": "Kota Tangerang", "HECTARES": 193.338, "X_COORD": 106.59961, "Y_COORD": -6.17934 }, "geometry": { "type": "MultiPolygon", "coordinates": [ [ [ [ 106.591434423243115, -6.185894706073768 ], [ 106.591478157886371, -6.1859236969269 ], [ 106.591608465781931, -6.185722933310791 ], [ 106.592019213706465, -6.184967969444718 ], [ 106.592405520916486, -6.184164450865715 ], [ 106.592791536148098, -6.183263677319614 ], [ 106.593212936454606, -6.182010245375659 ], [ 106.593356881941261, -6.181401965021347 ], [ 106.593573491148192, -6.180720525021441 ], [ 106.594008673428775, -6.180014115829597 ], [ 106.594323622170492, -6.179721404134747 ], [ 106.5948319759393, -6.179112031063712 ], [ 106.595643529346688, -6.178343707569201 ], [ 106.596273568388682, -6.17780691048627 ], [ 106.596975467371706, -6.176929502403289 ], [ 106.597532038754181, -6.176198413841252 ], [ 106.598209785872285, -6.175369705469616 ], [ 106.598840526572886, -6.174235709688459 ], [ 106.59910384025693, -6.173762302178015 ], [ 106.599586576717215, -6.172715354250154 ], [ 106.600285473117083, -6.170841084620517 ], [ 106.60067190747219, -6.170086192798822 ], [ 106.601063642150805, -6.169536632201487 ], [ 106.601084681276106, -6.169556067302825 ], [ 106.601608417241451, -6.169903244426253 ], [ 106.602383877226856, -6.170269038513911 ], [ 106.603391760939388, -6.170672881523775 ], [ 106.603604273979855, -6.170758541810397 ], [ 106.602929063241064, -6.171548099070051 ], [ 106.60272741959912, -6.172057060019816 ], [ 106.602423731332962, -6.172413822016992 ], [ 106.60187881396287, -6.172784018830799 ], [ 106.601600139458398, -6.173013616787837 ], [ 106.601499622304871, -6.173369767138722 ], [ 106.601348235580915, -6.17370065286079 ], [ 106.601171757528931, -6.174133284918568 ], [ 106.601020675879639, -6.174565840573455 ], [ 106.601021515747505, -6.174845432868684 ], [ 106.601250619931974, -6.175022667423028 ], [ 106.601403228842287, -6.175098461254872 ], [ 106.601479877018591, -6.175250736788482 ], [ 106.601481099144294, -6.175657416387716 ], [ 106.601507259686002, -6.17591151468204 ], [ 106.601863271500221, -6.176062949047615 ], [ 106.602092682189365, -6.176341852889626 ], [ 106.602246438089637, -6.176798908311907 ], [ 106.602273287161651, -6.177281763619823 ], [ 106.602274128058994, -6.177561355714642 ], [ 106.602123582256212, -6.178171833900066 ], [ 106.602276727441549, -6.17842554944299 ], [ 106.602391968772054, -6.178742923347385 ], [ 106.602443832969982, -6.179098614720503 ], [ 106.602240887862223, -6.17917547935908 ], [ 106.60198691966842, -6.179176244575255 ], [ 106.602165232648431, -6.179353631175982 ], [ 106.602648078258696, -6.179453846784664 ], [ 106.603486785578099, -6.179654659524304 ], [ 106.603944847033205, -6.179958289932621 ], [ 106.604199121632647, -6.180059193431554 ], [ 106.604275695009733, -6.180186050707687 ], [ 106.604225284196005, -6.180313291160239 ], [ 106.60404811879522, -6.180517167091158 ], [ 106.60402310477626, -6.180644330912492 ], [ 106.6042779924109, -6.180948573761561 ], [ 106.604634621112382, -6.181303344608752 ], [ 106.605118388062095, -6.181708566472472 ], [ 106.605601695744397, -6.181961283195954 ], [ 106.605719087072032, -6.182990343251151 ], [ 106.605720083928105, -6.183320769641047 ], [ 106.605923796552659, -6.183498077524614 ], [ 106.606051778582554, -6.18382812005421 ], [ 106.606052545653654, -6.184082294151116 ], [ 106.60630828034347, -6.184666126727046 ], [ 106.606443439338989, -6.18490597295248 ], [ 106.606665757445768, -6.185300486576999 ], [ 106.607201399027019, -6.186061395010185 ], [ 106.607787913336267, -6.186847566098171 ], [ 106.607382634791179, -6.187204639604291 ], [ 106.607028303598526, -6.187612394007825 ], [ 106.606534095411902, -6.187957027459731 ], [ 106.606077176341103, -6.188034662622718 ], [ 106.605442630077334, -6.188163669820079 ], [ 106.604680790429526, -6.18819139044609 ], [ 106.604609909492112, -6.188215274475198 ], [ 106.604406006744341, -6.188034631037775 ], [ 106.604008537197188, -6.18802257356942 ], [ 106.603187382381037, -6.188091345138386 ], [ 106.601955629179656, -6.188187871106966 ], [ 106.60076373756597, -6.188324049166519 ], [ 106.600625454932157, -6.188370643711878 ], [ 106.600299573704433, -6.188255271404671 ], [ 106.59960615809301, -6.18838594620161 ], [ 106.59927218226737, -6.188412669343029 ], [ 106.598809956272262, -6.188516929707723 ], [ 106.598541124684203, -6.188621338948043 ], [ 106.598552951111827, -6.188644102567268 ], [ 106.598537773104908, -6.188637857734649 ], [ 106.598201227775093, -6.188706274632888 ], [ 106.597030397136805, -6.189060297362739 ], [ 106.595804753981483, -6.189104425209425 ], [ 106.594942758190868, -6.189133977124688 ], [ 106.593730058155657, -6.189002811332031 ], [ 106.592625036949357, -6.18884435804822 ], [ 106.591933401879814, -6.188833121768646 ], [ 106.591924558586044, -6.188832978094878 ], [ 106.59180135166234, -6.188172789029831 ], [ 106.591825346212076, -6.187188619746503 ], [ 106.591970489531889, -6.186177125774395 ], [ 106.591485089276475, -6.186016810976557 ], [ 106.591434423243115, -6.185894706073768 ] ] ] ] } },
{ "type": "Feature", "properties": { "ID": 89, "KECAMATAN": "Ciledug", "PUSKESMAS": "Ciledug", "KELURAHAN": "Sudimara Selatan", "AREA": 1045853.949385, "PERIMETER": 5230.306999, "REGENCY": "Kota Tangerang", "HECTARES": 104.585, "X_COORD": 106.69901, "Y_COORD": -6.23501 }, "geometry": { "type": "MultiPolygon", "coordinates": [ [ [ [ 106.703259553985689, -6.238078377703308 ], [ 106.703335040274297, -6.238674186495253 ], [ 106.703304944333482, -6.239387577731783 ], [ 106.703258439342534, -6.240036177145079 ], [ 106.703082440719101, -6.240717617874703 ], [ 106.702954360653308, -6.241188157710321 ], [ 106.702518221733712, -6.241578637719625 ], [ 106.702361993870355, -6.241731492052859 ], [ 106.701953006674344, -6.242131647191877 ], [ 106.701549475266759, -6.242586866317223 ], [ 106.701202355047869, -6.242952741170359 ], [ 106.70075058885331, -6.243521594623322 ], [ 106.700659413761073, -6.243628737096544 ], [ 106.700427312750335, -6.243465909267613 ], [ 106.70024110973614, -6.243307237298507 ], [ 106.700107190267403, -6.242909486062394 ], [ 106.699788266954243, -6.242724696902973 ], [ 106.699469343830003, -6.242539907488347 ], [ 106.69920373157855, -6.242434582543606 ], [ 106.698937691640168, -6.242196530791236 ], [ 106.698645467094607, -6.242064745763161 ], [ 106.69837805931806, -6.241401968210504 ], [ 106.698374724616258, -6.240366700028451 ], [ 106.698373784161319, -6.240074701302714 ], [ 106.698240551321319, -6.239889311667287 ], [ 106.697868576721461, -6.239704691730978 ], [ 106.697628894887316, -6.239413462536166 ], [ 106.697627784104384, -6.239068372986289 ], [ 106.69754769093916, -6.238909357378324 ], [ 106.697308607673392, -6.238803945367417 ], [ 106.697201816992504, -6.238591924434757 ], [ 106.697332828196465, -6.238087135303134 ], [ 106.697358500862308, -6.23782159627854 ], [ 106.697357305135142, -6.237449961303753 ], [ 106.697568921363612, -6.23726346006146 ], [ 106.697674345039886, -6.237050755341401 ], [ 106.697726800599995, -6.236864766928643 ], [ 106.697845188561104, -6.236559110749256 ], [ 106.69771093220713, -6.236055176442317 ], [ 106.697709651173483, -6.235656996158302 ], [ 106.697443957489511, -6.235525123906577 ], [ 106.697284285205939, -6.235366364397779 ], [ 106.697283260743873, -6.235047820091993 ], [ 106.697361133291722, -6.234516656633467 ], [ 106.697781887866839, -6.233373839452648 ], [ 106.697806450945876, -6.232763210884342 ], [ 106.697593129149197, -6.232418804598649 ], [ 106.697406590172747, -6.2321539488323 ], [ 106.69719343958883, -6.23186263296608 ], [ 106.696875206982142, -6.231890202820138 ], [ 106.696716047998109, -6.231890714993474 ], [ 106.696530191924182, -6.231838221723264 ], [ 106.696529339067951, -6.231572767995829 ], [ 106.69663442156272, -6.231253882148199 ], [ 106.696633398173532, -6.230935337685232 ], [ 106.696420163340733, -6.230617475868724 ], [ 106.695968020472762, -6.230247290872999 ], [ 106.695834876959736, -6.230088445044069 ], [ 106.695595372231054, -6.22985030410771 ], [ 106.696110975092793, -6.229331006088028 ], [ 106.696375130701483, -6.228985063185936 ], [ 106.695870107292862, -6.228668139056293 ], [ 106.695019986478812, -6.228272686117724 ], [ 106.694694692210831, -6.228090949755047 ], [ 106.694833195129007, -6.227928192453378 ], [ 106.695098458365365, -6.227927340291367 ], [ 106.695496353150475, -6.227926061798583 ], [ 106.695893055066676, -6.227553147609035 ], [ 106.696395520618807, -6.22707371065052 ], [ 106.696686286738924, -6.226754228024769 ], [ 106.696817980411481, -6.226461802462278 ], [ 106.69681183153358, -6.226390722916202 ], [ 106.696985535958746, -6.226414296899774 ], [ 106.697742626771813, -6.226556086915799 ], [ 106.698163400182423, -6.22668693934432 ], [ 106.698979961486273, -6.226648254823704 ], [ 106.699928670429259, -6.226621162145205 ], [ 106.701177549977032, -6.226569062770919 ], [ 106.701747532719153, -6.226556853549693 ], [ 106.701676869824581, -6.226829128128397 ], [ 106.701581343840431, -6.227348196038238 ], [ 106.701574105477647, -6.227615704939407 ], [ 106.701720109078735, -6.227680079052977 ], [ 106.70188225991285, -6.22772818978951 ], [ 106.702012116360947, -6.22780882712893 ], [ 106.702190518886127, -6.227873096567829 ], [ 106.702352826478929, -6.227969840343913 ], [ 106.70248273527227, -6.228066688600595 ], [ 106.702564515981251, -6.228309593262499 ], [ 106.702565456323413, -6.228601392498827 ], [ 106.702469931409865, -6.229120460385894 ], [ 106.702325390071778, -6.229509996582881 ], [ 106.702181005313378, -6.229948166005955 ], [ 106.702019950741189, -6.230240488076851 ], [ 106.701891138319652, -6.230484072374731 ], [ 106.701859209446425, -6.230630076584156 ], [ 106.701657577413613, -6.230898212722743 ], [ 106.701739619765462, -6.231222172841623 ], [ 106.701853956852787, -6.231513606206504 ], [ 106.701935999515229, -6.23183756622883 ], [ 106.701969391409847, -6.232145472012253 ], [ 106.701986270286525, -6.232356163647127 ], [ 106.702036018677063, -6.232712650318946 ], [ 106.702150826865505, -6.233149983095529 ], [ 106.702216879724816, -6.233538839518053 ], [ 106.702314809179157, -6.233765480592598 ], [ 106.702364087633782, -6.233976067515976 ], [ 106.702519892447, -6.234567274357061 ], [ 106.702651162964003, -6.23508560976359 ], [ 106.70283150362404, -6.235749687577766 ], [ 106.702946784640559, -6.236332919319566 ], [ 106.703126603198641, -6.236834886197648 ], [ 106.703176772251197, -6.237321060844201 ], [ 106.703243612310175, -6.237953082589155 ], [ 106.703259553985689, -6.238078377703308 ] ] ] ] } },
{ "type": "Feature", "properties": { "ID": 89, "KECAMATAN": "Karang Tengah", "PUSKESMAS": "Pedurenan", "KELURAHAN": "Pedurenan", "AREA": 878661.43761899997, "PERIMETER": 5714.704692, "REGENCY": "Kota Tangerang", "HECTARES": 87.866, "X_COORD": 106.69797, "Y_COORD": -6.21816 }, "geometry": { "type": "MultiPolygon", "coordinates": [ [ [ [ 106.69681183153358, -6.226390722916202 ], [ 106.696790431496169, -6.226143343256277 ], [ 106.696656863100586, -6.225851770513774 ], [ 106.69644388672917, -6.22561354423499 ], [ 106.696230995739157, -6.225401863199133 ], [ 106.69625701081506, -6.225242505655677 ], [ 106.696495149985509, -6.22505592074285 ], [ 106.696969979255641, -6.224231479371457 ], [ 106.69686268205642, -6.223860185165452 ], [ 106.697021157005153, -6.223647310613813 ], [ 106.697127090916084, -6.223593878813476 ], [ 106.697046234731033, -6.223195953995722 ], [ 106.69672715542508, -6.22295806856639 ], [ 106.696248920121519, -6.222720694146173 ], [ 106.695929330625319, -6.222323535713096 ], [ 106.695914468357358, -6.222204749695768 ], [ 106.695861270612355, -6.221779568150835 ], [ 106.695648381753102, -6.221567886367574 ], [ 106.695383291959999, -6.221621828736654 ], [ 106.695064724697346, -6.221543214246354 ], [ 106.694690894241845, -6.220774589142442 ], [ 106.694504532197968, -6.220562821550323 ], [ 106.694264863358114, -6.220271587762109 ], [ 106.694210536325798, -6.2198735766667 ], [ 106.693971292981999, -6.21971506970975 ], [ 106.693759085566654, -6.219715750102177 ], [ 106.693546538248128, -6.219610248705688 ], [ 106.693360092133005, -6.219371935035898 ], [ 106.693359072681247, -6.219053389887648 ], [ 106.693464326725604, -6.21878759553995 ], [ 106.693463307307667, -6.218469050402007 ], [ 106.693356864051765, -6.218363208719603 ], [ 106.693754412155741, -6.218255751795106 ], [ 106.694152384924536, -6.218281021710371 ], [ 106.694576373486257, -6.218146933770985 ], [ 106.695027312687301, -6.218145487501264 ], [ 106.695372998898577, -6.21840983529269 ], [ 106.695664783123846, -6.218408899035829 ], [ 106.696035294044137, -6.218142253273228 ], [ 106.696668850009715, -6.217184575757776 ], [ 106.696932320469372, -6.216626271116594 ], [ 106.696983159441103, -6.215935920862164 ], [ 106.697060183844812, -6.215139303946199 ], [ 106.696752204163602, -6.214224467207431 ], [ 106.696724317729505, -6.213799826121324 ], [ 106.69666965074417, -6.213295633951528 ], [ 106.696721766444028, -6.213003464469036 ], [ 106.696826763123568, -6.212658034016667 ], [ 106.69661302842249, -6.212180897749398 ], [ 106.696824552266293, -6.211967853926597 ], [ 106.697248364850523, -6.211780674607089 ], [ 106.697273784738741, -6.211435499522029 ], [ 106.697007934867329, -6.211250532821586 ], [ 106.696636833425146, -6.21133136014507 ], [ 106.696609967924545, -6.211225263649897 ], [ 106.696423439708681, -6.210960405165977 ], [ 106.696157760259055, -6.210828528686627 ], [ 106.695839114980529, -6.210723367493396 ], [ 106.695865215619605, -6.210590555452297 ], [ 106.695890636581282, -6.210245380188952 ], [ 106.695571312184612, -6.209927855461136 ], [ 106.695563289738416, -6.209803265219626 ], [ 106.695887661183278, -6.209744224781403 ], [ 106.696322276552081, -6.209634007610314 ], [ 106.696703276128247, -6.209759747420973 ], [ 106.697029498791181, -6.209758701262177 ], [ 106.697410091827024, -6.209757480489678 ], [ 106.697627922143582, -6.209865605630065 ], [ 106.697701229549551, -6.210119293002794 ], [ 106.697702043079872, -6.210373212966052 ], [ 106.69781171389296, -6.210663058253451 ], [ 106.698065442921603, -6.210662243942438 ], [ 106.69817418392347, -6.210661894914797 ], [ 106.698229600812752, -6.210988188820047 ], [ 106.698485597652365, -6.211694722417702 ], [ 106.698558847773981, -6.211930272342819 ], [ 106.69874002499995, -6.211911553201149 ], [ 106.698993172820067, -6.211729367012393 ], [ 106.699174408097036, -6.211728784869949 ], [ 106.699229942222516, -6.212091352708415 ], [ 106.699339730769097, -6.21241747158238 ], [ 106.699613795522907, -6.213105808648372 ], [ 106.699759191526766, -6.213232302498024 ], [ 106.699976732602678, -6.213249740553137 ], [ 106.700284600386553, -6.213176201604782 ], [ 106.700399734020763, -6.213163698809805 ], [ 106.700353819235104, -6.213361835648056 ], [ 106.700354964280208, -6.213718479771478 ], [ 106.700356265549146, -6.214123757178154 ], [ 106.70014182100735, -6.215445664817643 ], [ 106.70006249153063, -6.21596468041554 ], [ 106.69995112827317, -6.21659727791917 ], [ 106.699854974885255, -6.216921812482973 ], [ 106.699793666707947, -6.218008164500524 ], [ 106.699795124667645, -6.218462075255078 ], [ 106.69979637443376, -6.218851141609777 ], [ 106.699725743493644, -6.219556558895345 ], [ 106.699904351233215, -6.219685674347486 ], [ 106.700180154206791, -6.219814476923372 ], [ 106.70050476328997, -6.220007967252139 ], [ 106.700699674756009, -6.220169452372644 ], [ 106.700943236062514, -6.220346991994062 ], [ 106.701138199901791, -6.22052468796575 ], [ 106.701268262758418, -6.220670170360554 ], [ 106.701431454113319, -6.22104250350418 ], [ 106.701432444871244, -6.221350514075801 ], [ 106.701401245796717, -6.221723473347934 ], [ 106.701378537512312, -6.222217989650092 ], [ 106.701380049982816, -6.222688111039633 ], [ 106.701300461831778, -6.223126071239752 ], [ 106.701252907125792, -6.223450449482969 ], [ 106.701302391751327, -6.223725881290839 ], [ 106.701383909918292, -6.223887731097553 ], [ 106.701659767689222, -6.224032743264082 ], [ 106.70185452466113, -6.224145594201816 ], [ 106.702081836900945, -6.22430697381392 ], [ 106.702244091012417, -6.224387506866378 ], [ 106.702307607069642, -6.224457675452063 ], [ 106.702390406859905, -6.224549147458206 ], [ 106.702471977716925, -6.224727208038291 ], [ 106.702579335720628, -6.225367205728295 ], [ 106.702547511405498, -6.225545632011471 ], [ 106.702418490962685, -6.225724371814982 ], [ 106.702354059030341, -6.225838058321333 ], [ 106.702160188796768, -6.226000796027004 ], [ 106.701998821589683, -6.226195851359328 ], [ 106.701805003310071, -6.226374800074415 ], [ 106.701756874967117, -6.226520856477022 ], [ 106.701747532719153, -6.226556853549693 ], [ 106.701177549977032, -6.226569062770919 ], [ 106.699928670429259, -6.226621162145205 ], [ 106.698979961486273, -6.226648254823704 ], [ 106.698163400182423, -6.22668693934432 ], [ 106.697742626771813, -6.226556086915799 ], [ 106.696985535958746, -6.226414296899774 ], [ 106.69681183153358, -6.226390722916202 ] ] ] ] } },
{ "type": "Feature", "properties": { "ID": 96, "KECAMATAN": "Neglasari", "PUSKESMAS": "Neglasari", "KELURAHAN": "Karanganyar", "AREA": 2041292.5895199999, "PERIMETER": 6779.346525, "REGENCY": "Kota Tangerang", "HECTARES": 204.129, "X_COORD": 106.64594, "Y_COORD": -6.15461 }, "geometry": { "type": "MultiPolygon", "coordinates": [ [ [ [ 106.650097511577087, -6.165303154379844 ], [ 106.650107673531139, -6.165323338983494 ], [ 106.650095181043739, -6.16532623914281 ], [ 106.650065959197548, -6.165333023059541 ], [ 106.649746197541234, -6.165407919640181 ], [ 106.649426450972072, -6.165487743109999 ], [ 106.649067305609861, -6.165562761234994 ], [ 106.648693452170193, -6.165657533076463 ], [ 106.648223532889233, -6.16573042986355 ], [ 106.648051458457161, -6.165804868708847 ], [ 106.647825125207802, -6.165844985549628 ], [ 106.647633161187272, -6.165855433376436 ], [ 106.647278831508572, -6.165895945766008 ], [ 106.646835904045119, -6.165941658877504 ], [ 106.646316648056455, -6.165980216810781 ], [ 106.645982055310043, -6.1660354487413 ], [ 106.645681968608585, -6.166105355247109 ], [ 106.645182510169008, -6.166178340794039 ], [ 106.644857853996569, -6.166263104092972 ], [ 106.644518428831162, -6.166347912805577 ], [ 106.644178821355538, -6.166373596485993 ], [ 106.643544079592573, -6.166479024342792 ], [ 106.643317760393941, -6.166524066505739 ], [ 106.643069138095186, -6.166566326725805 ], [ 106.643092623586313, -6.166446888410659 ], [ 106.643314700883124, -6.166241883111753 ], [ 106.643741382987884, -6.166184843236303 ], [ 106.64419996711716, -6.165940797957144 ], [ 106.644198894286092, -6.165592528016448 ], [ 106.643994745066351, -6.165215861823176 ], [ 106.643862242517727, -6.164563258099342 ], [ 106.643830742343795, -6.163750717479205 ], [ 106.643912554534992, -6.16206714405232 ], [ 106.643851968185089, -6.16122567023287 ], [ 106.643705549593662, -6.160761757059025 ], [ 106.642948658262085, -6.159806337227914 ], [ 106.64201724770983, -6.158677315944213 ], [ 106.641754662330683, -6.158155713491015 ], [ 106.641737176881463, -6.157183503023808 ], [ 106.641673120826397, -6.155210148580727 ], [ 106.641582653065313, -6.154078536867578 ], [ 106.641261274820764, -6.153295908724338 ], [ 106.641158314051495, -6.152817348567513 ], [ 106.64118606491445, -6.152410943694068 ], [ 106.641647263900495, -6.151509818590389 ], [ 106.641906192374094, -6.15084149780852 ], [ 106.642309661843157, -6.150027618630254 ], [ 106.642683776718087, -6.149097738466461 ], [ 106.642798429704683, -6.148662043828418 ], [ 106.642796202920309, -6.147936480465651 ], [ 106.642765691653594, -6.147443186502948 ], [ 106.642905334551045, -6.145701388722792 ], [ 106.642888852903837, -6.145250039031614 ], [ 106.643450200085354, -6.14504003381341 ], [ 106.644496967869117, -6.144603520772015 ], [ 106.645976151990041, -6.144006040578472 ], [ 106.647387048120493, -6.143431572446583 ], [ 106.649162142896117, -6.142741953903462 ], [ 106.649321354182064, -6.14265024331184 ], [ 106.649503630814522, -6.142649681172419 ], [ 106.649512789576022, -6.142688852861654 ], [ 106.649572897328852, -6.142945931295847 ], [ 106.649712554400566, -6.14390330641101 ], [ 106.649852423169705, -6.144929095371691 ], [ 106.649877456021414, -6.145658774888964 ], [ 106.649994752540621, -6.1467530479122 ], [ 106.650043484877884, -6.14777911776906 ], [ 106.650055053003356, -6.147836094287492 ], [ 106.650167369566148, -6.147822252594556 ], [ 106.650078258706543, -6.148105582135424 ], [ 106.650182595208179, -6.148543336317303 ], [ 106.650263330826078, -6.149676931634017 ], [ 106.650318797692478, -6.150965220045869 ], [ 106.650449915676248, -6.15173789067708 ], [ 106.650656684113855, -6.151994943528841 ], [ 106.650631891598451, -6.152304250434399 ], [ 106.650529699949431, -6.152562258209234 ], [ 106.650530733659494, -6.152897254487586 ], [ 106.650715414752085, -6.154339758057996 ], [ 106.650626374832157, -6.154687917411718 ], [ 106.65034315993465, -6.154688793098132 ], [ 106.650215698343629, -6.155101494232003 ], [ 106.650219914010549, -6.156467248350094 ], [ 106.650274033218338, -6.157317464258385 ], [ 106.650355571159139, -6.158708748210538 ], [ 106.650410726577746, -6.159893960129462 ], [ 106.650050824809753, -6.160075458012862 ], [ 106.650054645458482, -6.1613123672794 ], [ 106.650069787922931, -6.1620467422869 ], [ 106.649838142995165, -6.162073228324608 ], [ 106.649839735152128, -6.162588607209813 ], [ 106.649868507869058, -6.163567747371381 ], [ 106.649974443399799, -6.164520879403359 ], [ 106.650053835848283, -6.165216401621873 ], [ 106.650097511577087, -6.165303154379844 ] ] ] ] } },
{ "type": "Feature", "properties": { "ID": 97, "KECAMATAN": "Tangerang", "PUSKESMAS": "Sukasari", "KELURAHAN": "Sukaasih", "AREA": 893894.31726699998, "PERIMETER": 3815.887968, "REGENCY": "Kota Tangerang", "HECTARES": 89.389, "X_COORD": 106.6457, "Y_COORD": -6.1707 }, "geometry": { "type": "MultiPolygon", "coordinates": [ [ [ [ 106.642220653552116, -6.176004202622438 ], [ 106.642239418898811, -6.175653227237833 ], [ 106.64185537888082, -6.174493500752729 ], [ 106.64155482858547, -6.173324228701618 ], [ 106.641440156988025, -6.172247255919532 ], [ 106.641418281669189, -6.171169996862772 ], [ 106.641379162727148, -6.170520006609634 ], [ 106.641311776921881, -6.169730793960433 ], [ 106.641682042226705, -6.169432459113473 ], [ 106.642033462254602, -6.169041309263411 ], [ 106.642662808517599, -6.168500705529333 ], [ 106.642902988043915, -6.16814704765192 ], [ 106.642975450726539, -6.167571012064863 ], [ 106.643028897025076, -6.166846438478234 ], [ 106.643044141791634, -6.166572673043333 ], [ 106.6430686453362, -6.166568832711543 ], [ 106.643069138095186, -6.166566326725805 ], [ 106.643317760393941, -6.166524066505739 ], [ 106.643544079592573, -6.166479024342792 ], [ 106.644178821355538, -6.166373596485993 ], [ 106.644518428831162, -6.166347912805577 ], [ 106.644857853996569, -6.166263104092972 ], [ 106.645182510169008, -6.166178340794039 ], [ 106.645681968608585, -6.166105355247109 ], [ 106.645982055310043, -6.1660354487413 ], [ 106.646316648056455, -6.165980216810781 ], [ 106.646835904045119, -6.165941658877504 ], [ 106.647278831508572, -6.165895945766008 ], [ 106.647633161187272, -6.165855433376436 ], [ 106.647825125207802, -6.165844985549628 ], [ 106.648051458457161, -6.165804868708847 ], [ 106.648223532889233, -6.16573042986355 ], [ 106.648693452170193, -6.165657533076463 ], [ 106.649067305609861, -6.165562761234994 ], [ 106.649426450972072, -6.165487743109999 ], [ 106.649746197541234, -6.165407919640181 ], [ 106.650065959197548, -6.165333023059541 ], [ 106.650095181043739, -6.16532623914281 ], [ 106.649837338356903, -6.167880266673132 ], [ 106.649740021690519, -6.172711830647889 ], [ 106.649841421418643, -6.174562688028193 ], [ 106.649072536892305, -6.174680111003551 ], [ 106.645370326531392, -6.17547805811819 ], [ 106.642217314228816, -6.176066659320528 ], [ 106.642220653552116, -6.176004202622438 ] ] ] ] } },
{ "type": "Feature", "properties": { "ID": 97, "KECAMATAN": "Tangerang", "PUSKESMAS": "Tanah Tinggi", "KELURAHAN": "Tanah Tinggi", "AREA": 928434.74202799995, "PERIMETER": 4671.527682, "REGENCY": "Kota Tangerang", "HECTARES": 92.843, "X_COORD": 106.65455, "Y_COORD": -6.16929 }, "geometry": { "type": "MultiPolygon", "coordinates": [ [ [ [ 106.650095181043739, -6.16532623914281 ], [ 106.650107673531139, -6.165323338983494 ], [ 106.650614476617491, -6.165205683238148 ], [ 106.650958959167411, -6.165165199321015 ], [ 106.651298549170747, -6.16513458455505 ], [ 106.651822573153751, -6.165046736304329 ], [ 106.652127717726046, -6.165021154905113 ], [ 106.652491799929834, -6.164951046712182 ], [ 106.65290018818763, -6.164880800880763 ], [ 106.653561945905295, -6.164758034193139 ], [ 106.653970486313938, -6.164737058080729 ], [ 106.655174611628993, -6.164452206139622 ], [ 106.655856921523792, -6.164334608082242 ], [ 106.656721528325235, -6.164091340795268 ], [ 106.657432831353219, -6.164021766877524 ], [ 106.657552508130394, -6.164037409007865 ], [ 106.657508212835921, -6.164173609630593 ], [ 106.65750902978381, -6.164436745160396 ], [ 106.657586496126484, -6.16468867820961 ], [ 106.657762317217092, -6.164863556692033 ], [ 106.657828794956203, -6.165104559753089 ], [ 106.658048367290576, -6.165257373804288 ], [ 106.658289644933816, -6.165344335696684 ], [ 106.658771791517978, -6.165386691414879 ], [ 106.659188618365405, -6.165560818979655 ], [ 106.65929898418068, -6.165823613149158 ], [ 106.659277824479076, -6.166064888712262 ], [ 106.659212709263997, -6.1662624448558 ], [ 106.659081183559422, -6.16624092626512 ], [ 106.65884051883674, -6.166351316376715 ], [ 106.658687765013681, -6.166549145362666 ], [ 106.658689059953844, -6.166965776329754 ], [ 106.658995794663554, -6.166964821244322 ], [ 106.658975180294505, -6.167381520370516 ], [ 106.658854643199007, -6.167370931652676 ], [ 106.658306697719311, -6.167306853157156 ], [ 106.658065759776662, -6.167329531278109 ], [ 106.657956484071107, -6.167417584042457 ], [ 106.657935528280404, -6.16772464357823 ], [ 106.6580020749347, -6.16798757442857 ], [ 106.658068553541213, -6.168228577299074 ], [ 106.657981528097423, -6.16842620167191 ], [ 106.657697315287976, -6.168624439807036 ], [ 106.657610425932376, -6.168865920082501 ], [ 106.657523536523527, -6.169107400362866 ], [ 106.657524899233849, -6.169545959493003 ], [ 106.657713551363742, -6.170323822170189 ], [ 106.657516567840489, -6.170390219899495 ], [ 106.657231740711893, -6.170391106469918 ], [ 106.657233989312502, -6.171114729103386 ], [ 106.657562636441, -6.171113706003142 ], [ 106.657628911145437, -6.171288924989299 ], [ 106.657760370019915, -6.171288515664527 ], [ 106.658045197550933, -6.171287628682952 ], [ 106.658417664259488, -6.171286468554297 ], [ 106.658746311295872, -6.171285444695203 ], [ 106.658855723872037, -6.171241247483622 ], [ 106.65896418143133, -6.17089005910784 ], [ 106.659183552124418, -6.170977088123179 ], [ 106.659359444454381, -6.171173893276873 ], [ 106.659360058548032, -6.171371244686907 ], [ 106.659360672661705, -6.171568596095337 ], [ 106.659317194224471, -6.171678372351537 ], [ 106.658769926384807, -6.17183357495062 ], [ 106.658419300987944, -6.171812739227438 ], [ 106.658331525290208, -6.171769156354746 ], [ 106.658287364672177, -6.171659653127319 ], [ 106.658068061898803, -6.171594551729312 ], [ 106.657739414558577, -6.171595575220882 ], [ 106.657542498775754, -6.171683901036181 ], [ 106.657543589407382, -6.172034748303751 ], [ 106.657566317278011, -6.172297815525126 ], [ 106.65766699105734, -6.172966311038802 ], [ 106.657842883814467, -6.173163116654068 ], [ 106.657884745678686, -6.173192250244223 ], [ 106.656927170535425, -6.173475987561684 ], [ 106.65395364710065, -6.173934655669077 ], [ 106.649841421418643, -6.174562688028193 ], [ 106.649740021690519, -6.172711830647889 ], [ 106.649837338356903, -6.167880266673132 ], [ 106.650095181043739, -6.16532623914281 ] ] ] ] } },
{ "type": "Feature", "properties": { "ID": 97, "KECAMATAN": "Tangerang", "PUSKESMAS": "Cikokol", "KELURAHAN": "Kelapa Indah", "AREA": 826526.86162800004, "PERIMETER": 5089.931929, "REGENCY": "Kota Tangerang", "HECTARES": 82.653, "X_COORD": 106.64628, "Y_COORD": -6.1911 }, "geometry": { "type": "MultiPolygon", "coordinates": [ [ [ [ 106.650435102850679, -6.185068794660777 ], [ 106.650298806849207, -6.185049740083005 ], [ 106.650190274695774, -6.185379000783901 ], [ 106.649840795052327, -6.185730938189904 ], [ 106.649491586913072, -6.186170587612633 ], [ 106.649120739622177, -6.186698017131261 ], [ 106.648990975873687, -6.187246626258276 ], [ 106.648970560979308, -6.187729111102789 ], [ 106.649005568636042, -6.188419742167497 ], [ 106.648963447361069, -6.188968079162338 ], [ 106.648920850115701, -6.189362919916361 ], [ 106.648526662278243, -6.189429928929667 ], [ 106.648088924816008, -6.189584785906792 ], [ 106.648067557920314, -6.189760278291392 ], [ 106.648046938755371, -6.19017697917083 ], [ 106.647961539214648, -6.190900876783476 ], [ 106.648018389643937, -6.191569512040419 ], [ 106.647997770745775, -6.191986212919735 ], [ 106.647998858693427, -6.192337061617698 ], [ 106.647999343549756, -6.192452466755126 ], [ 106.648000014706653, -6.192709838353996 ], [ 106.647935370334807, -6.193060891218736 ], [ 106.647936662456686, -6.19347752404329 ], [ 106.648169685224261, -6.194430679092122 ], [ 106.648126067564959, -6.194496599375641 ], [ 106.647995350579194, -6.194738216304187 ], [ 106.648149202995782, -6.194891236011737 ], [ 106.648390222768924, -6.194890487006504 ], [ 106.648587352691877, -6.194867946067803 ], [ 106.648784414520094, -6.194823477027673 ], [ 106.649266930375958, -6.194975474537952 ], [ 106.649486311531703, -6.195062505256832 ], [ 106.649750331747512, -6.195412535816236 ], [ 106.650057765422261, -6.195630861692383 ], [ 106.650343152153468, -6.195805399479998 ], [ 106.650541236138565, -6.196089849919966 ], [ 106.650542599090926, -6.19652841015983 ], [ 106.650434475544728, -6.196989239433747 ], [ 106.650421550637404, -6.196991388960106 ], [ 106.650424946534315, -6.197006191349272 ], [ 106.650369843025501, -6.197053758036212 ], [ 106.650055652748179, -6.197481949407466 ], [ 106.649852359699281, -6.197761199595609 ], [ 106.649704111357877, -6.197835958941558 ], [ 106.64955563214555, -6.197836420960138 ], [ 106.64916547032486, -6.197707613265633 ], [ 106.64890493952926, -6.197485529524129 ], [ 106.648458867686927, -6.197282597022432 ], [ 106.648143349477238, -6.197283577934122 ], [ 106.647771920970385, -6.197210434342213 ], [ 106.647437036061646, -6.196951431678735 ], [ 106.647102669939585, -6.196859597846597 ], [ 106.646898511126437, -6.196860232010383 ], [ 106.646694237101073, -6.19682371739199 ], [ 106.645997636477546, -6.19663084767978 ], [ 106.645681830474174, -6.196538955217283 ], [ 106.644920471992961, -6.19641129577851 ], [ 106.644660460872672, -6.196356378641612 ], [ 106.644419182204302, -6.196357126927923 ], [ 106.644159343605054, -6.196357932652076 ], [ 106.643918122368916, -6.1963772550888 ], [ 106.643583986584261, -6.196359716302944 ], [ 106.643324090401336, -6.196341947234531 ], [ 106.643138491308193, -6.19634252238017 ], [ 106.642897097545116, -6.196306121197135 ], [ 106.64254417197634, -6.196214341672619 ], [ 106.642340012941816, -6.196214974016086 ], [ 106.642023977561863, -6.196048781555286 ], [ 106.642040757367937, -6.195472917804919 ], [ 106.642150910842346, -6.19508251069945 ], [ 106.64250171069267, -6.194487038184688 ], [ 106.642760687074116, -6.194207617658558 ], [ 106.642852452437637, -6.193872991243069 ], [ 106.642875270502088, -6.193768001471172 ], [ 106.642889055185094, -6.193705706778475 ], [ 106.643093385520729, -6.193760797642012 ], [ 106.643232498000714, -6.193732504900047 ], [ 106.643250023818439, -6.193398108454732 ], [ 106.643248874996004, -6.193026620722335 ], [ 106.643284960678898, -6.192692166794402 ], [ 106.643006563939323, -6.192693028961953 ], [ 106.642802406305108, -6.192693661125418 ], [ 106.642635138567186, -6.192619880720668 ], [ 106.642634277375151, -6.19234126482742 ], [ 106.642669846843972, -6.191839641306582 ], [ 106.642705990424915, -6.191523761721536 ], [ 106.642984042101062, -6.191411453531865 ], [ 106.643373107459468, -6.191187354080202 ], [ 106.643521183259963, -6.191056873585771 ], [ 106.643538938963346, -6.190796774712551 ], [ 106.643649895213471, -6.190666409164349 ], [ 106.644021146766477, -6.190683833881228 ], [ 106.643962825483513, -6.189829584776409 ], [ 106.643795960687456, -6.189885825221159 ], [ 106.643610363892833, -6.189886399934956 ], [ 106.643202395336516, -6.189999110413146 ], [ 106.643016913253206, -6.19003683371193 ], [ 106.642942330086044, -6.189925617151357 ], [ 106.643163955619031, -6.189572014356187 ], [ 106.643237046212775, -6.189200296764381 ], [ 106.64355146956737, -6.188846406694639 ], [ 106.643699315152659, -6.188641628781361 ], [ 106.643866294450305, -6.188622537233405 ], [ 106.644014828940414, -6.188640651872162 ], [ 106.644170489714526, -6.187962198425769 ], [ 106.644391424690326, -6.187385702966853 ], [ 106.644557140057287, -6.186957974982485 ], [ 106.644500370279218, -6.186605234193688 ], [ 106.64440694088222, -6.186401203345043 ], [ 106.64405379273316, -6.186235125584155 ], [ 106.643923187106509, -6.186012635094345 ], [ 106.64386670496053, -6.18575276601793 ], [ 106.64397685686491, -6.185362359284992 ], [ 106.644087640014902, -6.185176270795627 ], [ 106.644198824884342, -6.18512020298628 ], [ 106.644223496673504, -6.185045357508864 ], [ 106.644250589758215, -6.18496316666295 ], [ 106.644535170230057, -6.184878441437808 ], [ 106.645770057129681, -6.184462228805085 ], [ 106.64650231330836, -6.184368318089426 ], [ 106.649342748041121, -6.184955178702579 ], [ 106.650350131337206, -6.184997870886582 ], [ 106.650435102850679, -6.185068794660777 ] ] ] ] } },
{ "type": "Feature", "properties": { "ID": 97, "KECAMATAN": "Tangerang", "PUSKESMAS": "Tanah Tinggi", "KELURAHAN": "Buaran Indah", "AREA": 1914559.1943069999, "PERIMETER": 6744.932144, "REGENCY": "Kota Tangerang", "HECTARES": 191.456, "X_COORD": 106.65053, "Y_COORD": -6.1795 }, "geometry": { "type": "MultiPolygon", "coordinates": [ [ [ [ 106.657884745678686, -6.173192250244223 ], [ 106.658062460088175, -6.173315929764849 ], [ 106.658413086538829, -6.173336765460745 ], [ 106.658566592199321, -6.173380143411488 ], [ 106.658830193200444, -6.173598603375462 ], [ 106.659028269446608, -6.173883051871801 ], [ 106.659028747189225, -6.174036547423442 ], [ 106.659292007403053, -6.174145367351371 ], [ 106.659554994601834, -6.174166475400473 ], [ 106.659839823409996, -6.174165587046645 ], [ 106.660015580704439, -6.174318535764407 ], [ 106.660148611107246, -6.174822467877711 ], [ 106.660150250489536, -6.175348738017552 ], [ 106.659932038899569, -6.175634484658042 ], [ 106.659724474737743, -6.175821521421635 ], [ 106.659417325338794, -6.175690910712416 ], [ 106.658979194073581, -6.175714205270935 ], [ 106.658854592800921, -6.17582575016913 ], [ 106.658782550318662, -6.175890243633347 ], [ 106.658432058703056, -6.175913264518928 ], [ 106.658146682889296, -6.175738728815958 ], [ 106.657795440845419, -6.175520541831702 ], [ 106.657422561864294, -6.17539013460196 ], [ 106.657093912076746, -6.175391158321772 ], [ 106.656984771224543, -6.175523067261529 ], [ 106.657204962247548, -6.175873232112219 ], [ 106.657337240706184, -6.17613595802669 ], [ 106.657644049116712, -6.176156930255749 ], [ 106.657689097110961, -6.176551496789739 ], [ 106.657820898422685, -6.176660726838705 ], [ 106.658172346089145, -6.176944697421973 ], [ 106.658349401089552, -6.17751427743282 ], [ 106.658394449974111, -6.17790884371727 ], [ 106.658088459687633, -6.17815100751766 ], [ 106.658001433615496, -6.178348632255468 ], [ 106.658287288920647, -6.178676663241204 ], [ 106.658759141572489, -6.178927365264162 ], [ 106.659110454771763, -6.179167478808223 ], [ 106.659111206200336, -6.179408686045106 ], [ 106.658914698078675, -6.179628580651951 ], [ 106.658762351625512, -6.179957978181639 ], [ 106.658763512842924, -6.180330753056355 ], [ 106.658567004304501, -6.180550647656905 ], [ 106.658282581653438, -6.180683103876485 ], [ 106.658130166342701, -6.180990573457731 ], [ 106.658109553678898, -6.181407272667435 ], [ 106.657934818183634, -6.18158324296835 ], [ 106.657738035765732, -6.1817154256921 ], [ 106.657278398507898, -6.181870356221104 ], [ 106.656676241807219, -6.181992838439549 ], [ 106.656369498089418, -6.181993794504451 ], [ 106.655975113238469, -6.181995023470903 ], [ 106.655779694185895, -6.18256576494261 ], [ 106.65573676033118, -6.182850965023567 ], [ 106.655517861834312, -6.182917431555494 ], [ 106.655430766185432, -6.183093128333366 ], [ 106.655234732609031, -6.183466518113123 ], [ 106.655125385486699, -6.183532643283934 ], [ 106.654928124190107, -6.183511329520762 ], [ 106.654774956305189, -6.183577591114131 ], [ 106.654776524530533, -6.18408193454385 ], [ 106.654712770851503, -6.184718050551891 ], [ 106.65449537148703, -6.185266932398159 ], [ 106.654390988252146, -6.18579785314565 ], [ 106.654387524037162, -6.185815473053886 ], [ 106.653642296074921, -6.185730080894693 ], [ 106.653094194038275, -6.185622145967319 ], [ 106.6525021349524, -6.185470490744415 ], [ 106.65160305738803, -6.185232076559033 ], [ 106.650835851181512, -6.185124820225402 ], [ 106.650435102850679, -6.185068794660777 ], [ 106.650350131337206, -6.184997870886582 ], [ 106.649342748041121, -6.184955178702579 ], [ 106.64650231330836, -6.184368318089426 ], [ 106.645770057129681, -6.184462228805085 ], [ 106.644535170230057, -6.184878441437808 ], [ 106.644250589758215, -6.18496316666295 ], [ 106.644272374115275, -6.18489708060957 ], [ 106.644252666681055, -6.184525650391374 ], [ 106.643879755518768, -6.183969567473041 ], [ 106.643433697191668, -6.183766627129197 ], [ 106.643145480598761, -6.183591060089588 ], [ 106.643163351897655, -6.183368109965129 ], [ 106.64325494488385, -6.182977760730834 ], [ 106.643401585283044, -6.182382921014372 ], [ 106.643584484145038, -6.181509350674912 ], [ 106.6437127368429, -6.180970291602395 ], [ 106.643785082011149, -6.180357107158867 ], [ 106.643376776348092, -6.180358369497073 ], [ 106.642931237271952, -6.180322597438757 ], [ 106.642318950387065, -6.180380213047695 ], [ 106.641984595478959, -6.180288372938653 ], [ 106.641927829215973, -6.179935631149609 ], [ 106.641815327812225, -6.179564486853947 ], [ 106.641572567839248, -6.179082297118548 ], [ 106.641200923455344, -6.178934847606285 ], [ 106.641042739994745, -6.178796026357201 ], [ 106.640985574185208, -6.178313263314075 ], [ 106.640910020956497, -6.177886280749353 ], [ 106.641058323584716, -6.177830099371405 ], [ 106.641392333432918, -6.177810494034475 ], [ 106.641967671030073, -6.177808718071402 ], [ 106.642134475462711, -6.177733904721489 ], [ 106.642189351657052, -6.177473691101911 ], [ 106.642188263804428, -6.177120777356779 ], [ 106.642186775266623, -6.17663784275021 ], [ 106.642217314228816, -6.176066659320528 ], [ 106.645370326531392, -6.17547805811819 ], [ 106.649072536892305, -6.174680111003551 ], [ 106.649841421418643, -6.174562688028193 ], [ 106.65395364710065, -6.173934655669077 ], [ 106.656927170535425, -6.173475987561684 ], [ 106.657884745678686, -6.173192250244223 ] ] ] ] } },
{ "type": "Feature", "properties": { "ID": 369, "KECAMATAN": "Tangerang", "PUSKESMAS": "Sukasari", "KELURAHAN": "Babakan", "AREA": 1416622.7672049999, "PERIMETER": 6678.117414, "REGENCY": "Kota Tangerang", "HECTARES": 141.662, "X_COORD": 106.63527, "Y_COORD": -6.19055 }, "geometry": { "type": "MultiPolygon", "coordinates": [ [ [ [ 106.644223496673504, -6.185045357508864 ], [ 106.644198824884342, -6.18512020298628 ], [ 106.644087640014902, -6.185176270795627 ], [ 106.64397685686491, -6.185362359284992 ], [ 106.64386670496053, -6.18575276601793 ], [ 106.643923187106509, -6.186012635094345 ], [ 106.64405379273316, -6.186235125584155 ], [ 106.64440694088222, -6.186401203345043 ], [ 106.644500370279218, -6.186605234193688 ], [ 106.644557140057287, -6.186957974982485 ], [ 106.644391424690326, -6.187385702966853 ], [ 106.644170489714526, -6.187962198425769 ], [ 106.644014828940414, -6.188640651872162 ], [ 106.643866294450305, -6.188622537233405 ], [ 106.643699315152659, -6.188641628781361 ], [ 106.64355146956737, -6.188846406694639 ], [ 106.643237046212775, -6.189200296764381 ], [ 106.643163955619031, -6.189572014356187 ], [ 106.642942330086044, -6.189925617151357 ], [ 106.643016913253206, -6.19003683371193 ], [ 106.643202395336516, -6.189999110413146 ], [ 106.643610363892833, -6.189886399934956 ], [ 106.643795960687456, -6.189885825221159 ], [ 106.643962825483513, -6.189829584776409 ], [ 106.644021146766477, -6.190683833881228 ], [ 106.643649895213471, -6.190666409164349 ], [ 106.643538938963346, -6.190796774712551 ], [ 106.643521183259963, -6.191056873585771 ], [ 106.643373107459468, -6.191187354080202 ], [ 106.642984042101062, -6.191411453531865 ], [ 106.642705990424915, -6.191523761721536 ], [ 106.642669846843972, -6.191839641306582 ], [ 106.642634277375151, -6.19234126482742 ], [ 106.642635138567186, -6.192619880720668 ], [ 106.642802406305108, -6.192693661125418 ], [ 106.643006563939323, -6.192693028961953 ], [ 106.643284960678898, -6.192692166794402 ], [ 106.643248874996004, -6.193026620722335 ], [ 106.643250023818439, -6.193398108454732 ], [ 106.643232498000714, -6.193732504900047 ], [ 106.643093385520729, -6.193760797642012 ], [ 106.642889055185094, -6.193705706778475 ], [ 106.642875270502088, -6.193768001471172 ], [ 106.64285210784027, -6.19376154490362 ], [ 106.642183494842158, -6.193615018501275 ], [ 106.641551657348785, -6.193356929886004 ], [ 106.640956653141302, -6.193005853503484 ], [ 106.640715031443222, -6.192895153239923 ], [ 106.640584940717545, -6.192839831751623 ], [ 106.640363255054339, -6.193174859828305 ], [ 106.640196273952114, -6.193193950682073 ], [ 106.640010503683683, -6.193138801192007 ], [ 106.639806173610836, -6.193083708991438 ], [ 106.639620346075873, -6.193009984922876 ], [ 106.639619830271272, -6.192842815136127 ], [ 106.63963793160589, -6.192694162414287 ], [ 106.639525770440443, -6.192434464627195 ], [ 106.639007069643597, -6.192751835395362 ], [ 106.638247376544612, -6.193162823068109 ], [ 106.636922206920204, -6.193770588618356 ], [ 106.635624844849076, -6.19436897856921 ], [ 106.634420507512985, -6.195041378013341 ], [ 106.633104863853603, -6.195732692925504 ], [ 106.632289309036835, -6.19608812235399 ], [ 106.631658154727845, -6.196052915391385 ], [ 106.630896966149322, -6.195980958231408 ], [ 106.629764805115613, -6.195984438882904 ], [ 106.628985227058891, -6.19596825947584 ], [ 106.628057225395111, -6.195971109296935 ], [ 106.627110549444865, -6.19593686537302 ], [ 106.626498010977642, -6.19592016972218 ], [ 106.626041202503515, -6.195813167077011 ], [ 106.626016240983077, -6.195667834016008 ], [ 106.625990700180864, -6.195519128062777 ], [ 106.626015169738366, -6.19403888001575 ], [ 106.626054451002915, -6.192660167042607 ], [ 106.626139141815912, -6.191905309455498 ], [ 106.626427719465738, -6.191440057081597 ], [ 106.626890828465662, -6.191148407642956 ], [ 106.627615023849458, -6.190884980295802 ], [ 106.628194575043395, -6.190738087782178 ], [ 106.62923910024665, -6.190909020160698 ], [ 106.630051093513089, -6.190906526876996 ], [ 106.631066618952971, -6.191077544481461 ], [ 106.631646881094611, -6.191162829597695 ], [ 106.632443259787891, -6.190797594142288 ], [ 106.633166736713775, -6.190301979026379 ], [ 106.633658571753671, -6.189923167805227 ], [ 106.634091960816022, -6.189399421765358 ], [ 106.634321816811081, -6.188702164845608 ], [ 106.634059304576127, -6.188209583696872 ], [ 106.633304513967488, -6.187950699948559 ], [ 106.632578990655773, -6.18777879369367 ], [ 106.632143908346436, -6.187751108286955 ], [ 106.632133272509378, -6.18774824038793 ], [ 106.633324717570986, -6.187066623971342 ], [ 106.634193351216311, -6.186651560959453 ], [ 106.635474463056198, -6.186372690384463 ], [ 106.636848409855261, -6.186505921150636 ], [ 106.638266729380149, -6.186180800313204 ], [ 106.639821268380317, -6.185488687082819 ], [ 106.642110041149593, -6.185344153453836 ], [ 106.643117145233035, -6.185295218212371 ], [ 106.644169324511239, -6.18501703675501 ], [ 106.644223496673504, -6.185045357508864 ] ] ] ] } },
{ "type": "Feature", "properties": { "ID": 369, "KECAMATAN": "Tangerang", "PUSKESMAS": "Sukasari", "KELURAHAN": "Sukasari", "AREA": 1506260.5773149999, "PERIMETER": 5922.105003, "REGENCY": "Kota Tangerang", "HECTARES": 150.626, "X_COORD": 106.63606, "Y_COORD": -6.18188 }, "geometry": { "type": "MultiPolygon", "coordinates": [ [ [ [ 106.62804266830463, -6.178074423864891 ], [ 106.628512832371442, -6.178072984347576 ], [ 106.629218317032979, -6.178145122369538 ], [ 106.629570945696983, -6.17814404196119 ], [ 106.62958825501083, -6.177735345549458 ], [ 106.629773110142608, -6.177493308050457 ], [ 106.629921585154449, -6.177492853063108 ], [ 106.630162686511596, -6.177436390061525 ], [ 106.630831335529578, -6.177601512442228 ], [ 106.63222374316571, -6.177745838469756 ], [ 106.633355807045831, -6.177723788299162 ], [ 106.633596395100113, -6.177500153420242 ], [ 106.63394856680975, -6.177350474346729 ], [ 106.635544212648909, -6.177196972891256 ], [ 106.636156384671139, -6.177102216927419 ], [ 106.636731494765883, -6.177026148994091 ], [ 106.637306775781894, -6.177005803842198 ], [ 106.637474209008687, -6.177135310816464 ], [ 106.637531428421553, -6.177636649584549 ], [ 106.637606236657007, -6.17782216550974 ], [ 106.637884397934556, -6.177747010440016 ], [ 106.638329821337919, -6.177745638506426 ], [ 106.638559955918865, -6.177141254463229 ], [ 106.63857742979954, -6.176788282898106 ], [ 106.638855361770439, -6.176638829739596 ], [ 106.639337788247914, -6.176600193976868 ], [ 106.640172497215673, -6.176449024073821 ], [ 106.641433781543697, -6.17620366394751 ], [ 106.642220653552116, -6.176004202622438 ], [ 106.642217314228816, -6.176066659320528 ], [ 106.642186775266623, -6.17663784275021 ], [ 106.642188263804428, -6.177120777356779 ], [ 106.642189351657052, -6.177473691101911 ], [ 106.642134475462711, -6.177733904721489 ], [ 106.641967671030073, -6.177808718071402 ], [ 106.641392333432918, -6.177810494034475 ], [ 106.641058323584716, -6.177830099371405 ], [ 106.640910020956497, -6.177886280749353 ], [ 106.640985574185208, -6.178313263314075 ], [ 106.641042739994745, -6.178796026357201 ], [ 106.641200923455344, -6.178934847606285 ], [ 106.641572567839248, -6.179082297118548 ], [ 106.641815327812225, -6.179564486853947 ], [ 106.641927829215973, -6.179935631149609 ], [ 106.641984595478959, -6.180288372938653 ], [ 106.642318950387065, -6.180380213047695 ], [ 106.642931237271952, -6.180322597438757 ], [ 106.643376776348092, -6.180358369497073 ], [ 106.643785082011149, -6.180357107158867 ], [ 106.6437127368429, -6.180970291602395 ], [ 106.643584484145038, -6.181509350674912 ], [ 106.643401585283044, -6.182382921014372 ], [ 106.64325494488385, -6.182977760730834 ], [ 106.643163351897655, -6.183368109965129 ], [ 106.643145480598761, -6.183591060089588 ], [ 106.643433697191668, -6.183766627129197 ], [ 106.643879755518768, -6.183969567473041 ], [ 106.644252666681055, -6.184525650391374 ], [ 106.644272374115275, -6.18489708060957 ], [ 106.644250589758215, -6.18496316666295 ], [ 106.644223496673504, -6.185045357508864 ], [ 106.644169324511239, -6.18501703675501 ], [ 106.643117145233035, -6.185295218212371 ], [ 106.642110041149593, -6.185344153453836 ], [ 106.639821268380317, -6.185488687082819 ], [ 106.638266729380149, -6.186180800313204 ], [ 106.636848409855261, -6.186505921150636 ], [ 106.635474463056198, -6.186372690384463 ], [ 106.634193351216311, -6.186651560959453 ], [ 106.633324717570986, -6.187066623971342 ], [ 106.632133272509378, -6.18774824038793 ], [ 106.631824646113628, -6.187665020744048 ], [ 106.631011145523445, -6.18717413015539 ], [ 106.630546352172047, -6.186914350985913 ], [ 106.630284288995469, -6.186566880161949 ], [ 106.630080314114736, -6.186248253791208 ], [ 106.630020180951263, -6.185551887479055 ], [ 106.630048291234559, -6.185261571689596 ], [ 106.63004965781937, -6.185254219913179 ], [ 106.630134222554972, -6.184913032573293 ], [ 106.630202764629047, -6.18362130089094 ], [ 106.630083211785788, -6.182460749487256 ], [ 106.629702400505863, -6.18121393006917 ], [ 106.629120550966476, -6.180606231291802 ], [ 106.628364352689204, -6.179882973620775 ], [ 106.628044119552754, -6.179477632511142 ], [ 106.62783890776322, -6.178752686066425 ], [ 106.627982217980929, -6.17820081054954 ], [ 106.62804266830463, -6.178074423864891 ] ] ] ] } },
{ "type": "Feature", "properties": { "ID": 154, "KECAMATAN": "Karawaci", "PUSKESMAS": "Pasar Baru", "KELURAHAN": "Koang Jaya", "AREA": 780056.024202, "PERIMETER": 4222.203331, "REGENCY": "Kota Tangerang", "HECTARES": 78.006, "X_COORD": 106.6154, "Y_COORD": -6.16256 }, "geometry": { "type": "MultiPolygon", "coordinates": [ [ [ [ 106.615060096893387, -6.157894447777184 ], [ 106.615694654862693, -6.158382144932585 ], [ 106.616251145768416, -6.158698178527162 ], [ 106.616926439105598, -6.158934421491494 ], [ 106.61728332528763, -6.158853909844417 ], [ 106.617618012407462, -6.158712242862155 ], [ 106.617633149625078, -6.158840139596861 ], [ 106.617634088079342, -6.15915013623572 ], [ 106.617731290253104, -6.159285466224646 ], [ 106.617905339096779, -6.159226813448153 ], [ 106.618117869817539, -6.159090544040425 ], [ 106.618388592673298, -6.158992847953087 ], [ 106.618408244382337, -6.159089663134365 ], [ 106.618524805007013, -6.159224934196344 ], [ 106.61871850545468, -6.159263096341417 ], [ 106.619124736295845, -6.159164988659527 ], [ 106.619415169475602, -6.159183481967567 ], [ 106.619512783100859, -6.159454434912742 ], [ 106.619513429097381, -6.159667557398514 ], [ 106.619533550899448, -6.159919370644286 ], [ 106.619688769894481, -6.160035148990162 ], [ 106.619901770202006, -6.160053877049478 ], [ 106.619863875994469, -6.160325241386042 ], [ 106.619883763065147, -6.160499555494154 ], [ 106.619923419781529, -6.160809434161477 ], [ 106.619866108517115, -6.161061482540876 ], [ 106.619750663364925, -6.1612943325679 ], [ 106.619732303798173, -6.161623762424891 ], [ 106.619810618708655, -6.161914148706202 ], [ 106.620024148696658, -6.162107249400481 ], [ 106.620392075766802, -6.162144881222717 ], [ 106.620702104031679, -6.162240813589633 ], [ 106.620973356767493, -6.162317488705035 ], [ 106.62114822926776, -6.16253008126159 ], [ 106.621149052693269, -6.162801327809816 ], [ 106.621150405543972, -6.163246947132826 ], [ 106.621132635354058, -6.163770124334653 ], [ 106.621115630076346, -6.164545173317633 ], [ 106.621137165526264, -6.165261980256752 ], [ 106.621118689646437, -6.16555266042273 ], [ 106.621119572309439, -6.165843281695612 ], [ 106.621023191598525, -6.165979199427686 ], [ 106.620849553224545, -6.166173476972473 ], [ 106.620617250777073, -6.166174183581268 ], [ 106.620481917481456, -6.166232719994919 ], [ 106.620434374100682, -6.166513801167246 ], [ 106.620396598232162, -6.166823915043378 ], [ 106.620388045988705, -6.167025741211392 ], [ 106.620356610949756, -6.167031311299248 ], [ 106.61929619337252, -6.167231185749186 ], [ 106.618038216742789, -6.167077687663789 ], [ 106.617369216357801, -6.166765078353527 ], [ 106.616581968660427, -6.166334836459849 ], [ 106.615794245777082, -6.165747274012963 ], [ 106.615087022082449, -6.165788748181856 ], [ 106.614577828929768, -6.166340913340861 ], [ 106.613988256747547, -6.166303369428514 ], [ 106.612255272722919, -6.165010719783584 ], [ 106.611623881596557, -6.164571214000115 ], [ 106.611073875167321, -6.164188358015447 ], [ 106.610717356553266, -6.163245510178556 ], [ 106.610126482536643, -6.162775332378038 ], [ 106.609694692990459, -6.162933957270853 ], [ 106.609654329328549, -6.162580106945193 ], [ 106.609833296421058, -6.161906724688743 ], [ 106.610024112835376, -6.162033212664618 ], [ 106.61027822513158, -6.162083280490549 ], [ 106.610722615065995, -6.162069229376718 ], [ 106.611002199925082, -6.1621446374825 ], [ 106.612119235485267, -6.162014173208367 ], [ 106.612550965349968, -6.16201286766496 ], [ 106.612829705886284, -6.161808683950396 ], [ 106.612802621572172, -6.161249579148212 ], [ 106.613030416512117, -6.160994714375708 ], [ 106.613309002844787, -6.160739695908161 ], [ 106.613537027643218, -6.160561083048682 ], [ 106.613612140203301, -6.160205009814268 ], [ 106.613966529220605, -6.159822674008669 ], [ 106.614168927309194, -6.159567885884046 ], [ 106.614269588752691, -6.159262570501199 ], [ 106.614116369848091, -6.158983440954009 ], [ 106.613734282822691, -6.158603333417568 ], [ 106.613555975729867, -6.158425949756373 ], [ 106.613555208297868, -6.158171776357023 ], [ 106.613656407273282, -6.158044382424888 ], [ 106.613935759614648, -6.158043537438704 ], [ 106.614393419009872, -6.15822007572575 ], [ 106.614571035099431, -6.158168703108917 ], [ 106.614926343939104, -6.158091375047067 ], [ 106.615060096893387, -6.157894447777184 ] ] ] ] } },
{ "type": "Feature", "properties": { "ID": 161, "KECAMATAN": "Karawaci", "PUSKESMAS": "Paburan Tumpeng", "KELURAHAN": "Sumur Pacing", "AREA": 482590.77161499998, "PERIMETER": 3168.743862, "REGENCY": "Kota Tangerang", "HECTARES": 48.259, "X_COORD": 106.61723, "Y_COORD": -6.17428 }, "geometry": { "type": "MultiPolygon", "coordinates": [ [ [ [ 106.615353041197537, -6.170480570190613 ], [ 106.615655007769035, -6.170451748993008 ], [ 106.616564809675921, -6.170429612636816 ], [ 106.617213297709156, -6.17041795595317 ], [ 106.618238898383481, -6.17027921532089 ], [ 106.619090916709197, -6.170354125083644 ], [ 106.61977089112834, -6.170299695197237 ], [ 106.619818330732414, -6.170670368980769 ], [ 106.619872007889498, -6.171391612972911 ], [ 106.619823417753111, -6.172345049018256 ], [ 106.619800492695319, -6.173272642417461 ], [ 106.619829524035197, -6.17435466491912 ], [ 106.619909180993773, -6.175153123249044 ], [ 106.619961842117689, -6.175539431034076 ], [ 106.62016904101246, -6.17595103271474 ], [ 106.62042843194547, -6.176594356053888 ], [ 106.620841969755858, -6.177134151260509 ], [ 106.621132775330324, -6.177230181888259 ], [ 106.620624309349182, -6.17753161313135 ], [ 106.619446337973599, -6.177849841494395 ], [ 106.618267408715553, -6.177853430039653 ], [ 106.617914327067552, -6.178051154611481 ], [ 106.617246982928435, -6.178289164880022 ], [ 106.615635299187645, -6.178136743266641 ], [ 106.615006416234692, -6.17809932330629 ], [ 106.613866185810664, -6.177906133991628 ], [ 106.613848836656871, -6.177891753557525 ], [ 106.61383318777672, -6.177878782451496 ], [ 106.613841741042663, -6.17779955231497 ], [ 106.61384049223463, -6.177387322254371 ], [ 106.613762481713593, -6.1771299127822 ], [ 106.613453405396243, -6.177079321178653 ], [ 106.613323908443562, -6.176822067747807 ], [ 106.613658025676102, -6.17664070193612 ], [ 106.61378650822239, -6.176563018312545 ], [ 106.61392797944761, -6.176523942183596 ], [ 106.614184163838772, -6.176110931061911 ], [ 106.614673052244839, -6.176032153598313 ], [ 106.614826887356543, -6.175825569824631 ], [ 106.615083929673403, -6.17569596654286 ], [ 106.615289641514636, -6.175618048213175 ], [ 106.615339722328528, -6.175154133379704 ], [ 106.615261087080185, -6.174690609303432 ], [ 106.614977365205988, -6.174511118267215 ], [ 106.614976974879298, -6.17438229643066 ], [ 106.614976194250815, -6.174124652755238 ], [ 106.61507721546964, -6.173480231076965 ], [ 106.615152337407849, -6.172784358813074 ], [ 106.615254529349755, -6.172526402679809 ], [ 106.615536844836868, -6.172242135314693 ], [ 106.615586925877892, -6.171778220540474 ], [ 106.615482392537714, -6.171263245757856 ], [ 106.615377703449383, -6.170696742160815 ], [ 106.615353041197537, -6.170480570190613 ] ] ] ] } },
{ "type": "Feature", "properties": { "ID": 160, "KECAMATAN": "Karawaci", "PUSKESMAS": "Bugel", "KELURAHAN": "Margasari", "AREA": 854095.53475400002, "PERIMETER": 3955.26486, "REGENCY": "Kota Tangerang", "HECTARES": 85.41, "X_COORD": 106.61036, "Y_COORD": -6.17481 }, "geometry": { "type": "MultiPolygon", "coordinates": [ [ [ [ 106.605213787251984, -6.171293863765762 ], [ 106.605678030912586, -6.171305369200406 ], [ 106.606055616322791, -6.17133329288596 ], [ 106.606558771643336, -6.171273649598457 ], [ 106.607584674047757, -6.171231802739912 ], [ 106.608281417118306, -6.171171573321372 ], [ 106.608978335163229, -6.171169467623647 ], [ 106.609404053991526, -6.171110055779651 ], [ 106.609888024557904, -6.171108592580532 ], [ 106.610367194454341, -6.171004311627295 ], [ 106.61042972040859, -6.170990704174065 ], [ 106.611252206287503, -6.170901028146234 ], [ 106.611871453551174, -6.170821653739542 ], [ 106.612587494354173, -6.170741985511768 ], [ 106.613284351747311, -6.170720499502048 ], [ 106.613806862689543, -6.170660791064562 ], [ 106.614397041069239, -6.17057181449452 ], [ 106.615353041197537, -6.170480570190613 ], [ 106.615377703449383, -6.170696742160815 ], [ 106.615482392537714, -6.171263245757856 ], [ 106.615586925877892, -6.171778220540474 ], [ 106.615536844836868, -6.172242135314693 ], [ 106.615254529349755, -6.172526402679809 ], [ 106.615152337407849, -6.172784358813074 ], [ 106.61507721546964, -6.173480231076965 ], [ 106.614976194250815, -6.174124652755238 ], [ 106.614976974879298, -6.17438229643066 ], [ 106.614977365205988, -6.174511118267215 ], [ 106.615261087080185, -6.174690609303432 ], [ 106.615339722328528, -6.175154133379704 ], [ 106.615289641514636, -6.175618048213175 ], [ 106.615083929673403, -6.17569596654286 ], [ 106.614826887356543, -6.175825569824631 ], [ 106.614673052244839, -6.176032153598313 ], [ 106.614184163838772, -6.176110931061911 ], [ 106.61392797944761, -6.176523942183596 ], [ 106.61378650822239, -6.176563018312545 ], [ 106.613658025676102, -6.17664070193612 ], [ 106.613323908443562, -6.176822067747807 ], [ 106.613453405396243, -6.177079321178653 ], [ 106.613762481713593, -6.1771299127822 ], [ 106.61384049223463, -6.177387322254371 ], [ 106.613841741042663, -6.17779955231497 ], [ 106.61383318777672, -6.177878782451496 ], [ 106.613831336545815, -6.177895930671783 ], [ 106.61378759032273, -6.177906372486935 ], [ 106.612136608265033, -6.177754058943297 ], [ 106.610682590409581, -6.177758464392853 ], [ 106.609858287424458, -6.178075601899496 ], [ 106.608720194090992, -6.178590338917768 ], [ 106.608327927677536, -6.178827506941243 ], [ 106.60714993919899, -6.179145710698823 ], [ 106.605576952923698, -6.178796490027021 ], [ 106.605215923616683, -6.176359100857542 ], [ 106.60521308019797, -6.175415181976224 ], [ 106.605603332239667, -6.174509407408851 ], [ 106.605127970563203, -6.173252271447091 ], [ 106.605213787251984, -6.171293863765762 ] ] ] ] } },
{ "type": "Feature", "properties": { "ID": 161, "KECAMATAN": "Karawaci", "PUSKESMAS": "Bugel", "KELURAHAN": "Pabuaran", "AREA": 657864.44458799995, "PERIMETER": 3549.416053, "REGENCY": "Kota Tangerang", "HECTARES": 65.786, "X_COORD": 106.61818, "Y_COORD": -6.18087 }, "geometry": { "type": "MultiPolygon", "coordinates": [ [ [ [ 106.613298653794573, -6.183935521681066 ], [ 106.613268687143787, -6.183938946127623 ], [ 106.613365351679519, -6.183596417520696 ], [ 106.613370103605519, -6.183572257860445 ], [ 106.613599375214676, -6.182772858639533 ], [ 106.613571679102321, -6.18212882736856 ], [ 106.613802512316383, -6.18184471576834 ], [ 106.613930371037924, -6.181560916813107 ], [ 106.613824819642005, -6.180711005083395 ], [ 106.613796889777646, -6.17998968068829 ], [ 106.613615826578894, -6.17970681947903 ], [ 106.613382730304139, -6.179243763706918 ], [ 106.613227411094584, -6.178960824124501 ], [ 106.61327803956371, -6.178677259685951 ], [ 106.613430315047538, -6.177955388327121 ], [ 106.613662239753893, -6.178031978528996 ], [ 106.613816700138202, -6.1780315098403 ], [ 106.613831336545815, -6.177895930671783 ], [ 106.61383318777672, -6.177878782451496 ], [ 106.613848836656871, -6.177891753557525 ], [ 106.613866185810664, -6.177906133991628 ], [ 106.615006416234692, -6.17809932330629 ], [ 106.615635299187645, -6.178136743266641 ], [ 106.617246982928435, -6.178289164880022 ], [ 106.617914327067552, -6.178051154611481 ], [ 106.618267408715553, -6.177853430039653 ], [ 106.619446337973599, -6.177849841494395 ], [ 106.620624309349182, -6.17753161313135 ], [ 106.621132775330324, -6.177230181888259 ], [ 106.621383127085409, -6.177312853575316 ], [ 106.622027493050737, -6.177568534039346 ], [ 106.622620922269419, -6.178004720507813 ], [ 106.622983133728482, -6.178596198774199 ], [ 106.623077870317132, -6.178826907119835 ], [ 106.623125781854625, -6.178943584119811 ], [ 106.622766160330343, -6.179202326758277 ], [ 106.622328915937018, -6.179332483550922 ], [ 106.622200670047874, -6.179487461890915 ], [ 106.622201768785587, -6.179848161669519 ], [ 106.622203024565863, -6.180260389981876 ], [ 106.622023841049938, -6.180595875348023 ], [ 106.621869772940684, -6.18072516798048 ], [ 106.621819306312332, -6.181060260619625 ], [ 106.621794269199455, -6.181292217626131 ], [ 106.621975101295106, -6.181497781943783 ], [ 106.622027216194397, -6.18170373898902 ], [ 106.621976435736954, -6.18193577454759 ], [ 106.621874246771867, -6.182193731506663 ], [ 106.621926440276326, -6.182425452819833 ], [ 106.621970306638673, -6.182754212501076 ], [ 106.622005476539485, -6.183017795312228 ], [ 106.621929816224849, -6.18353331643848 ], [ 106.62159813322809, -6.184513380273849 ], [ 106.621567833059473, -6.184509347430462 ], [ 106.621540935331339, -6.184505938971832 ], [ 106.619421895283622, -6.184223726129541 ], [ 106.618262883423199, -6.184046905716579 ], [ 106.617515926451517, -6.183920357443667 ], [ 106.616769752297628, -6.184051451379914 ], [ 106.616306836066869, -6.184207447296791 ], [ 106.615792119195575, -6.184260542080819 ], [ 106.615199545443019, -6.184107756351634 ], [ 106.614838586731338, -6.183928501378735 ], [ 106.613898747278569, -6.183866945461907 ], [ 106.613298653794573, -6.183935521681066 ] ] ] ] } },
{ "type": "Feature", "properties": { "ID": 162, "KECAMATAN": "Karawaci", "PUSKESMAS": "Karawaci Baru", "KELURAHAN": "Cimone Jaya", "AREA": 828903.49093199999, "PERIMETER": 4053.331914, "REGENCY": "Kota Tangerang", "HECTARES": 82.89, "X_COORD": 106.6168, "Y_COORD": -6.18947 }, "geometry": { "type": "MultiPolygon", "coordinates": [ [ [ [ 106.613268687143787, -6.183938946127623 ], [ 106.613298653794573, -6.183935521681066 ], [ 106.613898747278569, -6.183866945461907 ], [ 106.614838586731338, -6.183928501378735 ], [ 106.615199545443019, -6.184107756351634 ], [ 106.615792119195575, -6.184260542080819 ], [ 106.616306836066869, -6.184207447296791 ], [ 106.616769752297628, -6.184051451379914 ], [ 106.617515926451517, -6.183920357443667 ], [ 106.618262883423199, -6.184046905716579 ], [ 106.619421895283622, -6.184223726129541 ], [ 106.621540935331339, -6.184505938971832 ], [ 106.621547038568792, -6.184642358793318 ], [ 106.621471063910718, -6.185054822904715 ], [ 106.621394853667496, -6.185389994205694 ], [ 106.621189375452985, -6.185545208456164 ], [ 106.620906352100704, -6.185597601216333 ], [ 106.620675051462769, -6.185727129599853 ], [ 106.620495238073715, -6.185856500832626 ], [ 106.62028983783101, -6.186037479136302 ], [ 106.620032636181023, -6.186115557278512 ], [ 106.619595934374232, -6.186426063526825 ], [ 106.619441785736484, -6.186529591724717 ], [ 106.6193652604275, -6.186761705908758 ], [ 106.619314086663167, -6.186864920100835 ], [ 106.619264010969175, -6.187328834496975 ], [ 106.619213464654592, -6.187638163101055 ], [ 106.619343124972247, -6.187946942164142 ], [ 106.619575996144192, -6.188332699942517 ], [ 106.619679677668969, -6.188564264466272 ], [ 106.619679991563586, -6.188667321640551 ], [ 106.619681011757862, -6.189002257453732 ], [ 106.619655895735548, -6.189208450341122 ], [ 106.61955362657261, -6.189440643150904 ], [ 106.619245955502137, -6.189853814314733 ], [ 106.619247367988223, -6.190317571672735 ], [ 106.619224370832725, -6.191219400614511 ], [ 106.619239322797341, -6.191902115194136 ], [ 106.618904729271961, -6.191928900619372 ], [ 106.618209641051052, -6.191931020752649 ], [ 106.617926456891567, -6.191931884249893 ], [ 106.617902281537681, -6.192447248998945 ], [ 106.617749307492744, -6.192937241937531 ], [ 106.617698368395295, -6.193117749131421 ], [ 106.617776541914239, -6.193426685396105 ], [ 106.617906203776514, -6.193735464595297 ], [ 106.617753700391091, -6.194380043484115 ], [ 106.617674488827262, -6.195063683978423 ], [ 106.617215112671843, -6.195051564331086 ], [ 106.616082290201419, -6.195029252690588 ], [ 106.615412471064943, -6.194876705722026 ], [ 106.614851840403475, -6.19448442595814 ], [ 106.6147158898968, -6.194389299613094 ], [ 106.614250929049035, -6.193875422886087 ], [ 106.613734246110212, -6.193284409030522 ], [ 106.613394406002698, -6.192898090263244 ], [ 106.613291575647423, -6.192727746802505 ], [ 106.613138805910211, -6.19260112356031 ], [ 106.613005203482047, -6.192608446791824 ], [ 106.612730525199112, -6.19218642557674 ], [ 106.612059343677075, -6.191165880925181 ], [ 106.612366577058665, -6.188805138235449 ], [ 106.613187075007872, -6.187229440036242 ], [ 106.613139190297474, -6.184397814906265 ], [ 106.613268687143787, -6.183938946127623 ] ] ] ] } },
{ "type": "Feature", "properties": { "ID": 162, "KECAMATAN": "Karawaci", "PUSKESMAS": "Karawaci Baru", "KELURAHAN": "Cimone", "AREA": 756896.7507, "PERIMETER": 4082.515151, "REGENCY": "Kota Tangerang", "HECTARES": 75.69, "X_COORD": 106.60894, "Y_COORD": -6.18904 }, "geometry": { "type": "MultiPolygon", "coordinates": [ [ [ [ 106.606443439338989, -6.18490597295248 ], [ 106.606732037487035, -6.184854842070708 ], [ 106.606937988007047, -6.184854219141144 ], [ 106.607298557019504, -6.184904657732528 ], [ 106.608560237054093, -6.184978132978554 ], [ 106.608920104872865, -6.184796690496955 ], [ 106.609562452493392, -6.184382510120988 ], [ 106.609947985241945, -6.184175224719409 ], [ 106.610410826785653, -6.18399346945141 ], [ 106.61093861213493, -6.184004751807846 ], [ 106.611453330471903, -6.183951661666128 ], [ 106.612199819948131, -6.183923632469631 ], [ 106.613203902167058, -6.183946349441459 ], [ 106.613268687143787, -6.183938946127623 ], [ 106.613139190297474, -6.184397814906265 ], [ 106.613187075007872, -6.187229440036242 ], [ 106.612366577058665, -6.188805138235449 ], [ 106.612059343677075, -6.191165880925181 ], [ 106.612730525199112, -6.19218642557674 ], [ 106.613005203482047, -6.192608446791824 ], [ 106.611665991941123, -6.192681851967402 ], [ 106.611616122261324, -6.192987014232749 ], [ 106.611438649049077, -6.193089223563853 ], [ 106.610905535438363, -6.193167095245088 ], [ 106.610625856108939, -6.193066274061196 ], [ 106.610574445068622, -6.192863089504343 ], [ 106.610015856938588, -6.192915620010037 ], [ 106.609635050239746, -6.192967610624202 ], [ 106.609585410338298, -6.193349025074485 ], [ 106.609433256878319, -6.193425739451509 ], [ 106.60907784707635, -6.193477652725113 ], [ 106.6085705142969, -6.193682532059709 ], [ 106.608190245186563, -6.193912443427894 ], [ 106.607479501053433, -6.194041685700502 ], [ 106.606692410173764, -6.194120323107947 ], [ 106.606209934923413, -6.194147201863098 ], [ 106.606057319517831, -6.194071411055345 ], [ 106.605979360064254, -6.193487041504302 ], [ 106.605925799830885, -6.192572168774857 ], [ 106.605924570931492, -6.192165490322988 ], [ 106.605822827765294, -6.192114962960476 ], [ 106.605492431315383, -6.192039709793693 ], [ 106.605213059994057, -6.192040554981402 ], [ 106.604933381617684, -6.191939730358144 ], [ 106.604933151358836, -6.191863478109832 ], [ 106.604932307101151, -6.191583886530617 ], [ 106.604803631950247, -6.191025087360567 ], [ 106.604793598728278, -6.190989894253976 ], [ 106.604777850929878, -6.190898077061731 ], [ 106.604635825521797, -6.190123268063444 ], [ 106.604684855690962, -6.189538513819351 ], [ 106.604656927142571, -6.188699815658479 ], [ 106.604604675466845, -6.188217038131003 ], [ 106.604609909492112, -6.188215274475198 ], [ 106.604680790429526, -6.18819139044609 ], [ 106.605442630077334, -6.188163669820079 ], [ 106.606077176341103, -6.188034662622718 ], [ 106.606534095411902, -6.187957027459731 ], [ 106.607028303598526, -6.187612394007825 ], [ 106.607382634791179, -6.187204639604291 ], [ 106.607787913336267, -6.186847566098171 ], [ 106.607201399027019, -6.186061395010185 ], [ 106.606665757445768, -6.185300486576999 ], [ 106.606443439338989, -6.18490597295248 ] ] ] ] } },
{ "type": "Feature", "properties": { "ID": 160, "KECAMATAN": "Karawaci", "PUSKESMAS": "Bugel", "KELURAHAN": "Bugel", "AREA": 967495.59412999998, "PERIMETER": 5608.036417, "REGENCY": "Kota Tangerang", "HECTARES": 96.75, "X_COORD": 106.60382, "Y_COORD": -6.17787 }, "geometry": { "type": "MultiPolygon", "coordinates": [ [ [ [ 106.606443439338989, -6.18490597295248 ], [ 106.60630828034347, -6.184666126727046 ], [ 106.606052545653654, -6.184082294151116 ], [ 106.606051778582554, -6.18382812005421 ], [ 106.605923796552659, -6.183498077524614 ], [ 106.605720083928105, -6.183320769641047 ], [ 106.605719087072032, -6.182990343251151 ], [ 106.605601695744397, -6.181961283195954 ], [ 106.605118388062095, -6.181708566472472 ], [ 106.604634621112382, -6.181303344608752 ], [ 106.6042779924109, -6.180948573761561 ], [ 106.60402310477626, -6.180644330912492 ], [ 106.60404811879522, -6.180517167091158 ], [ 106.604225284196005, -6.180313291160239 ], [ 106.604275695009733, -6.180186050707687 ], [ 106.604199121632647, -6.180059193431554 ], [ 106.603944847033205, -6.179958289932621 ], [ 106.603486785578099, -6.179654659524304 ], [ 106.602648078258696, -6.179453846784664 ], [ 106.602165232648431, -6.179353631175982 ], [ 106.60198691966842, -6.179176244575255 ], [ 106.602240887862223, -6.17917547935908 ], [ 106.602443832969982, -6.179098614720503 ], [ 106.602391968772054, -6.178742923347385 ], [ 106.602276727441549, -6.17842554944299 ], [ 106.602123582256212, -6.178171833900066 ], [ 106.602274128058994, -6.177561355714642 ], [ 106.602273287161651, -6.177281763619823 ], [ 106.602246438089637, -6.176798908311907 ], [ 106.602092682189365, -6.176341852889626 ], [ 106.601863271500221, -6.176062949047615 ], [ 106.601507259686002, -6.17591151468204 ], [ 106.601481099144294, -6.175657416387716 ], [ 106.601479877018591, -6.175250736788482 ], [ 106.601403228842287, -6.175098461254872 ], [ 106.601250619931974, -6.175022667423028 ], [ 106.601021515747505, -6.174845432868684 ], [ 106.601020675879639, -6.174565840573455 ], [ 106.601171757528931, -6.174133284918568 ], [ 106.601348235580915, -6.17370065286079 ], [ 106.601499622304871, -6.173369767138722 ], [ 106.601600139458398, -6.173013616787837 ], [ 106.60187881396287, -6.172784018830799 ], [ 106.602423731332962, -6.172413822016992 ], [ 106.60272741959912, -6.172057060019816 ], [ 106.602929063241064, -6.171548099070051 ], [ 106.603604273979855, -6.170758541810397 ], [ 106.604012002105648, -6.170922889528435 ], [ 106.604574400263004, -6.171250571317357 ], [ 106.604981053244686, -6.17128809572307 ], [ 106.605213787251984, -6.171293863765762 ], [ 106.605127970563203, -6.173252271447091 ], [ 106.605603332239667, -6.174509407408851 ], [ 106.60521308019797, -6.175415181976224 ], [ 106.605215923616683, -6.176359100857542 ], [ 106.605576952923698, -6.178796490027021 ], [ 106.60714993919899, -6.179145710698823 ], [ 106.608327927677536, -6.178827506941243 ], [ 106.608720194090992, -6.178590338917768 ], [ 106.609858287424458, -6.178075601899496 ], [ 106.610682590409581, -6.177758464392853 ], [ 106.612136608265033, -6.177754058943297 ], [ 106.61378759032273, -6.177906372486935 ], [ 106.613831336545815, -6.177895930671783 ], [ 106.613816700138202, -6.1780315098403 ], [ 106.613662239753893, -6.178031978528996 ], [ 106.613430315047538, -6.177955388327121 ], [ 106.61327803956371, -6.178677259685951 ], [ 106.613227411094584, -6.178960824124501 ], [ 106.613382730304139, -6.179243763706918 ], [ 106.613615826578894, -6.17970681947903 ], [ 106.613796889777646, -6.17998968068829 ], [ 106.613824819642005, -6.180711005083395 ], [ 106.613930371037924, -6.181560916813107 ], [ 106.613802512316383, -6.18184471576834 ], [ 106.613571679102321, -6.18212882736856 ], [ 106.613599375214676, -6.182772858639533 ], [ 106.613370103605519, -6.183572257860445 ], [ 106.613365351679519, -6.183596417520696 ], [ 106.613268687143787, -6.183938946127623 ], [ 106.613203902167058, -6.183946349441459 ], [ 106.612199819948131, -6.183923632469631 ], [ 106.611453330471903, -6.183951661666128 ], [ 106.61093861213493, -6.184004751807846 ], [ 106.610410826785653, -6.18399346945141 ], [ 106.609947985241945, -6.184175224719409 ], [ 106.609562452493392, -6.184382510120988 ], [ 106.608920104872865, -6.184796690496955 ], [ 106.608560237054093, -6.184978132978554 ], [ 106.607298557019504, -6.184904657732528 ], [ 106.606937988007047, -6.184854219141144 ], [ 106.606732037487035, -6.184854842070708 ], [ 106.606443439338989, -6.18490597295248 ] ] ] ] } },
{ "type": "Feature", "properties": { "ID": 164, "KECAMATAN": "Karawaci", "PUSKESMAS": "Karawaci Baru", "KELURAHAN": "Bojong Jaya", "AREA": 1019296.021135, "PERIMETER": 5551.157846, "REGENCY": "Kota Tangerang", "HECTARES": 101.93, "X_COORD": 106.62176, "Y_COORD": -6.20319 }, "geometry": { "type": "MultiPolygon", "coordinates": [ [ [ [ 106.617406257577514, -6.210492101611456 ], [ 106.617543462388284, -6.209865177738014 ], [ 106.61764494772855, -6.20937534124039 ], [ 106.617129500047923, -6.209196564835365 ], [ 106.617385376230999, -6.208680491988278 ], [ 106.617282082435182, -6.208577749471128 ], [ 106.617152808038526, -6.20839779266766 ], [ 106.617048649794867, -6.208011642686949 ], [ 106.617176194865721, -6.207624784801213 ], [ 106.617174937389535, -6.207212555883365 ], [ 106.617250599887996, -6.206697033793257 ], [ 106.6174027892352, -6.205949397032665 ], [ 106.617736605752441, -6.20566496723082 ], [ 106.618199223840648, -6.205405908240833 ], [ 106.618482100629578, -6.205301985555895 ], [ 106.618739232624861, -6.205198141448709 ], [ 106.618904803341223, -6.204617933400669 ], [ 106.618954012071072, -6.203870611654137 ], [ 106.619028650972297, -6.203020154080419 ], [ 106.619282164839007, -6.201731152889456 ], [ 106.619458838104435, -6.200571209292089 ], [ 106.619764861958103, -6.199616986676546 ], [ 106.620493110588029, -6.197824126816981 ], [ 106.62085046329311, -6.196818218474039 ], [ 106.621131211687356, -6.19601866044774 ], [ 106.621053900531209, -6.19599313227333 ], [ 106.620255831005707, -6.195995571247694 ], [ 106.619406272771911, -6.195998166256866 ], [ 106.618814156212679, -6.195999974095613 ], [ 106.61883864402067, -6.195587666750115 ], [ 106.619096085821724, -6.195586880854617 ], [ 106.619190945052765, -6.195260431836241 ], [ 106.619616558305765, -6.195036543130985 ], [ 106.620048126468404, -6.194799245070567 ], [ 106.622838945042375, -6.194987363292567 ], [ 106.62417666809722, -6.195494557551466 ], [ 106.625906418291038, -6.195685906832149 ], [ 106.626016240983077, -6.195667834016008 ], [ 106.626041202503515, -6.195813167077011 ], [ 106.626286033074933, -6.197259602213354 ], [ 106.626462700991141, -6.198129750021279 ], [ 106.626203832705841, -6.198827096048086 ], [ 106.625799962524127, -6.19952488692307 ], [ 106.625250912046951, -6.200165076998106 ], [ 106.624643593019783, -6.200718376442365 ], [ 106.624152274316828, -6.201271319947802 ], [ 106.623690221488644, -6.201911242640603 ], [ 106.62343072703068, -6.20240542935191 ], [ 106.623425152142929, -6.20255844596608 ], [ 106.623001804545339, -6.203438751413006 ], [ 106.622905131467618, -6.203639521449694 ], [ 106.622649498962332, -6.204232887748892 ], [ 106.622213811535929, -6.204878334630806 ], [ 106.622060762396089, -6.205342564243952 ], [ 106.622011400904441, -6.206038356640971 ], [ 106.622270896853649, -6.206707438205324 ], [ 106.622427651359075, -6.207454127812751 ], [ 106.623308415584503, -6.209229175958195 ], [ 106.623620273576151, -6.210181504429466 ], [ 106.623621615617608, -6.210619496202431 ], [ 106.623442506821334, -6.21098074834642 ], [ 106.62318545276166, -6.211110359435553 ], [ 106.622593636064863, -6.211215232831578 ], [ 106.621847349533184, -6.211320579218945 ], [ 106.620997846262256, -6.211348947429938 ], [ 106.620560340208471, -6.211401816856042 ], [ 106.620174245054855, -6.211428763982599 ], [ 106.620052946471347, -6.211584236947749 ], [ 106.619760679512197, -6.211148402594564 ], [ 106.619328289860064, -6.210946386652922 ], [ 106.618413180901769, -6.210695012203971 ], [ 106.617406257577514, -6.210492101611456 ] ] ] ] } },
{ "type": "Feature", "properties": { "ID": 164, "KECAMATAN": "Karawaci", "PUSKESMAS": "Karawaci Baru", "KELURAHAN": "Karawaci", "AREA": 1277148.719911, "PERIMETER": 5597.337003, "REGENCY": "Kota Tangerang", "HECTARES": 127.715, "X_COORD": 106.626, "Y_COORD": -6.1901 }, "geometry": { "type": "MultiPolygon", "coordinates": [ [ [ [ 106.619190945052765, -6.195260431836241 ], [ 106.619223471566428, -6.195148494881608 ], [ 106.619094750784583, -6.19514888784818 ], [ 106.618554044906929, -6.19512477366541 ], [ 106.618090492960619, -6.195074658993692 ], [ 106.617674488827262, -6.195063683978423 ], [ 106.617753700391091, -6.194380043484115 ], [ 106.617906203776514, -6.193735464595297 ], [ 106.617776541914239, -6.193426685396105 ], [ 106.617698368395295, -6.193117749131421 ], [ 106.617749307492744, -6.192937241937531 ], [ 106.617902281537681, -6.192447248998945 ], [ 106.617926456891567, -6.191931884249893 ], [ 106.618209641051052, -6.191931020752649 ], [ 106.618904729271961, -6.191928900619372 ], [ 106.619239322797341, -6.191902115194136 ], [ 106.619224370832725, -6.191219400614511 ], [ 106.619247367988223, -6.190317571672735 ], [ 106.619245955502137, -6.189853814314733 ], [ 106.61955362657261, -6.189440643150904 ], [ 106.619655895735548, -6.189208450341122 ], [ 106.619681011757862, -6.189002257453732 ], [ 106.619679991563586, -6.188667321640551 ], [ 106.619679677668969, -6.188564264466272 ], [ 106.619575996144192, -6.188332699942517 ], [ 106.619343124972247, -6.187946942164142 ], [ 106.619213464654592, -6.187638163101055 ], [ 106.619264010969175, -6.187328834496975 ], [ 106.619314086663167, -6.186864920100835 ], [ 106.6193652604275, -6.186761705908758 ], [ 106.619441785736484, -6.186529591724717 ], [ 106.619595934374232, -6.186426063526825 ], [ 106.620032636181023, -6.186115557278512 ], [ 106.62028983783101, -6.186037479136302 ], [ 106.620495238073715, -6.185856500832626 ], [ 106.620675051462769, -6.185727129599853 ], [ 106.620906352100704, -6.185597601216333 ], [ 106.621189375452985, -6.185545208456164 ], [ 106.621394853667496, -6.185389994205694 ], [ 106.621471063910718, -6.185054822904715 ], [ 106.621547038568792, -6.184642358793318 ], [ 106.621540935331339, -6.184505938971832 ], [ 106.621567833059473, -6.184509347430462 ], [ 106.623154032447786, -6.185342812286999 ], [ 106.624248470969391, -6.185537124962175 ], [ 106.624887535423937, -6.18565468212813 ], [ 106.625583612987683, -6.185681575354695 ], [ 106.626424599277613, -6.185679000959759 ], [ 106.627381672019155, -6.185705092576167 ], [ 106.627961395684324, -6.185616247174552 ], [ 106.628482764695207, -6.185411488193952 ], [ 106.629120131019477, -6.185206373075891 ], [ 106.629729119508411, -6.18520450508109 ], [ 106.63004965781937, -6.185254219913179 ], [ 106.630048291234559, -6.185261571689596 ], [ 106.630020180951263, -6.185551887479055 ], [ 106.630080314114736, -6.186248253791208 ], [ 106.630284288995469, -6.186566880161949 ], [ 106.630546352172047, -6.186914350985913 ], [ 106.631011145523445, -6.18717413015539 ], [ 106.631824646113628, -6.187665020744048 ], [ 106.632133272509378, -6.18774824038793 ], [ 106.632143908346436, -6.187751108286955 ], [ 106.632578990655773, -6.18777879369367 ], [ 106.633304513967488, -6.187950699948559 ], [ 106.634059304576127, -6.188209583696872 ], [ 106.634321816811081, -6.188702164845608 ], [ 106.634091960816022, -6.189399421765358 ], [ 106.633658571753671, -6.189923167805227 ], [ 106.633166736713775, -6.190301979026379 ], [ 106.632443259787891, -6.190797594142288 ], [ 106.631646881094611, -6.191162829597695 ], [ 106.631066618952971, -6.191077544481461 ], [ 106.630051093513089, -6.190906526876996 ], [ 106.62923910024665, -6.190909020160698 ], [ 106.628194575043395, -6.190738087782178 ], [ 106.627615023849458, -6.190884980295802 ], [ 106.626890828465662, -6.191148407642956 ], [ 106.626427719465738, -6.191440057081597 ], [ 106.626139141815912, -6.191905309455498 ], [ 106.626054451002915, -6.192660167042607 ], [ 106.626015169738366, -6.19403888001575 ], [ 106.625990700180864, -6.195519128062777 ], [ 106.626016240983077, -6.195667834016008 ], [ 106.625906418291038, -6.195685906832149 ], [ 106.62417666809722, -6.195494557551466 ], [ 106.622838945042375, -6.194987363292567 ], [ 106.620048126468404, -6.194799245070567 ], [ 106.619616558305765, -6.195036543130985 ], [ 106.619190945052765, -6.195260431836241 ] ] ] ] } },
{ "type": "Feature", "properties": { "ID": 163, "KECAMATAN": "Karawaci", "PUSKESMAS": "Karawaci Baru", "KELURAHAN": "Nusa Jaya", "AREA": 732178.62074200006, "PERIMETER": 4664.053276, "REGENCY": "Kota Tangerang", "HECTARES": 73.218, "X_COORD": 106.61794, "Y_COORD": -6.20249 }, "geometry": { "type": "MultiPolygon", "coordinates": [ [ [ [ 106.614851840403475, -6.19448442595814 ], [ 106.615412471064943, -6.194876705722026 ], [ 106.616082290201419, -6.195029252690588 ], [ 106.617215112671843, -6.195051564331086 ], [ 106.617674488827262, -6.195063683978423 ], [ 106.618090492960619, -6.195074658993692 ], [ 106.618554044906929, -6.19512477366541 ], [ 106.619094750784583, -6.19514888784818 ], [ 106.619223471566428, -6.195148494881608 ], [ 106.619190945052765, -6.195260431836241 ], [ 106.619096085821724, -6.195586880854617 ], [ 106.61883864402067, -6.195587666750115 ], [ 106.618814156212679, -6.195999974095613 ], [ 106.619406272771911, -6.195998166256866 ], [ 106.620255831005707, -6.195995571247694 ], [ 106.621053900531209, -6.19599313227333 ], [ 106.621131211687356, -6.19601866044774 ], [ 106.62085046329311, -6.196818218474039 ], [ 106.620493110588029, -6.197824126816981 ], [ 106.619764861958103, -6.199616986676546 ], [ 106.619458838104435, -6.200571209292089 ], [ 106.619282164839007, -6.201731152889456 ], [ 106.619028650972297, -6.203020154080419 ], [ 106.618954012071072, -6.203870611654137 ], [ 106.618904803341223, -6.204617933400669 ], [ 106.618739232624861, -6.205198141448709 ], [ 106.618482100629578, -6.205301985555895 ], [ 106.618199223840648, -6.205405908240833 ], [ 106.617736605752441, -6.20566496723082 ], [ 106.6174027892352, -6.205949397032665 ], [ 106.617250599887996, -6.206697033793257 ], [ 106.617174937389535, -6.207212555883365 ], [ 106.617176194865721, -6.207624784801213 ], [ 106.617048649794867, -6.208011642686949 ], [ 106.617152808038526, -6.20839779266766 ], [ 106.617282082435182, -6.208577749471128 ], [ 106.617385376230999, -6.208680491988278 ], [ 106.617129500047923, -6.209196564835365 ], [ 106.61764494772855, -6.20937534124039 ], [ 106.617543462388284, -6.209865177738014 ], [ 106.617406257577514, -6.210492101611456 ], [ 106.617294965031931, -6.210469674311697 ], [ 106.616329370875036, -6.210320120072387 ], [ 106.615212521085013, -6.210230412598702 ], [ 106.615053530127682, -6.206534843849616 ], [ 106.615081811563414, -6.202916389808603 ], [ 106.614917192258289, -6.200478426012617 ], [ 106.61475042449662, -6.197332526309991 ], [ 106.6147827881951, -6.195051281842877 ], [ 106.614851840403475, -6.19448442595814 ] ] ] ] } },
{ "type": "Feature", "properties": { "ID": 163, "KECAMATAN": "Karawaci", "PUSKESMAS": "Karawaci Baru", "KELURAHAN": "Karawaci Baru", "AREA": 665775.23260600003, "PERIMETER": 4327.664638, "REGENCY": "Kota Tangerang", "HECTARES": 66.578, "X_COORD": 106.613, "Y_COORD": -6.20157 }, "geometry": { "type": "MultiPolygon", "coordinates": [ [ [ [ 106.611428745824625, -6.204811472628754 ], [ 106.611295967873247, -6.204654648615239 ], [ 106.610862118972364, -6.203969694225242 ], [ 106.610809393651522, -6.20333441543614 ], [ 106.610884738273725, -6.203054593083716 ], [ 106.611060902385887, -6.202520288491779 ], [ 106.61118557608485, -6.201757382446897 ], [ 106.611170677839937, -6.201033027192548 ], [ 106.611093172880828, -6.200601164246438 ], [ 106.610838346993603, -6.200322345673627 ], [ 106.610808707080849, -6.198924469445477 ], [ 106.610779608005274, -6.197704514466076 ], [ 106.610956542935256, -6.197424383593035 ], [ 106.611284166466731, -6.196584608335534 ], [ 106.611661890142528, -6.195515922801397 ], [ 106.611813041021037, -6.195108782472768 ], [ 106.611990668962306, -6.195057407516738 ], [ 106.612053584107528, -6.194866584607925 ], [ 106.612026412773417, -6.194282063332465 ], [ 106.612305707198587, -6.194255796931334 ], [ 106.612508886480853, -6.194255179328936 ], [ 106.612634870589361, -6.193924368161363 ], [ 106.612632864887985, -6.19326351789574 ], [ 106.612886761322301, -6.193237328532151 ], [ 106.613343682157023, -6.193159686616346 ], [ 106.613444731317102, -6.192981456522944 ], [ 106.613394406002698, -6.192898090263244 ], [ 106.613734246110212, -6.193284409030522 ], [ 106.614250929049035, -6.193875422886087 ], [ 106.6147158898968, -6.194389299613094 ], [ 106.614851840403475, -6.19448442595814 ], [ 106.6147827881951, -6.195051281842877 ], [ 106.61475042449662, -6.197332526309991 ], [ 106.614917192258289, -6.200478426012617 ], [ 106.615081811563414, -6.202916389808603 ], [ 106.615053530127682, -6.206534843849616 ], [ 106.615212521085013, -6.210230412598702 ], [ 106.615109950393105, -6.210222173805628 ], [ 106.614246490861504, -6.210250226341211 ], [ 106.614246007121309, -6.210247375377288 ], [ 106.614220628149312, -6.210097800135127 ], [ 106.61406599427464, -6.209361163767725 ], [ 106.613887897881781, -6.209260036861003 ], [ 106.613379084520716, -6.208981995538328 ], [ 106.612946156505444, -6.208602052175721 ], [ 106.612754472143038, -6.208208664488552 ], [ 106.612574984590992, -6.2076500254812 ], [ 106.612472000844576, -6.20719282344896 ], [ 106.612115423694647, -6.206863481374779 ], [ 106.611911003199097, -6.206457423046142 ], [ 106.611985188213879, -6.205796340891009 ], [ 106.611882746504634, -6.205517059700494 ], [ 106.611703802131302, -6.205136341099491 ], [ 106.611428745824625, -6.204811472628754 ] ] ] ] } },
{ "type": "Feature", "properties": { "ID": 368, "KECAMATAN": "Karawaci", "PUSKESMAS": "Paburan Tumpeng", "KELURAHAN": "Sukajadi", "AREA": 706414.12066100002, "PERIMETER": 3662.961629, "REGENCY": "Kota Tangerang", "HECTARES": 70.641, "X_COORD": 106.62589, "Y_COORD": -6.18057 }, "geometry": { "type": "MultiPolygon", "coordinates": [ [ [ [ 106.628793277966707, -6.175469090247724 ], [ 106.628686351796105, -6.176123511467291 ], [ 106.628327989182253, -6.177474177330315 ], [ 106.62804266830463, -6.178074423864891 ], [ 106.627982217980929, -6.17820081054954 ], [ 106.62783890776322, -6.178752686066425 ], [ 106.628044119552754, -6.179477632511142 ], [ 106.628364352689204, -6.179882973620775 ], [ 106.629120550966476, -6.180606231291802 ], [ 106.629702400505863, -6.18121393006917 ], [ 106.630083211785788, -6.182460749487256 ], [ 106.630202764629047, -6.18362130089094 ], [ 106.630134222554972, -6.184913032573293 ], [ 106.63004965781937, -6.185254219913179 ], [ 106.629729119508411, -6.18520450508109 ], [ 106.629120131019477, -6.185206373075891 ], [ 106.628482764695207, -6.185411488193952 ], [ 106.627961395684324, -6.185616247174552 ], [ 106.627381672019155, -6.185705092576167 ], [ 106.626424599277613, -6.185679000959759 ], [ 106.625583612987683, -6.185681575354695 ], [ 106.624887535423937, -6.18565468212813 ], [ 106.624248470969391, -6.185537124962175 ], [ 106.623154032447786, -6.185342812286999 ], [ 106.621567833059473, -6.184509347430462 ], [ 106.62159813322809, -6.184513380273849 ], [ 106.621929816224849, -6.18353331643848 ], [ 106.622005476539485, -6.183017795312228 ], [ 106.621970306638673, -6.182754212501076 ], [ 106.621926440276326, -6.182425452819833 ], [ 106.621874246771867, -6.182193731506663 ], [ 106.621976435736954, -6.18193577454759 ], [ 106.622027216194397, -6.18170373898902 ], [ 106.621975101295106, -6.181497781943783 ], [ 106.621794269199455, -6.181292217626131 ], [ 106.621819306312332, -6.181060260619625 ], [ 106.621869772940684, -6.18072516798048 ], [ 106.622023841049938, -6.180595875348023 ], [ 106.622203024565863, -6.180260389981876 ], [ 106.622201768785587, -6.179848161669519 ], [ 106.622200670047874, -6.179487461890915 ], [ 106.622328915937018, -6.179332483550922 ], [ 106.622766160330343, -6.179202326758277 ], [ 106.623125781854625, -6.178943584119811 ], [ 106.623077870317132, -6.178826907119835 ], [ 106.624158918454, -6.178313727062295 ], [ 106.625607992554308, -6.177880424357834 ], [ 106.626856866689025, -6.176655961723446 ], [ 106.627381253764824, -6.175664646690442 ], [ 106.628138698065939, -6.175431396738165 ], [ 106.628793277966707, -6.175469090247724 ] ] ] ] } },
{ "type": "Feature", "properties": { "ID": 368, "KECAMATAN": "Karawaci", "PUSKESMAS": "Paburan Tumpeng", "KELURAHAN": "Gerendeng", "AREA": 748649.18934000004, "PERIMETER": 3377.304735, "REGENCY": "Kota Tangerang", "HECTARES": 74.865, "X_COORD": 106.62429, "Y_COORD": -6.17444 }, "geometry": { "type": "MultiPolygon", "coordinates": [ [ [ [ 106.61977089112834, -6.170299695197237 ], [ 106.620346768257392, -6.170253413920955 ], [ 106.620600541886816, -6.170233283024205 ], [ 106.621394188948898, -6.170211492055976 ], [ 106.621974831348567, -6.170170973865155 ], [ 106.622686142332853, -6.170135690025011 ], [ 106.622912068456884, -6.170234964481047 ], [ 106.623955934143495, -6.170202758880921 ], [ 106.624970800470095, -6.170170639761504 ], [ 106.625579419223669, -6.170052689987876 ], [ 106.626507465361541, -6.170078879103662 ], [ 106.627174788840634, -6.170192932375982 ], [ 106.627900552635523, -6.170451921064633 ], [ 106.628123694809119, -6.17051602492564 ], [ 106.628296775664822, -6.172003439601952 ], [ 106.628590397906052, -6.173192483822999 ], [ 106.628768115315879, -6.174410905255067 ], [ 106.628800218615012, -6.175426611323567 ], [ 106.628793277966707, -6.175469090247724 ], [ 106.628138698065939, -6.175431396738165 ], [ 106.627381253764824, -6.175664646690442 ], [ 106.626856866689025, -6.176655961723446 ], [ 106.625607992554308, -6.177880424357834 ], [ 106.624158918454, -6.178313727062295 ], [ 106.623077870317132, -6.178826907119835 ], [ 106.622983133728482, -6.178596198774199 ], [ 106.622620922269419, -6.178004720507813 ], [ 106.622027493050737, -6.177568534039346 ], [ 106.621383127085409, -6.177312853575316 ], [ 106.621132775330324, -6.177230181888259 ], [ 106.620841969755858, -6.177134151260509 ], [ 106.62042843194547, -6.176594356053888 ], [ 106.62016904101246, -6.17595103271474 ], [ 106.619961842117689, -6.175539431034076 ], [ 106.619909180993773, -6.175153123249044 ], [ 106.619829524035197, -6.17435466491912 ], [ 106.619800492695319, -6.173272642417461 ], [ 106.619823417753111, -6.172345049018256 ], [ 106.619872007889498, -6.171391612972911 ], [ 106.619818330732414, -6.170670368980769 ], [ 106.61977089112834, -6.170299695197237 ] ] ] ] } },
{ "type": "Feature", "properties": { "ID": 154, "KECAMATAN": "Karawaci", "PUSKESMAS": "Paburan Tumpeng", "KELURAHAN": "Pabuaran Tumpeng", "AREA": 511833.71843100002, "PERIMETER": 3312.350757, "REGENCY": "Kota Tangerang", "HECTARES": 51.183, "X_COORD": 106.61538, "Y_COORD": -6.16779 }, "geometry": { "type": "MultiPolygon", "coordinates": [ [ [ [ 106.620388045988705, -6.167025741211392 ], [ 106.620378533931799, -6.167250218590438 ], [ 106.620341581781872, -6.167831579082534 ], [ 106.620382358425729, -6.168509577799427 ], [ 106.620365118298707, -6.169207127927045 ], [ 106.620327754577275, -6.169652865123048 ], [ 106.620367707906155, -6.170059617187759 ], [ 106.620346768257392, -6.170253413920955 ], [ 106.61977089112834, -6.170299695197237 ], [ 106.619090916709197, -6.170354125083644 ], [ 106.618238898383481, -6.17027921532089 ], [ 106.617213297709156, -6.17041795595317 ], [ 106.616564809675921, -6.170429612636816 ], [ 106.615655007769035, -6.170451748993008 ], [ 106.615353041197537, -6.170480570190613 ], [ 106.614397041069239, -6.17057181449452 ], [ 106.613806862689543, -6.170660791064562 ], [ 106.613284351747311, -6.170720499502048 ], [ 106.612587494354173, -6.170741985511768 ], [ 106.611871453551174, -6.170821653739542 ], [ 106.611252206287503, -6.170901028146234 ], [ 106.61042972040859, -6.170990704174065 ], [ 106.610367194454341, -6.171004311627295 ], [ 106.6107240899548, -6.169776160994438 ], [ 106.610801279152454, -6.167258372766359 ], [ 106.611021749764362, -6.165390755443684 ], [ 106.611623881596557, -6.164571214000115 ], [ 106.612255272722919, -6.165010719783584 ], [ 106.613988256747547, -6.166303369428514 ], [ 106.614577828929768, -6.166340913340861 ], [ 106.615087022082449, -6.165788748181856 ], [ 106.615794245777082, -6.165747274012963 ], [ 106.616581968660427, -6.166334836459849 ], [ 106.617369216357801, -6.166765078353527 ], [ 106.618038216742789, -6.167077687663789 ], [ 106.61929619337252, -6.167231185749186 ], [ 106.620356610949756, -6.167031311299248 ], [ 106.620388045988705, -6.167025741211392 ] ] ] ] } },
{ "type": "Feature", "properties": { "ID": 154, "KECAMATAN": "Karawaci", "PUSKESMAS": "Paburan Tumpeng", "KELURAHAN": "Nambo Jaya", "AREA": 438887.03232300002, "PERIMETER": 3337.865829, "REGENCY": "Kota Tangerang", "HECTARES": 43.889, "X_COORD": 106.60761, "Y_COORD": -6.16649 }, "geometry": { "type": "MultiPolygon", "coordinates": [ [ [ [ 106.610367194454341, -6.171004311627295 ], [ 106.609888024557904, -6.171108592580532 ], [ 106.609404053991526, -6.171110055779651 ], [ 106.608978335163229, -6.171169467623647 ], [ 106.608281417118306, -6.171171573321372 ], [ 106.607584674047757, -6.171231802739912 ], [ 106.606558771643336, -6.171273649598457 ], [ 106.606055616322791, -6.17133329288596 ], [ 106.605678030912586, -6.171305369200406 ], [ 106.605213787251984, -6.171293863765762 ], [ 106.604981053244686, -6.17128809572307 ], [ 106.604574400263004, -6.171250571317357 ], [ 106.604012002105648, -6.170922889528435 ], [ 106.603604273979855, -6.170758541810397 ], [ 106.603713601249552, -6.170630699786782 ], [ 106.604308543266839, -6.170006174488718 ], [ 106.605093459174654, -6.16921586150371 ], [ 106.605675432153106, -6.16850241273921 ], [ 106.606359141595121, -6.167839492242463 ], [ 106.6067763041478, -6.167215501741145 ], [ 106.606877200089485, -6.166986438607623 ], [ 106.607028352536204, -6.16657930037527 ], [ 106.607330733486521, -6.165790441354657 ], [ 106.607430940179356, -6.165332621546069 ], [ 106.607455264728003, -6.16497670120105 ], [ 106.6075818623967, -6.164849231137804 ], [ 106.608102213761839, -6.164758699564814 ], [ 106.608483154595817, -6.164757549992446 ], [ 106.609040641978311, -6.164349185209771 ], [ 106.609141153586776, -6.163993035067828 ], [ 106.609292227277422, -6.16356047943065 ], [ 106.609342329783033, -6.163331569594616 ], [ 106.609316244379045, -6.163102889767945 ], [ 106.609137783295751, -6.162874669884387 ], [ 106.608959092639097, -6.162570197718814 ], [ 106.608956795440207, -6.161807675898955 ], [ 106.609057919631582, -6.16165486499726 ], [ 106.609159503222799, -6.161654558442896 ], [ 106.609438934661853, -6.16167913270714 ], [ 106.60971874910976, -6.161830793742426 ], [ 106.609833296421058, -6.161906724688743 ], [ 106.609654329328549, -6.162580106945193 ], [ 106.609694692990459, -6.162933957270853 ], [ 106.610126482536643, -6.162775332378038 ], [ 106.610717356553266, -6.163245510178556 ], [ 106.611073875167321, -6.164188358015447 ], [ 106.611623881596557, -6.164571214000115 ], [ 106.611021749764362, -6.165390755443684 ], [ 106.610801279152454, -6.167258372766359 ], [ 106.6107240899548, -6.169776160994438 ], [ 106.610367194454341, -6.171004311627295 ] ] ] ] } },
{ "type": "Feature", "properties": { "ID": 95, "KECAMATAN": "Pinang", "PUSKESMAS": "Kunciran", "KELURAHAN": "Sudimara Pinang", "AREA": 1138570.4809610001, "PERIMETER": 5291.034511, "REGENCY": "Kota Tangerang", "HECTARES": 113.857, "X_COORD": 106.68964, "Y_COORD": -6.22664 }, "geometry": { "type": "MultiPolygon", "coordinates": [ [ [ [ 106.694694692210831, -6.228090949755047 ], [ 106.694516071085559, -6.228300850530105 ], [ 106.694146319495005, -6.228806405948492 ], [ 106.693855891130795, -6.229232069522181 ], [ 106.693671227611773, -6.229551210711088 ], [ 106.693539106132846, -6.229710909057204 ], [ 106.693380458135323, -6.229870692554666 ], [ 106.693381053859014, -6.230056510480123 ], [ 106.693646743958524, -6.230188385828898 ], [ 106.69399116216492, -6.230054551320557 ], [ 106.694282697576554, -6.229973977865649 ], [ 106.694495505176363, -6.230159113962452 ], [ 106.694496016155526, -6.230318386376199 ], [ 106.694310841932278, -6.230478255347729 ], [ 106.694152364366971, -6.230691129885399 ], [ 106.693860658272953, -6.230718612557747 ], [ 106.69364929772027, -6.230984748238028 ], [ 106.693649893645897, -6.2311705661299 ], [ 106.69365057472595, -6.231382929433066 ], [ 106.693518282667384, -6.23148953706041 ], [ 106.693359123526321, -6.23149004818803 ], [ 106.693120214567756, -6.231437723949376 ], [ 106.692800960219529, -6.2311467462374 ], [ 106.692721380672651, -6.231147001684991 ], [ 106.692669178496857, -6.231412626241137 ], [ 106.692643332668183, -6.231625074801062 ], [ 106.692537907182952, -6.231837778811829 ], [ 106.692432056212638, -6.231917755677952 ], [ 106.692193402238658, -6.231945067344543 ], [ 106.692007120862172, -6.231759845187546 ], [ 106.691900759472531, -6.231680549345612 ], [ 106.691608967353233, -6.231681485510032 ], [ 106.691502606020563, -6.231602189567053 ], [ 106.69144887268881, -6.23138999620443 ], [ 106.691290138501202, -6.23152323392575 ], [ 106.691267123881758, -6.231835731553162 ], [ 106.691128041944523, -6.231798251969061 ], [ 106.690741678552229, -6.231771879980402 ], [ 106.690493270496887, -6.231745065436025 ], [ 106.690079227601103, -6.231691170680942 ], [ 106.689830554464123, -6.231581523644246 ], [ 106.689277231380686, -6.231113909354232 ], [ 106.688862747378153, -6.230921959801854 ], [ 106.688503710533041, -6.23081266538853 ], [ 106.688337369815656, -6.230564698712607 ], [ 106.688115935454832, -6.230344519311733 ], [ 106.687977627312719, -6.230234517860768 ], [ 106.687591441060064, -6.230263364716714 ], [ 106.687150160796236, -6.23031999858491 ], [ 106.686653345537707, -6.230266365516085 ], [ 106.686459767366003, -6.230128929271413 ], [ 106.686211271634008, -6.230074501666108 ], [ 106.685990543238489, -6.230075207287741 ], [ 106.685439515100541, -6.230325467998061 ], [ 106.685163604361094, -6.230326349642446 ], [ 106.684763225463627, -6.230230989991778 ], [ 106.683327345010539, -6.229876630468715 ], [ 106.682692486222365, -6.229795822877325 ], [ 106.682158530393664, -6.22982424744823 ], [ 106.682254257766019, -6.229550044540718 ], [ 106.682396896254374, -6.228989547687763 ], [ 106.682666133777403, -6.228500910567557 ], [ 106.68295382639252, -6.228138675616985 ], [ 106.683566294376959, -6.227721206833496 ], [ 106.683782523631919, -6.22759405584757 ], [ 106.684002063148313, -6.227359130564087 ], [ 106.68427646420713, -6.227503889996903 ], [ 106.685625330328833, -6.227555818942312 ], [ 106.686046435909162, -6.227442000951111 ], [ 106.686292944644435, -6.225444825555697 ], [ 106.686234596978778, -6.224770176647585 ], [ 106.686926090288949, -6.221337555420454 ], [ 106.689681957634832, -6.222059816565042 ], [ 106.690919406361658, -6.222421390833321 ], [ 106.691678212751285, -6.222475196677088 ], [ 106.693616923754774, -6.222468982424775 ], [ 106.695863890671063, -6.222208709167921 ], [ 106.695914468357358, -6.222204749695768 ], [ 106.695929330625319, -6.222323535713096 ], [ 106.696248920121519, -6.222720694146173 ], [ 106.69672715542508, -6.22295806856639 ], [ 106.697046234731033, -6.223195953995722 ], [ 106.697127090916084, -6.223593878813476 ], [ 106.697021157005153, -6.223647310613813 ], [ 106.69686268205642, -6.223860185165452 ], [ 106.696969979255641, -6.224231479371457 ], [ 106.696495149985509, -6.22505592074285 ], [ 106.69625701081506, -6.225242505655677 ], [ 106.696230995739157, -6.225401863199133 ], [ 106.69644388672917, -6.22561354423499 ], [ 106.696656863100586, -6.225851770513774 ], [ 106.696790431496169, -6.226143343256277 ], [ 106.69681183153358, -6.226390722916202 ], [ 106.696817980411481, -6.226461802462278 ], [ 106.696686286738924, -6.226754228024769 ], [ 106.696395520618807, -6.22707371065052 ], [ 106.695893055066676, -6.227553147609035 ], [ 106.695496353150475, -6.227926061798583 ], [ 106.695098458365365, -6.227927340291367 ], [ 106.694833195129007, -6.227928192453378 ], [ 106.694694692210831, -6.228090949755047 ] ] ] ] } },
{ "type": "Feature", "properties": { "ID": 95, "KECAMATAN": "Pinang", "PUSKESMAS": "Kunciran Baru", "KELURAHAN": "Pinang", "AREA": 1823769.5682330001, "PERIMETER": 7350.264361, "REGENCY": "Kota Tangerang", "HECTARES": 182.377, "X_COORD": 106.68889, "Y_COORD": -6.21859 }, "geometry": { "type": "MultiPolygon", "coordinates": [ [ [ [ 106.684002063148313, -6.227359130564087 ], [ 106.684070387712296, -6.227286017628167 ], [ 106.684076391622739, -6.226337541086154 ], [ 106.684112151494716, -6.2262290318438 ], [ 106.684256227114332, -6.226120176946387 ], [ 106.684273473773473, -6.225867199956921 ], [ 106.684217704140949, -6.225361534004854 ], [ 106.684143594392552, -6.224765597245585 ], [ 106.684142616013716, -6.224458480821262 ], [ 106.68414117731075, -6.224006839014065 ], [ 106.683921554866444, -6.223068114933477 ], [ 106.683828416121003, -6.222165118969023 ], [ 106.683701818600227, -6.222093259163524 ], [ 106.683762270540782, -6.221234938032112 ], [ 106.683579905950026, -6.220657411742041 ], [ 106.68339794430284, -6.220206345043563 ], [ 106.683487171698445, -6.219880875136489 ], [ 106.683485792102232, -6.219447298779948 ], [ 106.683394093176275, -6.218995944322308 ], [ 106.683138831388177, -6.218201859326684 ], [ 106.682993378333308, -6.217877136937704 ], [ 106.682704081099459, -6.217733531212302 ], [ 106.682396559359319, -6.217535785675346 ], [ 106.682093901916289, -6.216028248170378 ], [ 106.681785692810138, -6.21561371353627 ], [ 106.681458686119498, -6.214964381855377 ], [ 106.681187041637031, -6.21469425738641 ], [ 106.680970012997534, -6.214568486197159 ], [ 106.680553893571656, -6.214280754665424 ], [ 106.680503552593834, -6.21421146450259 ], [ 106.683641847476736, -6.213503062003108 ], [ 106.687684304930997, -6.212393569274982 ], [ 106.692091276109053, -6.211057939734142 ], [ 106.695552154475635, -6.209630331993649 ], [ 106.695563289738416, -6.209803265219626 ], [ 106.695571312184612, -6.209927855461136 ], [ 106.695890636581282, -6.210245380188952 ], [ 106.695865215619605, -6.210590555452297 ], [ 106.695839114980529, -6.210723367493396 ], [ 106.696157760259055, -6.210828528686627 ], [ 106.696423439708681, -6.210960405165977 ], [ 106.696609967924545, -6.211225263649897 ], [ 106.696636833425146, -6.21133136014507 ], [ 106.697007934867329, -6.211250532821586 ], [ 106.697273784738741, -6.211435499522029 ], [ 106.697248364850523, -6.211780674607089 ], [ 106.696824552266293, -6.211967853926597 ], [ 106.69661302842249, -6.212180897749398 ], [ 106.696826763123568, -6.212658034016667 ], [ 106.696721766444028, -6.213003464469036 ], [ 106.69666965074417, -6.213295633951528 ], [ 106.696724317729505, -6.213799826121324 ], [ 106.696752204163602, -6.214224467207431 ], [ 106.697060183844812, -6.215139303946199 ], [ 106.696983159441103, -6.215935920862164 ], [ 106.696932320469372, -6.216626271116594 ], [ 106.696668850009715, -6.217184575757776 ], [ 106.696035294044137, -6.218142253273228 ], [ 106.695664783123846, -6.218408899035829 ], [ 106.695372998898577, -6.21840983529269 ], [ 106.695027312687301, -6.218145487501264 ], [ 106.694576373486257, -6.218146933770985 ], [ 106.694152384924536, -6.218281021710371 ], [ 106.693754412155741, -6.218255751795106 ], [ 106.693356864051765, -6.218363208719603 ], [ 106.693463307307667, -6.218469050402007 ], [ 106.693464326725604, -6.21878759553995 ], [ 106.693359072681247, -6.219053389887648 ], [ 106.693360092133005, -6.219371935035898 ], [ 106.693546538248128, -6.219610248705688 ], [ 106.693759085566654, -6.219715750102177 ], [ 106.693971292981999, -6.21971506970975 ], [ 106.694210536325798, -6.2198735766667 ], [ 106.694264863358114, -6.220271587762109 ], [ 106.694504532197968, -6.220562821550323 ], [ 106.694690894241845, -6.220774589142442 ], [ 106.695064724697346, -6.221543214246354 ], [ 106.695383291959999, -6.221621828736654 ], [ 106.695648381753102, -6.221567886367574 ], [ 106.695861270612355, -6.221779568150835 ], [ 106.695914468357358, -6.222204749695768 ], [ 106.695863890671063, -6.222208709167921 ], [ 106.693616923754774, -6.222468982424775 ], [ 106.691678212751285, -6.222475196677088 ], [ 106.690919406361658, -6.222421390833321 ], [ 106.689681957634832, -6.222059816565042 ], [ 106.686926090288949, -6.221337555420454 ], [ 106.686234596978778, -6.224770176647585 ], [ 106.686292944644435, -6.225444825555697 ], [ 106.686046435909162, -6.227442000951111 ], [ 106.685625330328833, -6.227555818942312 ], [ 106.68427646420713, -6.227503889996903 ], [ 106.684002063148313, -6.227359130564087 ] ] ] ] } },
{ "type": "Feature", "properties": { "ID": 95, "KECAMATAN": "Pinang", "PUSKESMAS": "Kunciran Baru", "KELURAHAN": "Neroktog", "AREA": 2480797.889428, "PERIMETER": 7560.317787, "REGENCY": "Kota Tangerang", "HECTARES": 248.08, "X_COORD": 106.68674, "Y_COORD": -6.20593 }, "geometry": { "type": "MultiPolygon", "coordinates": [ [ [ [ 106.680503552593834, -6.21421146450259 ], [ 106.680493945449243, -6.214198241065138 ], [ 106.680318182402829, -6.213956317631414 ], [ 106.680118518712902, -6.213613699984946 ], [ 106.67995541820703, -6.213415493248132 ], [ 106.679774838576705, -6.213398000970718 ], [ 106.679612425761519, -6.213416582737078 ], [ 106.679395741636768, -6.213399204996996 ], [ 106.679196995184412, -6.213345638391755 ], [ 106.679088051751449, -6.213147259310239 ], [ 106.678924779942164, -6.212894854923687 ], [ 106.678923978254716, -6.212641934721703 ], [ 106.678913320251951, -6.212127090095587 ], [ 106.678912289652459, -6.211801906966831 ], [ 106.678712742405708, -6.211495419761627 ], [ 106.678459325073376, -6.211279432916085 ], [ 106.67829622600533, -6.211081225289445 ], [ 106.678258862757801, -6.210683893630784 ], [ 106.67811295794202, -6.210214642542673 ], [ 106.678003272145446, -6.209781408322276 ], [ 106.677930091231303, -6.209474519725254 ], [ 106.677929462053584, -6.209275796582213 ], [ 106.677928718506365, -6.209040941956746 ], [ 106.678070904657091, -6.208335920195246 ], [ 106.678159735187108, -6.207883990530588 ], [ 106.678338711498014, -6.207395643230391 ], [ 106.678595747470638, -6.205904390017395 ], [ 106.678521080672184, -6.205127792232747 ], [ 106.678410825036394, -6.20451390043313 ], [ 106.678282746555411, -6.203972328694203 ], [ 106.678209395734882, -6.203611242674278 ], [ 106.678208081238054, -6.203195730614153 ], [ 106.678207052564005, -6.202870547258136 ], [ 106.678331701323543, -6.202328174672725 ], [ 106.678475601924589, -6.202165125471392 ], [ 106.67871795889711, -6.201739808459685 ], [ 106.678897791444086, -6.201522447611486 ], [ 106.678861173364822, -6.201359970381208 ], [ 106.678788394515209, -6.201179541795534 ], [ 106.678950403700782, -6.201034501122942 ], [ 106.679130178810681, -6.200799074545625 ], [ 106.679273907332529, -6.200581828095426 ], [ 106.679363137394361, -6.200256358862203 ], [ 106.679362140092024, -6.199941159358247 ], [ 106.679361879869276, -6.199858912729899 ], [ 106.679361136824895, -6.199624058194286 ], [ 106.679486813286829, -6.199406868986707 ], [ 106.679268134827794, -6.19875718892106 ], [ 106.679050885434123, -6.198559152039174 ], [ 106.678815584467927, -6.198361172193591 ], [ 106.678670542297482, -6.198162906385345 ], [ 106.678874504941689, -6.197647883573932 ], [ 106.678867740293427, -6.19772869980668 ], [ 106.679012439592483, -6.197818571148129 ], [ 106.679265220656831, -6.197835836416956 ], [ 106.679500121432312, -6.19790735595017 ], [ 106.679663158317823, -6.198087498540259 ], [ 106.679862070111753, -6.198195263720847 ], [ 106.680240927404554, -6.198121799389657 ], [ 106.680349180481088, -6.198103390353978 ], [ 106.680295711455329, -6.198320350721613 ], [ 106.680711301199665, -6.198445494547412 ], [ 106.681234972515412, -6.198498031610244 ], [ 106.68130826642161, -6.19884105119626 ], [ 106.681308781364606, -6.199003642639757 ], [ 106.681417435062258, -6.199111693351699 ], [ 106.681506949816622, -6.198876552733155 ], [ 106.681759330541567, -6.19876735667026 ], [ 106.681922139402815, -6.198875235439767 ], [ 106.681922997966836, -6.199146221092164 ], [ 106.681905919313436, -6.199453395447112 ], [ 106.682194918869214, -6.199506675923069 ], [ 106.682484032965661, -6.19959608763468 ], [ 106.682709880128485, -6.199658601214461 ], [ 106.682963291811021, -6.199874587147435 ], [ 106.683289025271691, -6.200126474946386 ], [ 106.683704330071052, -6.200161287378214 ], [ 106.68392129491528, -6.200268993239642 ], [ 106.683976195321819, -6.200503675123058 ], [ 106.683976997837803, -6.200756594781736 ], [ 106.684067657947679, -6.200882767756696 ], [ 106.684554998262101, -6.200863152798068 ], [ 106.684988355225343, -6.200897906654098 ], [ 106.685385838131452, -6.201005037682558 ], [ 106.685602287087491, -6.200950151595756 ], [ 106.685817932564788, -6.200642346016051 ], [ 106.68607065694917, -6.200641541941079 ], [ 106.686250657752552, -6.200478376509623 ], [ 106.686448365748646, -6.200206759595958 ], [ 106.686681889943273, -6.199844699431189 ], [ 106.686807620376001, -6.199645574949618 ], [ 106.687944992022821, -6.199678085427385 ], [ 106.688179606525537, -6.199659272313111 ], [ 106.688288663644414, -6.199893780748763 ], [ 106.688271818685692, -6.2002732169084 ], [ 106.688362939267307, -6.200543914087951 ], [ 106.688759559620124, -6.200380057792836 ], [ 106.689282771536242, -6.200288061037798 ], [ 106.68979727363353, -6.20029545359223 ], [ 106.690393439748817, -6.20043807875431 ], [ 106.690664173758435, -6.200470244389105 ], [ 106.691133846851244, -6.200526045427338 ], [ 106.691603190715171, -6.20052454737031 ], [ 106.692180844542634, -6.200522703037805 ], [ 106.692577866219267, -6.200485303475243 ], [ 106.693029215654605, -6.200501927428849 ], [ 106.693679709866572, -6.200698572360095 ], [ 106.694384244020071, -6.200858912006676 ], [ 106.694817945608705, -6.201002051174487 ], [ 106.695143568142868, -6.201217798785002 ], [ 106.695361952915107, -6.201383486255694 ], [ 106.695252291511764, -6.20140771177312 ], [ 106.694854586165746, -6.201462075513712 ], [ 106.694722554618025, -6.201648317742357 ], [ 106.694723487227904, -6.201940317446343 ], [ 106.694724759040767, -6.202338498855394 ], [ 106.694725522168454, -6.202577407697834 ], [ 106.69487272443655, -6.202988395035708 ], [ 106.694768235422913, -6.203493097597849 ], [ 106.694609254403161, -6.203546697669049 ], [ 106.694476713656698, -6.203573667412406 ], [ 106.694397562282816, -6.20370664913739 ], [ 106.694504849962229, -6.20407794569581 ], [ 106.69439942781348, -6.204290648595318 ], [ 106.694347140717326, -6.204529727196052 ], [ 106.694480105748909, -6.204635484560296 ], [ 106.694666121163522, -6.204741072108443 ], [ 106.694772645958949, -6.204873459676491 ], [ 106.694907053412223, -6.205430489054664 ], [ 106.694695615318835, -6.205670077084203 ], [ 106.694218076626939, -6.205645059627403 ], [ 106.693501556520474, -6.205541169009266 ], [ 106.69318325382612, -6.205542186967622 ], [ 106.69307783094402, -6.205754889816359 ], [ 106.693184864281434, -6.206046550419964 ], [ 106.693371134460349, -6.206231774679044 ], [ 106.693742827226913, -6.206336768525907 ], [ 106.693822403001633, -6.206336513937704 ], [ 106.69411443525965, -6.206415216639848 ], [ 106.694247655309752, -6.206600610227539 ], [ 106.694301554135308, -6.206865894730722 ], [ 106.69459316247449, -6.206811869946292 ], [ 106.695043497958551, -6.206624608359821 ], [ 106.695256718526252, -6.206942473862256 ], [ 106.695071720620234, -6.20715543178406 ], [ 106.695045789456628, -6.207341334645997 ], [ 106.695126723443863, -6.207765806481979 ], [ 106.695260963006675, -6.208269744583607 ], [ 106.69512952485681, -6.208641805197902 ], [ 106.69510350888487, -6.208801162651611 ], [ 106.695422407626282, -6.208985960882472 ], [ 106.69552944326152, -6.209277620448801 ], [ 106.695552154475635, -6.209630331993649 ], [ 106.692091276109053, -6.211057939734142 ], [ 106.687684304930997, -6.212393569274982 ], [ 106.683641847476736, -6.213503062003108 ], [ 106.680503552593834, -6.21421146450259 ] ] ] ] } },
{ "type": "Feature", "properties": { "ID": 106, "KECAMATAN": "Pinang", "PUSKESMAS": "Kunciran Baru", "KELURAHAN": "Kunciran Jaya", "AREA": 2713107.2178890002, "PERIMETER": 8742.028456, "REGENCY": "Kota Tangerang", "HECTARES": 271.311, "X_COORD": 106.67087, "Y_COORD": -6.20764 }, "geometry": { "type": "MultiPolygon", "coordinates": [ [ [ [ 106.661643214444197, -6.218605833102755 ], [ 106.661599618149424, -6.21809132603178 ], [ 106.661542595444061, -6.217664294575894 ], [ 106.661343367154601, -6.216281129388092 ], [ 106.661339986549848, -6.215203825755241 ], [ 106.661243396865302, -6.213996794221426 ], [ 106.661258447543091, -6.213825138358615 ], [ 106.662801708118309, -6.213750429456993 ], [ 106.66372925780297, -6.213598917099072 ], [ 106.664378285182195, -6.213411131200871 ], [ 106.664971806191247, -6.21327924243423 ], [ 106.66547293414925, -6.213277664481215 ], [ 106.665918556385421, -6.213331983934779 ], [ 106.666623671932385, -6.213274039238365 ], [ 106.66750162282014, -6.213183382443618 ], [ 106.667551393373643, -6.21317824311632 ], [ 106.667699290680304, -6.212992033486317 ], [ 106.668254986917546, -6.212637368782022 ], [ 106.668203994790105, -6.211179445293288 ], [ 106.668201187778934, -6.210287886621125 ], [ 106.6680882481472, -6.209786735929011 ], [ 106.667972503085863, -6.208394026306468 ], [ 106.667933103560159, -6.207669751697615 ], [ 106.667820574417135, -6.20729861969894 ], [ 106.667752955770823, -6.206453700726005 ], [ 106.667807116875906, -6.205970597526688 ], [ 106.667843185343372, -6.205636145970225 ], [ 106.667971820092632, -6.20522710552575 ], [ 106.667970943826703, -6.20494849334852 ], [ 106.668041036434559, -6.20362949520247 ], [ 106.667890337872379, -6.202924145197574 ], [ 106.667906970840932, -6.202311139891302 ], [ 106.667887535148253, -6.202032586105196 ], [ 106.667665079237466, -6.199163551662025 ], [ 106.667679029806109, -6.197696135213463 ], [ 106.667788462995588, -6.197082837880877 ], [ 106.667916887267467, -6.196669357783801 ], [ 106.668006221299535, -6.196693043136762 ], [ 106.66870764055281, -6.196778548262641 ], [ 106.669343120794522, -6.196798475949162 ], [ 106.669898635237814, -6.196860851796406 ], [ 106.669913006607246, -6.196862465474966 ], [ 106.670058183272488, -6.196993714279657 ], [ 106.670047329702058, -6.197079083913166 ], [ 106.67004767059953, -6.197187478843428 ], [ 106.670156719908434, -6.19742199333416 ], [ 106.670265542022818, -6.197584244497278 ], [ 106.670554484212445, -6.197619466099722 ], [ 106.670861762425076, -6.197744959710682 ], [ 106.670862160376387, -6.197871420406656 ], [ 106.670736480028097, -6.198088608433498 ], [ 106.670755157174938, -6.198287275499387 ], [ 106.670810222249344, -6.198576157831704 ], [ 106.670864832549512, -6.198720513635076 ], [ 106.671135666646762, -6.1987377258344 ], [ 106.671407126386995, -6.198953661778165 ], [ 106.671822659553499, -6.199060747201602 ], [ 106.671985012120302, -6.199024103125093 ], [ 106.672056707273171, -6.198861283128372 ], [ 106.672109497094183, -6.198427533053652 ], [ 106.672234095754774, -6.197867094617267 ], [ 106.672306018355769, -6.197776537844245 ], [ 106.672558913858452, -6.197829937972954 ], [ 106.672848652874919, -6.198118079380329 ], [ 106.673211054833786, -6.198550518959197 ], [ 106.673555234753692, -6.198928817757677 ], [ 106.673826695264225, -6.199144752168876 ], [ 106.674025322063216, -6.199162190832387 ], [ 106.674187560374989, -6.199089414549507 ], [ 106.674349912592135, -6.199052769789736 ], [ 106.674584927853346, -6.199160423089306 ], [ 106.674819430209524, -6.199105484273705 ], [ 106.675017600901597, -6.198978396365419 ], [ 106.675378351533624, -6.198886926456129 ], [ 106.675829360847118, -6.198795170979506 ], [ 106.676063349459895, -6.198577639806367 ], [ 106.676279400202432, -6.198396297190189 ], [ 106.676369830106751, -6.198450209048436 ], [ 106.676550975218007, -6.198648361505249 ], [ 106.676713669293264, -6.198720110654023 ], [ 106.676858083386506, -6.198719653818925 ], [ 106.677039057543183, -6.198863608765786 ], [ 106.677491607515591, -6.199259627245864 ], [ 106.677799287050789, -6.19951157636591 ], [ 106.678016593712755, -6.199727679521076 ], [ 106.678269661401799, -6.199835273745154 ], [ 106.67852204361192, -6.199726078925171 ], [ 106.678666457844471, -6.199725621523615 ], [ 106.678973566629395, -6.199796912363161 ], [ 106.679244686205251, -6.199904448869753 ], [ 106.679362140092024, -6.199941159358247 ], [ 106.679363137394361, -6.200256358862203 ], [ 106.679273907332529, -6.200581828095426 ], [ 106.679130178810681, -6.200799074545625 ], [ 106.678950403700782, -6.201034501122942 ], [ 106.678788394515209, -6.201179541795534 ], [ 106.678861173364822, -6.201359970381208 ], [ 106.678897791444086, -6.201522447611486 ], [ 106.67871795889711, -6.201739808459685 ], [ 106.678475601924589, -6.202165125471392 ], [ 106.678331701323543, -6.202328174672725 ], [ 106.678207052564005, -6.202870547258136 ], [ 106.678208081238054, -6.203195730614153 ], [ 106.678209395734882, -6.203611242674278 ], [ 106.678282746555411, -6.203972328694203 ], [ 106.678410825036394, -6.20451390043313 ], [ 106.678521080672184, -6.205127792232747 ], [ 106.678595747470638, -6.205904390017395 ], [ 106.678338711498014, -6.207395643230391 ], [ 106.678159735187108, -6.207883990530588 ], [ 106.678070904657091, -6.208335920195246 ], [ 106.677928718506365, -6.209040941956746 ], [ 106.677929462053584, -6.209275796582213 ], [ 106.677930091231303, -6.209474519725254 ], [ 106.678003272145446, -6.209781408322276 ], [ 106.67811295794202, -6.210214642542673 ], [ 106.678258862757801, -6.210683893630784 ], [ 106.67829622600533, -6.211081225289445 ], [ 106.678459325073376, -6.211279432916085 ], [ 106.678712742405708, -6.211495419761627 ], [ 106.678912289652459, -6.211801906966831 ], [ 106.678913320251951, -6.212127090095587 ], [ 106.678923978254716, -6.212641934721703 ], [ 106.678924779942164, -6.212894854923687 ], [ 106.679088051751449, -6.213147259310239 ], [ 106.679196995184412, -6.213345638391755 ], [ 106.679395741636768, -6.213399204996996 ], [ 106.679612425761519, -6.213416582737078 ], [ 106.679774838576705, -6.213398000970718 ], [ 106.67995541820703, -6.213415493248132 ], [ 106.680118518712902, -6.213613699984946 ], [ 106.680318182402829, -6.213956317631414 ], [ 106.680493945449243, -6.214198241065138 ], [ 106.677036507336354, -6.215112587658498 ], [ 106.674142488544689, -6.215954404551303 ], [ 106.67094113748135, -6.216847775358612 ], [ 106.669000763381007, -6.217389247067819 ], [ 106.664997340339895, -6.218234523249012 ], [ 106.661643214444197, -6.218605833102755 ] ] ] ] } },
{ "type": "Feature", "properties": { "ID": 106, "KECAMATAN": "Pinang", "PUSKESMAS": "Kunciran", "KELURAHAN": "Kunciran Indah", "AREA": 2360804.772723, "PERIMETER": 6289.190413, "REGENCY": "Kota Tangerang", "HECTARES": 236.08, "X_COORD": 106.67738, "Y_COORD": -6.22316 }, "geometry": { "type": "MultiPolygon", "coordinates": [ [ [ [ 106.67094113748135, -6.216847775358612 ], [ 106.674142488544689, -6.215954404551303 ], [ 106.677036507336354, -6.215112587658498 ], [ 106.680493945449243, -6.214198241065138 ], [ 106.680503552593834, -6.21421146450259 ], [ 106.680553893571656, -6.214280754665424 ], [ 106.680970012997534, -6.214568486197159 ], [ 106.681187041637031, -6.21469425738641 ], [ 106.681458686119498, -6.214964381855377 ], [ 106.681785692810138, -6.21561371353627 ], [ 106.682093901916289, -6.216028248170378 ], [ 106.682396559359319, -6.217535785675346 ], [ 106.682704081099459, -6.217733531212302 ], [ 106.682993378333308, -6.217877136937704 ], [ 106.683138831388177, -6.218201859326684 ], [ 106.683394093176275, -6.218995944322308 ], [ 106.683485792102232, -6.219447298779948 ], [ 106.683487171698445, -6.219880875136489 ], [ 106.68339794430284, -6.220206345043563 ], [ 106.683579905950026, -6.220657411742041 ], [ 106.683762270540782, -6.221234938032112 ], [ 106.683701818600227, -6.222093259163524 ], [ 106.683828416121003, -6.222165118969023 ], [ 106.683921554866444, -6.223068114933477 ], [ 106.68414117731075, -6.224006839014065 ], [ 106.684142616013716, -6.224458480821262 ], [ 106.684143594392552, -6.224765597245585 ], [ 106.684217704140949, -6.225361534004854 ], [ 106.684273473773473, -6.225867199956921 ], [ 106.684256227114332, -6.226120176946387 ], [ 106.684112151494716, -6.2262290318438 ], [ 106.684076391622739, -6.226337541086154 ], [ 106.684070387712296, -6.227286017628167 ], [ 106.684002063148313, -6.227359130564087 ], [ 106.683782523631919, -6.22759405584757 ], [ 106.683566294376959, -6.227721206833496 ], [ 106.68295382639252, -6.228138675616985 ], [ 106.682666133777403, -6.228500910567557 ], [ 106.682396896254374, -6.228989547687763 ], [ 106.682254257766019, -6.229550044540718 ], [ 106.682158530393664, -6.22982424744823 ], [ 106.682140752403001, -6.229825193831489 ], [ 106.681865544785651, -6.230046960365591 ], [ 106.681673813594429, -6.230489349604815 ], [ 106.681619950040186, -6.230903688131575 ], [ 106.681510552461702, -6.231207759275241 ], [ 106.681290702120634, -6.231484571481455 ], [ 106.681181568026261, -6.231871475164112 ], [ 106.680961365693562, -6.232037843962093 ], [ 106.6807133083107, -6.232121468106742 ], [ 106.680327031008702, -6.232122699261364 ], [ 106.67963689859765, -6.232014453588185 ], [ 106.678725948465114, -6.231879298844318 ], [ 106.677650064913237, -6.231937945386166 ], [ 106.676298618283923, -6.232107910688121 ], [ 106.674919053034998, -6.232112294813902 ], [ 106.673553238707839, -6.232102826071084 ], [ 106.672339044743438, -6.232051456032178 ], [ 106.671725535155105, -6.232030236290051 ], [ 106.671448452823029, -6.231320616262967 ], [ 106.67048924090065, -6.230090106314167 ], [ 106.670580227092415, -6.229627237116366 ], [ 106.671738857794509, -6.225707048990224 ], [ 106.672285549026455, -6.223176542582314 ], [ 106.672344547810511, -6.222343710416869 ], [ 106.671603503641251, -6.221883475741843 ], [ 106.672092268659483, -6.220525024779135 ], [ 106.672644613218125, -6.219783146966655 ], [ 106.671994850968218, -6.218952558233019 ], [ 106.671377659753432, -6.21867696234067 ], [ 106.671390097022737, -6.21773634159376 ], [ 106.671019043306785, -6.217336611362641 ], [ 106.67094113748135, -6.216847775358612 ] ] ] ] } },
{ "type": "Feature", "properties": { "ID": 106, "KECAMATAN": "Pinang", "PUSKESMAS": "Kunciran", "KELURAHAN": "Kunciran", "AREA": 1707365.4479149999, "PERIMETER": 5635.452138, "REGENCY": "Kota Tangerang", "HECTARES": 170.737, "X_COORD": 106.66661, "Y_COORD": -6.22444 }, "geometry": { "type": "MultiPolygon", "coordinates": [ [ [ [ 106.666790244256021, -6.231608232670259 ], [ 106.665260065911369, -6.231507828152973 ], [ 106.664183652184704, -6.231400780894825 ], [ 106.663024724851795, -6.231376825669586 ], [ 106.660983043733125, -6.231410871886288 ], [ 106.660571538381532, -6.231417887616597 ], [ 106.660731113817121, -6.231133273541398 ], [ 106.660951742432388, -6.230463901098783 ], [ 106.661246147017039, -6.229645701337838 ], [ 106.661428952077998, -6.228753555609908 ], [ 106.661520529755251, -6.228363205343169 ], [ 106.661694200070116, -6.227517524418349 ], [ 106.661617737407198, -6.226811939003703 ], [ 106.661615868678879, -6.226217564910592 ], [ 106.661520962778511, -6.225549186184965 ], [ 106.661444909959371, -6.224973619909714 ], [ 106.661495805690791, -6.223450360810401 ], [ 106.661494638435414, -6.223078876933499 ], [ 106.661498696145415, -6.221416457324343 ], [ 106.661662299259419, -6.220320054363532 ], [ 106.661678526318582, -6.219577028202916 ], [ 106.661676718039104, -6.21900122816093 ], [ 106.661643214444197, -6.218605833102755 ], [ 106.664997340339895, -6.218234523249012 ], [ 106.669000763381007, -6.217389247067819 ], [ 106.67094113748135, -6.216847775358612 ], [ 106.671019043306785, -6.217336611362641 ], [ 106.671390097022737, -6.21773634159376 ], [ 106.671377659753432, -6.21867696234067 ], [ 106.671994850968218, -6.218952558233019 ], [ 106.672644613218125, -6.219783146966655 ], [ 106.672092268659483, -6.220525024779135 ], [ 106.671603503641251, -6.221883475741843 ], [ 106.672344547810511, -6.222343710416869 ], [ 106.672285549026455, -6.223176542582314 ], [ 106.671738857794509, -6.225707048990224 ], [ 106.670580227092415, -6.229627237116366 ], [ 106.67048924090065, -6.230090106314167 ], [ 106.671448452823029, -6.231320616262967 ], [ 106.671725535155105, -6.232030236290051 ], [ 106.670876527989037, -6.232000870091557 ], [ 106.669247938414273, -6.231785138052201 ], [ 106.667812837394365, -6.231679233921219 ], [ 106.667067695311616, -6.231626367562121 ], [ 106.666790244256021, -6.231608232670259 ] ] ] ] } },
{ "type": "Feature", "properties": { "ID": 107, "KECAMATAN": "Pinang", "PUSKESMAS": "Panunggangan", "KELURAHAN": "Pakojan", "AREA": 1363700.675728, "PERIMETER": 5506.033103, "REGENCY": "Kota Tangerang", "HECTARES": 136.37, "X_COORD": 106.65757, "Y_COORD": -6.21018 }, "geometry": { "type": "MultiPolygon", "coordinates": [ [ [ [ 106.647646399306041, -6.213653021813373 ], [ 106.647670113606637, -6.21347691577643 ], [ 106.647690388061463, -6.212950574794271 ], [ 106.647885614476976, -6.21231404756089 ], [ 106.647906093607418, -6.2118534907021 ], [ 106.64792677742868, -6.211458717929887 ], [ 106.648034971119557, -6.211019816076461 ], [ 106.648099068828401, -6.210493338646081 ], [ 106.648237162979854, -6.209100465292301 ], [ 106.648342356147111, -6.207696730364012 ], [ 106.648340788005925, -6.207192385738225 ], [ 106.648512705595735, -6.206171423179811 ], [ 106.649260226448405, -6.206115647740285 ], [ 106.651013477446398, -6.20627335481474 ], [ 106.65317370634061, -6.206225821008124 ], [ 106.654559848354623, -6.206303076534954 ], [ 106.656477034455548, -6.206745801839251 ], [ 106.657660644659813, -6.207231609753883 ], [ 106.65920944935371, -6.20718596471731 ], [ 106.660432545244632, -6.207263714983657 ], [ 106.660921809051416, -6.207302972724245 ], [ 106.660842331188405, -6.207955904744834 ], [ 106.661455925491197, -6.208647454098382 ], [ 106.661947364970203, -6.209380178600572 ], [ 106.66190890617051, -6.210114566922429 ], [ 106.663215067178456, -6.210681559301792 ], [ 106.665582313011512, -6.211653133612435 ], [ 106.666563028741479, -6.212425103068837 ], [ 106.66750162282014, -6.213183382443618 ], [ 106.666623671932385, -6.213274039238365 ], [ 106.665918556385421, -6.213331983934779 ], [ 106.66547293414925, -6.213277664481215 ], [ 106.664971806191247, -6.21327924243423 ], [ 106.664378285182195, -6.213411131200871 ], [ 106.66372925780297, -6.213598917099072 ], [ 106.662801708118309, -6.213750429456993 ], [ 106.661258447543091, -6.213825138358615 ], [ 106.660955216129551, -6.213839817198564 ], [ 106.660249922518489, -6.213842032061479 ], [ 106.659154802686274, -6.213826894842907 ], [ 106.658097093849221, -6.213904510107423 ], [ 106.657447596562974, -6.213943695135017 ], [ 106.656742592097515, -6.214038776584061 ], [ 106.656018852469373, -6.214078192531435 ], [ 106.655406474975862, -6.214117258891493 ], [ 106.654963150093181, -6.214160152108587 ], [ 106.654116902691712, -6.214242028448734 ], [ 106.653262890612964, -6.214170401501389 ], [ 106.652464849534667, -6.214191470534705 ], [ 106.651554923987192, -6.214045717576179 ], [ 106.650849626734853, -6.21404791997734 ], [ 106.650032561328075, -6.213920448792838 ], [ 106.649512868362876, -6.213922070177513 ], [ 106.648955765146397, -6.213830935215907 ], [ 106.648380159314044, -6.213758431796533 ], [ 106.647860408278731, -6.213741477186561 ], [ 106.647646399306041, -6.213653021813373 ] ] ] ] } },
{ "type": "Feature", "properties": { "ID": 107, "KECAMATAN": "Pinang", "PUSKESMAS": "Panunggangan", "KELURAHAN": "Cipete", "AREA": 2994938.0629099999, "PERIMETER": 8539.353429000001, "REGENCY": "Kota Tangerang", "HECTARES": 299.494, "X_COORD": 106.6581, "Y_COORD": -6.20282 }, "geometry": { "type": "MultiPolygon", "coordinates": [ [ [ [ 106.648512705595735, -6.206171423179811 ], [ 106.648523660005452, -6.206106368480578 ], [ 106.648784141718963, -6.205316140865507 ], [ 106.649023870681603, -6.204898757906276 ], [ 106.649395339725032, -6.204568677562878 ], [ 106.649745238049391, -6.20434830540385 ], [ 106.650117729474545, -6.204347144922062 ], [ 106.650402439349264, -6.204302401304442 ], [ 106.650621142436435, -6.204170150405563 ], [ 106.650741210707864, -6.204027242773944 ], [ 106.651178411555733, -6.203696956740274 ], [ 106.651374452070556, -6.20332356598523 ], [ 106.6511971149815, -6.202666272477319 ], [ 106.650823192168758, -6.202206945324892 ], [ 106.650470840164544, -6.201637909430191 ], [ 106.650293982562374, -6.201134111208679 ], [ 106.650213918639011, -6.200048913457025 ], [ 106.650036380573852, -6.199325834765313 ], [ 106.650034949264338, -6.198865346443784 ], [ 106.65012136657819, -6.198470369340445 ], [ 106.650229217761705, -6.197921827946365 ], [ 106.650456863563036, -6.197142667315547 ], [ 106.650424946534315, -6.197006191349272 ], [ 106.650421550637404, -6.196991388960106 ], [ 106.650434475544728, -6.196989239433747 ], [ 106.650542599090926, -6.19652841015983 ], [ 106.650541236138565, -6.196089849919966 ], [ 106.650343152153468, -6.195805399479998 ], [ 106.650057765422261, -6.195630861692383 ], [ 106.649750331747512, -6.195412535816236 ], [ 106.649486311531703, -6.195062505256832 ], [ 106.649266930375958, -6.194975474537952 ], [ 106.648784414520094, -6.194823477027673 ], [ 106.648587352691877, -6.194867946067803 ], [ 106.648390222768924, -6.194890487006504 ], [ 106.648149202995782, -6.194891236011737 ], [ 106.647995350579194, -6.194738216304187 ], [ 106.648126067564959, -6.194496599375641 ], [ 106.648169685224261, -6.194430679092122 ], [ 106.647936662456686, -6.19347752404329 ], [ 106.647935370334807, -6.193060891218736 ], [ 106.648000014706653, -6.192709838353996 ], [ 106.647999343549756, -6.192452466755126 ], [ 106.648109979434324, -6.192510030298947 ], [ 106.648629939913434, -6.192601287534885 ], [ 106.649372963048663, -6.192803297890119 ], [ 106.650301064603383, -6.192837560889155 ], [ 106.650988351234844, -6.19302116759907 ], [ 106.651768436722335, -6.193204484378137 ], [ 106.65292023683287, -6.193553812133673 ], [ 106.653496108327914, -6.193719187775244 ], [ 106.655335313874502, -6.194289259959554 ], [ 106.656561181955311, -6.194582624064229 ], [ 106.657861057694802, -6.194801455931429 ], [ 106.658715442509447, -6.195003103327773 ], [ 106.659560402694026, -6.195158342630569 ], [ 106.660377726667136, -6.195378677395551 ], [ 106.661064842572529, -6.195506546568113 ], [ 106.661825790631482, -6.19550416266103 ], [ 106.662549793408317, -6.195557616639838 ], [ 106.663329475152821, -6.195610894960445 ], [ 106.663491345936535, -6.195580916111264 ], [ 106.663642818941128, -6.195698059755395 ], [ 106.663971961045149, -6.195850523664657 ], [ 106.664235096190865, -6.195915482172907 ], [ 106.664673379928246, -6.1959360346054 ], [ 106.665528586581416, -6.196152629933028 ], [ 106.666251778730157, -6.196194214116173 ], [ 106.666602694618717, -6.19630275158955 ], [ 106.667107123455409, -6.196454662264725 ], [ 106.667916887267467, -6.196669357783801 ], [ 106.667788462995588, -6.197082837880877 ], [ 106.667679029806109, -6.197696135213463 ], [ 106.667665079237466, -6.199163551662025 ], [ 106.667887535148253, -6.202032586105196 ], [ 106.667906970840932, -6.202311139891302 ], [ 106.667890337872379, -6.202924145197574 ], [ 106.668041036434559, -6.20362949520247 ], [ 106.667970943826703, -6.20494849334852 ], [ 106.667971820092632, -6.20522710552575 ], [ 106.667843185343372, -6.205636145970225 ], [ 106.667807116875906, -6.205970597526688 ], [ 106.667752955770823, -6.206453700726005 ], [ 106.667820574417135, -6.20729861969894 ], [ 106.667933103560159, -6.207669751697615 ], [ 106.667972503085863, -6.208394026306468 ], [ 106.6680882481472, -6.209786735929011 ], [ 106.668201187778934, -6.210287886621125 ], [ 106.668203994790105, -6.211179445293288 ], [ 106.668254986917546, -6.212637368782022 ], [ 106.667699290680304, -6.212992033486317 ], [ 106.667551393373643, -6.21317824311632 ], [ 106.66750162282014, -6.213183382443618 ], [ 106.666563028741479, -6.212425103068837 ], [ 106.665582313011512, -6.211653133612435 ], [ 106.663215067178456, -6.210681559301792 ], [ 106.66190890617051, -6.210114566922429 ], [ 106.661947364970203, -6.209380178600572 ], [ 106.661455925491197, -6.208647454098382 ], [ 106.660842331188405, -6.207955904744834 ], [ 106.660921809051416, -6.207302972724245 ], [ 106.660432545244632, -6.207263714983657 ], [ 106.65920944935371, -6.20718596471731 ], [ 106.657660644659813, -6.207231609753883 ], [ 106.656477034455548, -6.206745801839251 ], [ 106.654559848354623, -6.206303076534954 ], [ 106.65317370634061, -6.206225821008124 ], [ 106.651013477446398, -6.20627335481474 ], [ 106.649260226448405, -6.206115647740285 ], [ 106.648512705595735, -6.206171423179811 ] ] ] ] } },
{ "type": "Feature", "properties": { "ID": 105, "KECAMATAN": "Pinang", "PUSKESMAS": "Panunggangan", "KELURAHAN": "Panunggangan Timur", "AREA": 1589070.3374900001, "PERIMETER": 5922.405483, "REGENCY": "Kota Tangerang", "HECTARES": 158.907, "X_COORD": 106.656, "Y_COORD": -6.22265 }, "geometry": { "type": "MultiPolygon", "coordinates": [ [ [ [ 106.660571538381532, -6.231417887616597 ], [ 106.658996543263115, -6.231444736657965 ], [ 106.657396321995506, -6.231477380057597 ], [ 106.656071841573507, -6.231453929804151 ], [ 106.655174640138199, -6.23130488354979 ], [ 106.654512356298014, -6.231279350370613 ], [ 106.653656758404423, -6.231199199568298 ], [ 106.652801160407265, -6.231119047307774 ], [ 106.651945303203476, -6.230956059818882 ], [ 106.650924328241473, -6.230931645419874 ], [ 106.650302937169243, -6.230951881413461 ], [ 106.650515711766445, -6.229649215590872 ], [ 106.651003978461048, -6.22936213770779 ], [ 106.651329574261069, -6.229197947229853 ], [ 106.65271411936051, -6.228744890446244 ], [ 106.653446707003781, -6.228375459820486 ], [ 106.653604397944804, -6.22666166866128 ], [ 106.65372298548607, -6.225478306331013 ], [ 106.65433174774482, -6.224619750443518 ], [ 106.654611981115536, -6.222987161409677 ], [ 106.654764567276843, -6.219641676160679 ], [ 106.654766560941439, -6.219611729606345 ], [ 106.65488136890005, -6.217887221167117 ], [ 106.655245295148433, -6.216947847799393 ], [ 106.655365795798062, -6.216376371714848 ], [ 106.654992305968591, -6.214256317026972 ], [ 106.654963150093181, -6.214160152108587 ], [ 106.655406474975862, -6.214117258891493 ], [ 106.656018852469373, -6.214078192531435 ], [ 106.656742592097515, -6.214038776584061 ], [ 106.657447596562974, -6.213943695135017 ], [ 106.658097093849221, -6.213904510107423 ], [ 106.659154802686274, -6.213826894842907 ], [ 106.660249922518489, -6.213842032061479 ], [ 106.660955216129551, -6.213839817198564 ], [ 106.661258447543091, -6.213825138358615 ], [ 106.661243396865302, -6.213996794221426 ], [ 106.661339986549848, -6.215203825755241 ], [ 106.661343367154601, -6.216281129388092 ], [ 106.661542595444061, -6.217664294575894 ], [ 106.661599618149424, -6.21809132603178 ], [ 106.661643214444197, -6.218605833102755 ], [ 106.661676718039104, -6.21900122816093 ], [ 106.661678526318582, -6.219577028202916 ], [ 106.661662299259419, -6.220320054363532 ], [ 106.661498696145415, -6.221416457324343 ], [ 106.661494638435414, -6.223078876933499 ], [ 106.661495805690791, -6.223450360810401 ], [ 106.661444909959371, -6.224973619909714 ], [ 106.661520962778511, -6.225549186184965 ], [ 106.661615868678879, -6.226217564910592 ], [ 106.661617737407198, -6.226811939003703 ], [ 106.661694200070116, -6.227517524418349 ], [ 106.661520529755251, -6.228363205343169 ], [ 106.661428952077998, -6.228753555609908 ], [ 106.661246147017039, -6.229645701337838 ], [ 106.660951742432388, -6.230463901098783 ], [ 106.660731113817121, -6.231133273541398 ], [ 106.660571538381532, -6.231417887616597 ] ] ] ] } },
{ "type": "Feature", "properties": { "ID": 105, "KECAMATAN": "Pinang", "PUSKESMAS": "Panunggangan", "KELURAHAN": "Panunggangan", "AREA": 2377418.6180119999, "PERIMETER": 6950.927879, "REGENCY": "Kota Tangerang", "HECTARES": 237.742, "X_COORD": 106.64228, "Y_COORD": -6.22531 }, "geometry": { "type": "MultiPolygon", "coordinates": [ [ [ [ 106.650302937169243, -6.230951881413461 ], [ 106.649986300191088, -6.230962192617127 ], [ 106.648468761295632, -6.230966938379824 ], [ 106.647889423198336, -6.230996360561149 ], [ 106.647503140247665, -6.230997567458428 ], [ 106.646868446275292, -6.230971938276875 ], [ 106.646289107620419, -6.231001358724157 ], [ 106.64579237164628, -6.230975297549065 ], [ 106.645323141247971, -6.230921538461871 ], [ 106.644494961138079, -6.230786063461121 ], [ 106.643584435720427, -6.23078890188382 ], [ 106.642122161683034, -6.230821068670711 ], [ 106.641101354029701, -6.230851857871924 ], [ 106.640025362260076, -6.230882816738742 ], [ 106.639633521875581, -6.230909338508496 ], [ 106.63954602983776, -6.230915260379566 ], [ 106.639514529282678, -6.230760152432196 ], [ 106.638933389032118, -6.230209724629925 ], [ 106.638435538936662, -6.229824707430692 ], [ 106.637993129756651, -6.229522352570907 ], [ 106.637384742993959, -6.229082453781312 ], [ 106.636361797939585, -6.228422946096333 ], [ 106.634869455445752, -6.227654443319952 ], [ 106.633985156598399, -6.227215394104668 ], [ 106.633184401765917, -6.227024590550273 ], [ 106.632383050208247, -6.226640504893907 ], [ 106.631692236517594, -6.226311299587707 ], [ 106.631277424795798, -6.22600885197215 ], [ 106.630613692875102, -6.225513890220162 ], [ 106.630464570918491, -6.225564145886885 ], [ 106.630417885029388, -6.225262093616137 ], [ 106.630132145512988, -6.224977906644317 ], [ 106.629934258419098, -6.224759233462304 ], [ 106.629823953162798, -6.224518361349862 ], [ 106.629800959272799, -6.224167577517706 ], [ 106.629886107444165, -6.223355962893696 ], [ 106.629922136470398, -6.223104166689855 ], [ 106.63170259719503, -6.222854485849834 ], [ 106.636429095017263, -6.222187169340406 ], [ 106.640992139031212, -6.221397942286682 ], [ 106.647878249174354, -6.220479058613603 ], [ 106.653664491915649, -6.219808291814297 ], [ 106.654766560941439, -6.219611729606345 ], [ 106.654764567276843, -6.219641676160679 ], [ 106.654611981115536, -6.222987161409677 ], [ 106.65433174774482, -6.224619750443518 ], [ 106.65372298548607, -6.225478306331013 ], [ 106.653604397944804, -6.22666166866128 ], [ 106.653446707003781, -6.228375459820486 ], [ 106.65271411936051, -6.228744890446244 ], [ 106.651329574261069, -6.229197947229853 ], [ 106.651003978461048, -6.22936213770779 ], [ 106.650515711766445, -6.229649215590872 ], [ 106.650302937169243, -6.230951881413461 ] ] ] ] } },
{ "type": "Feature", "properties": { "ID": 105, "KECAMATAN": "Pinang", "PUSKESMAS": "Panunggangan", "KELURAHAN": "Panunggangan Utara", "AREA": 2509296.8437760002, "PERIMETER": 9316.373592, "REGENCY": "Kota Tangerang", "HECTARES": 250.93, "X_COORD": 106.63763, "Y_COORD": -6.21734 }, "geometry": { "type": "MultiPolygon", "coordinates": [ [ [ [ 106.629922136470398, -6.223104166689855 ], [ 106.630014809792797, -6.222456500161369 ], [ 106.630492552449383, -6.221051606374714 ], [ 106.630622470784459, -6.220546851650195 ], [ 106.630752794537273, -6.220173666213661 ], [ 106.630750969638456, -6.219581604519481 ], [ 106.630595219796831, -6.218814590483498 ], [ 106.630353173610459, -6.218486411009878 ], [ 106.62915542212356, -6.217338862163102 ], [ 106.628627644268619, -6.216726492355207 ], [ 106.628034199155266, -6.216136252390563 ], [ 106.627572362004827, -6.215589463156969 ], [ 106.627220826917281, -6.215283546860368 ], [ 106.626562390123709, -6.214934717553751 ], [ 106.625991332500931, -6.214497904597281 ], [ 106.62539544781643, -6.214182211913259 ], [ 106.624584288636569, -6.213914390730293 ], [ 106.623785324608761, -6.213633435674746 ], [ 106.622806383037258, -6.213430324912339 ], [ 106.621879089555293, -6.213278582717051 ], [ 106.621389697855548, -6.213202789887772 ], [ 106.62079677427198, -6.212946962390415 ], [ 106.620436028969564, -6.212845009796584 ], [ 106.620178106126531, -6.212691212941795 ], [ 106.619971279428754, -6.2124084368852 ], [ 106.619893177827777, -6.212125266485451 ], [ 106.619892153658014, -6.211790330998841 ], [ 106.620052946471347, -6.211584236947749 ], [ 106.620066855999681, -6.211604979082753 ], [ 106.620270663030837, -6.21180769441224 ], [ 106.620982511096827, -6.212034270414284 ], [ 106.622926208623383, -6.212269775774242 ], [ 106.623840619365509, -6.212292386705125 ], [ 106.624602719006333, -6.212340881264108 ], [ 106.625069921265975, -6.212351433735766 ], [ 106.625327513863454, -6.212394811224743 ], [ 106.625897828, -6.212590414696827 ], [ 106.627015939024815, -6.212784332552017 ], [ 106.627893154618462, -6.213022846276853 ], [ 106.628726412062051, -6.213217636827788 ], [ 106.629230924420696, -6.213391510354901 ], [ 106.629932778736944, -6.213608631973947 ], [ 106.630524736519092, -6.213716449245727 ], [ 106.631357116895117, -6.213626168383497 ], [ 106.632255232154662, -6.213535683392184 ], [ 106.633153684804057, -6.213554837903938 ], [ 106.634906697791621, -6.213571349610897 ], [ 106.635761258093595, -6.213568706970979 ], [ 106.636451581239314, -6.21359946375421 ], [ 106.637525597737408, -6.21370578084935 ], [ 106.638511831304683, -6.213768510971327 ], [ 106.639432532967476, -6.213897227354547 ], [ 106.640243607913277, -6.214004353757164 ], [ 106.641361243616799, -6.214044742402313 ], [ 106.642193890164108, -6.214042157183358 ], [ 106.643059301912402, -6.214006576407667 ], [ 106.643869763692621, -6.213916344364814 ], [ 106.644942961048997, -6.213759509108372 ], [ 106.645600107666567, -6.213691679739676 ], [ 106.64679391963648, -6.213567358007807 ], [ 106.647645259223438, -6.213661488241675 ], [ 106.647646399306041, -6.213653021813373 ], [ 106.647860408278731, -6.213741477186561 ], [ 106.648380159314044, -6.213758431796533 ], [ 106.648955765146397, -6.213830935215907 ], [ 106.649512868362876, -6.213922070177513 ], [ 106.650032561328075, -6.213920448792838 ], [ 106.650849626734853, -6.21404791997734 ], [ 106.651554923987192, -6.214045717576179 ], [ 106.652464849534667, -6.214191470534705 ], [ 106.653262890612964, -6.214170401501389 ], [ 106.654116902691712, -6.214242028448734 ], [ 106.654963150093181, -6.214160152108587 ], [ 106.654992305968591, -6.214256317026972 ], [ 106.655365795798062, -6.216376371714848 ], [ 106.655245295148433, -6.216947847799393 ], [ 106.65488136890005, -6.217887221167117 ], [ 106.654766560941439, -6.219611729606345 ], [ 106.653664491915649, -6.219808291814297 ], [ 106.647878249174354, -6.220479058613603 ], [ 106.640992139031212, -6.221397942286682 ], [ 106.636429095017263, -6.222187169340406 ], [ 106.63170259719503, -6.222854485849834 ], [ 106.629922136470398, -6.223104166689855 ] ] ] ] } },
{ "type": "Feature", "properties": { "ID": 110, "KECAMATAN": "Cipondoh", "PUSKESMAS": "Gondrong", "KELURAHAN": "Gondrong", "AREA": 1729735.238226, "PERIMETER": 6564.81056, "REGENCY": "Kota Tangerang", "HECTARES": 172.974, "X_COORD": 106.69377, "Y_COORD": -6.1928 }, "geometry": { "type": "MultiPolygon", "coordinates": [ [ [ [ 106.695361952915107, -6.201383486255694 ], [ 106.695143568142868, -6.201217798785002 ], [ 106.694817945608705, -6.201002051174487 ], [ 106.694384244020071, -6.200858912006676 ], [ 106.693679709866572, -6.200698572360095 ], [ 106.693029215654605, -6.200501927428849 ], [ 106.692577866219267, -6.200485303475243 ], [ 106.692180844542634, -6.200522703037805 ], [ 106.691603190715171, -6.20052454737031 ], [ 106.691133846851244, -6.200526045427338 ], [ 106.690664173758435, -6.200470244389105 ], [ 106.691008203054565, -6.199997598627862 ], [ 106.692460617060746, -6.199692028844463 ], [ 106.693360949941408, -6.199137442033837 ], [ 106.693960423843535, -6.198533660213624 ], [ 106.693108449383558, -6.198536382179508 ], [ 106.692155922462632, -6.198439112645658 ], [ 106.691150403746718, -6.19743920968923 ], [ 106.689987040824121, -6.194082492385458 ], [ 106.687721314928723, -6.190779430505659 ], [ 106.686616067046714, -6.189930296780668 ], [ 106.686402651511798, -6.189751242434589 ], [ 106.686325796904072, -6.189686761823336 ], [ 106.686468911109031, -6.189620104423884 ], [ 106.686531603774753, -6.189466345469411 ], [ 106.686566445783981, -6.189068785951239 ], [ 106.68665458229458, -6.188400069302335 ], [ 106.686760197142306, -6.187550638613652 ], [ 106.686812460299137, -6.18695429939594 ], [ 106.686992228123671, -6.186718872269334 ], [ 106.687226378754275, -6.186555535761734 ], [ 106.687235299869783, -6.186553930949014 ], [ 106.687456841215962, -6.186514077994176 ], [ 106.687533078066437, -6.186500363766053 ], [ 106.688020232350866, -6.186426552244102 ], [ 106.689012476664018, -6.186242739258284 ], [ 106.689716302121994, -6.186186303045276 ], [ 106.690312336563068, -6.186292801405654 ], [ 106.691531511170879, -6.186514742497122 ], [ 106.692489087263496, -6.186782678779453 ], [ 106.693084949603062, -6.186834976848028 ], [ 106.693464082407502, -6.186851833789971 ], [ 106.69373467785762, -6.18679677346331 ], [ 106.694870003524429, -6.186196980559955 ], [ 106.695320303940662, -6.185888425178419 ], [ 106.696329152178251, -6.185252902244595 ], [ 106.696995775944089, -6.184853326241102 ], [ 106.697518393322554, -6.184580670128396 ], [ 106.697932818905826, -6.184344490939583 ], [ 106.69824856857214, -6.184298317338515 ], [ 106.69871812705658, -6.184369079153815 ], [ 106.69926006289576, -6.184493806250256 ], [ 106.699602917762988, -6.184456578022465 ], [ 106.699963650440424, -6.184365095173117 ], [ 106.700161455075403, -6.184220151715877 ], [ 106.700543304964242, -6.184995540628779 ], [ 106.701068865387811, -6.185644224030793 ], [ 106.701214082877087, -6.185896679072299 ], [ 106.701214891680948, -6.186149596606446 ], [ 106.701179887161075, -6.186492957470698 ], [ 106.701126542645724, -6.186746048471313 ], [ 106.700946609065426, -6.186927282058429 ], [ 106.700326241569456, -6.187678996532795 ], [ 106.699984135574397, -6.187951077909589 ], [ 106.69980541385813, -6.188511687867435 ], [ 106.699538572429006, -6.189741012222091 ], [ 106.699414581425643, -6.190482104421995 ], [ 106.699415909779034, -6.190897612116436 ], [ 106.699416891663873, -6.191204726494997 ], [ 106.69876289867986, -6.192733375555373 ], [ 106.698691559522501, -6.193004590097622 ], [ 106.698674778724268, -6.19340209015288 ], [ 106.698496170751909, -6.193998831556379 ], [ 106.698317331530333, -6.194523310758147 ], [ 106.698101522962318, -6.194776922158145 ], [ 106.698084915278471, -6.195228618989713 ], [ 106.697887331076785, -6.195536369293929 ], [ 106.697725849611601, -6.195844004003797 ], [ 106.697419898409038, -6.196134035429255 ], [ 106.697024497591954, -6.196677273620897 ], [ 106.696791328852939, -6.197147729519682 ], [ 106.696755918519003, -6.197364631930282 ], [ 106.696702225736075, -6.197509329825772 ], [ 106.696846926665117, -6.197599195493475 ], [ 106.696955235879273, -6.197598848820517 ], [ 106.697001548367695, -6.197969048548639 ], [ 106.697182872306627, -6.198221388611955 ], [ 106.697345971601678, -6.198419589667866 ], [ 106.697346837972617, -6.198690573158886 ], [ 106.697402494526571, -6.199160104441284 ], [ 106.697529953270575, -6.199502945465985 ], [ 106.697495525540958, -6.200026962452197 ], [ 106.697420930390223, -6.200196390281956 ], [ 106.69723758990699, -6.200127163947063 ], [ 106.697185134294713, -6.200313151612921 ], [ 106.696868787442725, -6.200924715110562 ], [ 106.696656842474042, -6.201005030821301 ], [ 106.696418542178364, -6.201138522198076 ], [ 106.696366086253377, -6.20132450988179 ], [ 106.696100921360056, -6.201351904462383 ], [ 106.695861942052375, -6.20127303236946 ], [ 106.695361952915107, -6.201383486255694 ] ] ] ] } },
{ "type": "Feature", "properties": { "ID": 111, "KECAMATAN": "Batuceper", "PUSKESMAS": "Poris Gaga Lama", "KELURAHAN": "Poris Gaga Baru", "AREA": 1093482.6382929999, "PERIMETER": 5268.5577, "REGENCY": "Kota Tangerang", "HECTARES": 109.348, "X_COORD": 106.67415, "Y_COORD": -6.16937 }, "geometry": { "type": "MultiPolygon", "coordinates": [ [ [ [ 106.668489178727356, -6.175487856959891 ], [ 106.668661595838998, -6.175113795225152 ], [ 106.668967028975331, -6.174696204480623 ], [ 106.669316418636527, -6.17432233186244 ], [ 106.669621782187505, -6.173882813173348 ], [ 106.670002421272514, -6.172993533634044 ], [ 106.670524545044302, -6.171807781810981 ], [ 106.670436356737213, -6.171632634341127 ], [ 106.670194319993712, -6.171304473329289 ], [ 106.669930305246638, -6.170954453027982 ], [ 106.669972957294092, -6.1705815427129 ], [ 106.670213139351119, -6.170317652996023 ], [ 106.670518981354888, -6.17003162922172 ], [ 106.670671867890235, -6.169877653396462 ], [ 106.670824273537832, -6.16957018289845 ], [ 106.670932585142381, -6.169175138662647 ], [ 106.670931486216816, -6.168824293755295 ], [ 106.670952708974781, -6.168604946949822 ], [ 106.670929700598649, -6.168254170770594 ], [ 106.670764177397587, -6.167870949568866 ], [ 106.670432788687862, -6.166994867732787 ], [ 106.66981397157987, -6.165286420819084 ], [ 106.66979000442997, -6.164628654786181 ], [ 106.669875721606459, -6.164014401173333 ], [ 106.669874692881265, -6.163685483831234 ], [ 106.669871895230074, -6.163685181589011 ], [ 106.669891527401461, -6.163667605660603 ], [ 106.670183702766096, -6.163617927407372 ], [ 106.671011964825766, -6.163615331534565 ], [ 106.671815942237217, -6.163637191942416 ], [ 106.672351952487944, -6.163659891915044 ], [ 106.672863907574822, -6.163780192380494 ], [ 106.673717522972055, -6.164094470560713 ], [ 106.674351663927695, -6.164336292531761 ], [ 106.675083247832674, -6.164577807334862 ], [ 106.675595203762114, -6.164698104766067 ], [ 106.676033924795604, -6.164769869270597 ], [ 106.676374820508087, -6.164720034390383 ], [ 106.67647961545056, -6.164626213272354 ], [ 106.676593453568145, -6.1645242959034 ], [ 106.677249658129298, -6.164034604526506 ], [ 106.677686922822105, -6.163643127103648 ], [ 106.678198111385186, -6.163519611311946 ], [ 106.67895244496772, -6.163249041437146 ], [ 106.679495424415848, -6.16300924691827 ], [ 106.679607379333348, -6.163238507447622 ], [ 106.679807981287937, -6.163888248932115 ], [ 106.679773016976853, -6.164249677782378 ], [ 106.679647231394782, -6.164430733540716 ], [ 106.67961238071851, -6.16482829392231 ], [ 106.679578382747579, -6.165496840631949 ], [ 106.679616814863579, -6.166237422760584 ], [ 106.679564823489571, -6.166924092120447 ], [ 106.679475536778341, -6.167231494474906 ], [ 106.679278230201973, -6.167629567046838 ], [ 106.679099485781876, -6.168190174535662 ], [ 106.678696442992731, -6.16917603865277 ], [ 106.678175472221184, -6.169972582100361 ], [ 106.677689408263603, -6.170389630535827 ], [ 106.677256700522065, -6.170553587318469 ], [ 106.677130856205309, -6.170716577302881 ], [ 106.677186485849376, -6.171186116827498 ], [ 106.677124813651943, -6.171665058850593 ], [ 106.677126291046406, -6.172134768953316 ], [ 106.67723630112215, -6.17267640086464 ], [ 106.677183569351882, -6.173128215803255 ], [ 106.677095190487435, -6.17372467070141 ], [ 106.676835242488295, -6.174294567373122 ], [ 106.67673752283217, -6.174406113325825 ], [ 106.676552441842119, -6.174148505458444 ], [ 106.676199572627112, -6.173797562111889 ], [ 106.675827118779992, -6.173798735117431 ], [ 106.675453623422101, -6.173468565154582 ], [ 106.675328691192988, -6.173220448941001 ], [ 106.675452647125113, -6.17315793136197 ], [ 106.675286786836807, -6.173054907836663 ], [ 106.674955717059831, -6.173055949828571 ], [ 106.674852583047638, -6.173159820039175 ], [ 106.674749839350952, -6.173387943802182 ], [ 106.674542790457309, -6.173347177039188 ], [ 106.674232282175907, -6.173306735659922 ], [ 106.674191808960089, -6.173596790903098 ], [ 106.673991589552486, -6.175730462010166 ], [ 106.673329381148733, -6.175711836135963 ], [ 106.672294001855647, -6.175466581851624 ], [ 106.67158988962376, -6.175282412112829 ], [ 106.671154968251344, -6.175159523375733 ], [ 106.670989432365573, -6.17516004328915 ], [ 106.670638512527177, -6.175430364533185 ], [ 106.670204304988914, -6.175535273702018 ], [ 106.669914941311532, -6.175639727937325 ], [ 106.669149336544706, -6.175642130507828 ], [ 106.668652403652573, -6.175540143393645 ], [ 106.668489178727356, -6.175487856959891 ] ] ] ] } },
{ "type": "Feature", "properties": { "ID": 112, "KECAMATAN": "Batuceper", "PUSKESMAS": "Poris Gaga Lama", "KELURAHAN": "Poris Jaya", "AREA": 194181.59232200001, "PERIMETER": 3284.500823, "REGENCY": "Kota Tangerang", "HECTARES": 19.418, "X_COORD": 106.67909, "Y_COORD": -6.16851 }, "geometry": { "type": "MultiPolygon", "coordinates": [ [ [ [ 106.67673752283217, -6.174406113325825 ], [ 106.676835242488295, -6.174294567373122 ], [ 106.677095190487435, -6.17372467070141 ], [ 106.677183569351882, -6.173128215803255 ], [ 106.67723630112215, -6.17267640086464 ], [ 106.677126291046406, -6.172134768953316 ], [ 106.677124813651943, -6.171665058850593 ], [ 106.677186485849376, -6.171186116827498 ], [ 106.677130856205309, -6.170716577302881 ], [ 106.677256700522065, -6.170553587318469 ], [ 106.677689408263603, -6.170389630535827 ], [ 106.678175472221184, -6.169972582100361 ], [ 106.678696442992731, -6.16917603865277 ], [ 106.679099485781876, -6.168190174535662 ], [ 106.679278230201973, -6.167629567046838 ], [ 106.679475536778341, -6.167231494474906 ], [ 106.679564823489571, -6.166924092120447 ], [ 106.679616814863579, -6.166237422760584 ], [ 106.679578382747579, -6.165496840631949 ], [ 106.67961238071851, -6.16482829392231 ], [ 106.679647231394782, -6.164430733540716 ], [ 106.679773016976853, -6.164249677782378 ], [ 106.679807981287937, -6.163888248932115 ], [ 106.679607379333348, -6.163238507447622 ], [ 106.679495424415848, -6.16300924691827 ], [ 106.679730907958287, -6.1629052507546 ], [ 106.680533499999484, -6.162488239255849 ], [ 106.680971221034881, -6.162243046399161 ], [ 106.681441343705515, -6.162056816169677 ], [ 106.681348999967241, -6.162302808377431 ], [ 106.681204525867201, -6.162839652271888 ], [ 106.681012098186656, -6.163620460298718 ], [ 106.680698097716203, -6.164474795649493 ], [ 106.680542478863742, -6.165340822249724 ], [ 106.680326917806113, -6.166511804128719 ], [ 106.679966727511243, -6.168170868209258 ], [ 106.679208152218735, -6.170964919614551 ], [ 106.678847805436149, -6.172575222306276 ], [ 106.678351669526236, -6.174968520034977 ], [ 106.677382007222491, -6.174746455195937 ], [ 106.676760272780257, -6.174437778169849 ], [ 106.67673752283217, -6.174406113325825 ] ] ] ] } },
{ "type": "Feature", "properties": { "ID": 118, "KECAMATAN": "Cipondoh", "PUSKESMAS": "Poris Plawad", "KELURAHAN": "Poris Plawad", "AREA": 1817101.0553359999, "PERIMETER": 6831.560783, "REGENCY": "Kota Tangerang", "HECTARES": 181.71, "X_COORD": 106.66409, "Y_COORD": -6.17069 }, "geometry": { "type": "MultiPolygon", "coordinates": [ [ [ [ 106.657552508130394, -6.164037409007865 ], [ 106.657553152404617, -6.164037266750719 ], [ 106.65792408515432, -6.164040747168953 ], [ 106.658603075556442, -6.163972850226977 ], [ 106.659785983798429, -6.163903383518547 ], [ 106.6607936152637, -6.163834460423651 ], [ 106.66150584356464, -6.163887061092382 ], [ 106.661987920016998, -6.163907486275514 ], [ 106.662776250731667, -6.163773458903777 ], [ 106.663389715157123, -6.163771544838637 ], [ 106.664309774727428, -6.163724816647947 ], [ 106.665273447370424, -6.163612166392751 ], [ 106.666018298838253, -6.163587910784449 ], [ 106.666708410696913, -6.163574789350446 ], [ 106.667212532127365, -6.163638997027267 ], [ 106.667716927520374, -6.163790915582528 ], [ 106.668352299803246, -6.163788927251521 ], [ 106.669294334591498, -6.163764049814664 ], [ 106.669677440022227, -6.163664173707966 ], [ 106.669871895230074, -6.163685181589011 ], [ 106.669874692881265, -6.163685483831234 ], [ 106.669875721606459, -6.164014401173333 ], [ 106.66979000442997, -6.164628654786181 ], [ 106.66981397157987, -6.165286420819084 ], [ 106.670432788687862, -6.166994867732787 ], [ 106.670764177397587, -6.167870949568866 ], [ 106.670929700598649, -6.168254170770594 ], [ 106.670952708974781, -6.168604946949822 ], [ 106.670931486216816, -6.168824293755295 ], [ 106.670932585142381, -6.169175138662647 ], [ 106.670824273537832, -6.16957018289845 ], [ 106.670671867890235, -6.169877653396462 ], [ 106.670518981354888, -6.17003162922172 ], [ 106.670213139351119, -6.170317652996023 ], [ 106.669972957294092, -6.1705815427129 ], [ 106.669930305246638, -6.170954453027982 ], [ 106.670194319993712, -6.171304473329289 ], [ 106.670436356737213, -6.171632634341127 ], [ 106.670524545044302, -6.171807781810981 ], [ 106.670002421272514, -6.172993533634044 ], [ 106.669621782187505, -6.173882813173348 ], [ 106.669316418636527, -6.17432233186244 ], [ 106.668967028975331, -6.174696204480623 ], [ 106.668661595838998, -6.175113795225152 ], [ 106.668489178727356, -6.175487856959891 ], [ 106.6683195356254, -6.175855900044497 ], [ 106.668108463774715, -6.175756645897457 ], [ 106.667380549474672, -6.175543270686968 ], [ 106.666491195358674, -6.175384314317494 ], [ 106.666303157520375, -6.175546646184589 ], [ 106.665878353229942, -6.177515848947924 ], [ 106.66582541066208, -6.177812543491985 ], [ 106.664990427730828, -6.177815158209135 ], [ 106.664639768068795, -6.177654512862167 ], [ 106.663884663566904, -6.177360346747135 ], [ 106.663156494581884, -6.177066095111366 ], [ 106.662347269089636, -6.176691223971476 ], [ 106.662131705633271, -6.176664940387789 ], [ 106.661754868944442, -6.176746989401604 ], [ 106.66118923534151, -6.176748756173078 ], [ 106.660758696435806, -6.176884886695873 ], [ 106.660327065138759, -6.176670576334245 ], [ 106.660461319809798, -6.176535371116543 ], [ 106.660757520065772, -6.176507489213792 ], [ 106.66091845740192, -6.176291328945136 ], [ 106.660729912966758, -6.176291917596076 ], [ 106.658897833946469, -6.176135890511528 ], [ 106.658854592800921, -6.17582575016913 ], [ 106.658979194073581, -6.175714205270935 ], [ 106.659417325338794, -6.175690910712416 ], [ 106.659724474737743, -6.175821521421635 ], [ 106.659932038899569, -6.175634484658042 ], [ 106.660150250489536, -6.175348738017552 ], [ 106.660148611107246, -6.174822467877711 ], [ 106.660015580704439, -6.174318535764407 ], [ 106.659839823409996, -6.174165587046645 ], [ 106.659554994601834, -6.174166475400473 ], [ 106.659292007403053, -6.174145367351371 ], [ 106.659028747189225, -6.174036547423442 ], [ 106.659028269446608, -6.173883051871801 ], [ 106.658830193200444, -6.173598603375462 ], [ 106.658566592199321, -6.173380143411488 ], [ 106.658413086538829, -6.173336765460745 ], [ 106.658062460088175, -6.173315929764849 ], [ 106.657884745678686, -6.173192250244223 ], [ 106.657842883814467, -6.173163116654068 ], [ 106.65766699105734, -6.172966311038802 ], [ 106.657566317278011, -6.172297815525126 ], [ 106.657543589407382, -6.172034748303751 ], [ 106.657542498775754, -6.171683901036181 ], [ 106.657739414558577, -6.171595575220882 ], [ 106.658068061898803, -6.171594551729312 ], [ 106.658287364672177, -6.171659653127319 ], [ 106.658331525290208, -6.171769156354746 ], [ 106.658419300987944, -6.171812739227438 ], [ 106.658769926384807, -6.17183357495062 ], [ 106.659317194224471, -6.171678372351537 ], [ 106.659360672661705, -6.171568596095337 ], [ 106.659360058548032, -6.171371244686907 ], [ 106.659359444454381, -6.171173893276873 ], [ 106.659183552124418, -6.170977088123179 ], [ 106.65896418143133, -6.17089005910784 ], [ 106.658855723872037, -6.171241247483622 ], [ 106.658746311295872, -6.171285444695203 ], [ 106.658417664259488, -6.171286468554297 ], [ 106.658045197550933, -6.171287628682952 ], [ 106.657760370019915, -6.171288515664527 ], [ 106.657628911145437, -6.171288924989299 ], [ 106.657562636441, -6.171113706003142 ], [ 106.657233989312502, -6.171114729103386 ], [ 106.657231740711893, -6.170391106469918 ], [ 106.657516567840489, -6.170390219899495 ], [ 106.657713551363742, -6.170323822170189 ], [ 106.657524899233849, -6.169545959493003 ], [ 106.657523536523527, -6.169107400362866 ], [ 106.657610425932376, -6.168865920082501 ], [ 106.657697315287976, -6.168624439807036 ], [ 106.657981528097423, -6.16842620167191 ], [ 106.658068553541213, -6.168228577299074 ], [ 106.6580020749347, -6.16798757442857 ], [ 106.657935528280404, -6.16772464357823 ], [ 106.657956484071107, -6.167417584042457 ], [ 106.658065759776662, -6.167329531278109 ], [ 106.658306697719311, -6.167306853157156 ], [ 106.658854643199007, -6.167370931652676 ], [ 106.658975180294505, -6.167381520370516 ], [ 106.658995794663554, -6.166964821244322 ], [ 106.658689059953844, -6.166965776329754 ], [ 106.658687765013681, -6.166549145362666 ], [ 106.65884051883674, -6.166351316376715 ], [ 106.659081183559422, -6.16624092626512 ], [ 106.659212709263997, -6.1662624448558 ], [ 106.659277824479076, -6.166064888712262 ], [ 106.65929898418068, -6.165823613149158 ], [ 106.659188618365405, -6.165560818979655 ], [ 106.658771791517978, -6.165386691414879 ], [ 106.658289644933816, -6.165344335696684 ], [ 106.658048367290576, -6.165257373804288 ], [ 106.657828794956203, -6.165104559753089 ], [ 106.657762317217092, -6.164863556692033 ], [ 106.657586496126484, -6.16468867820961 ], [ 106.65750902978381, -6.164436745160396 ], [ 106.657508212835921, -6.164173609630593 ], [ 106.657552508130394, -6.164037409007865 ] ] ] ] } },
{ "type": "Feature", "properties": { "ID": 118, "KECAMATAN": "Cipondoh", "PUSKESMAS": "Poris Plawad", "KELURAHAN": "Poris Plawad Indah", "AREA": 1491306.679302, "PERIMETER": 5114.42518, "REGENCY": "Kota Tangerang", "HECTARES": 149.131, "X_COORD": 106.65621, "Y_COORD": -6.19033 }, "geometry": { "type": "MultiPolygon", "coordinates": [ [ [ [ 106.664459562603881, -6.188826396618292 ], [ 106.664442941810819, -6.18882109736237 ], [ 106.664334487679284, -6.18917228664063 ], [ 106.664270678118413, -6.189786472920169 ], [ 106.664206731307132, -6.190356803488843 ], [ 106.664033506354741, -6.191015189043291 ], [ 106.66386083034854, -6.191848997579038 ], [ 106.663688497387213, -6.192792445520864 ], [ 106.663602708432975, -6.1933847727991 ], [ 106.663647834250028, -6.193801264876648 ], [ 106.663572279775963, -6.194163315205147 ], [ 106.663310106672284, -6.194405346309249 ], [ 106.663245747630938, -6.194844109863116 ], [ 106.663378516550523, -6.195260327120271 ], [ 106.663437317829334, -6.195549494542209 ], [ 106.663445141467093, -6.195545183254183 ], [ 106.663491345936535, -6.195580916111264 ], [ 106.663329475152821, -6.195610894960445 ], [ 106.662549793408317, -6.195557616639838 ], [ 106.661825790631482, -6.19550416266103 ], [ 106.661064842572529, -6.195506546568113 ], [ 106.660377726667136, -6.195378677395551 ], [ 106.659560402694026, -6.195158342630569 ], [ 106.658715442509447, -6.195003103327773 ], [ 106.657861057694802, -6.194801455931429 ], [ 106.656561181955311, -6.194582624064229 ], [ 106.655335313874502, -6.194289259959554 ], [ 106.653496108327914, -6.193719187775244 ], [ 106.65292023683287, -6.193553812133673 ], [ 106.651768436722335, -6.193204484378137 ], [ 106.650988351234844, -6.19302116759907 ], [ 106.650301064603383, -6.192837560889155 ], [ 106.649372963048663, -6.192803297890119 ], [ 106.648629939913434, -6.192601287534885 ], [ 106.648109979434324, -6.192510030298947 ], [ 106.647999343549756, -6.192452466755126 ], [ 106.647998858693427, -6.192337061617698 ], [ 106.647997770745775, -6.191986212919735 ], [ 106.648018389643937, -6.191569512040419 ], [ 106.647961539214648, -6.190900876783476 ], [ 106.648046938755371, -6.19017697917083 ], [ 106.648067557920314, -6.189760278291392 ], [ 106.648088924816008, -6.189584785906792 ], [ 106.648526662278243, -6.189429928929667 ], [ 106.648920850115701, -6.189362919916361 ], [ 106.648963447361069, -6.188968079162338 ], [ 106.649005568636042, -6.188419742167497 ], [ 106.648970560979308, -6.187729111102789 ], [ 106.648990975873687, -6.187246626258276 ], [ 106.649120739622177, -6.186698017131261 ], [ 106.649491586913072, -6.186170587612633 ], [ 106.649840795052327, -6.185730938189904 ], [ 106.650190274695774, -6.185379000783901 ], [ 106.650298806849207, -6.185049740083005 ], [ 106.650435102850679, -6.185068794660777 ], [ 106.650835851181512, -6.185124820225402 ], [ 106.65160305738803, -6.185232076559033 ], [ 106.6525021349524, -6.185470490744415 ], [ 106.653094194038275, -6.185622145967319 ], [ 106.653642296074921, -6.185730080894693 ], [ 106.654387524037162, -6.185815473053886 ], [ 106.654390988252146, -6.18579785314565 ], [ 106.65459158997632, -6.185914128475525 ], [ 106.656587561083754, -6.186246940345172 ], [ 106.658470260696305, -6.186467086772161 ], [ 106.660316025723105, -6.186913363363171 ], [ 106.662728039245195, -6.187885243513978 ], [ 106.664459562603881, -6.188826396618292 ] ] ] ] } },
{ "type": "Feature", "properties": { "ID": 118, "KECAMATAN": "Cipondoh", "PUSKESMAS": "Poris Plawad", "KELURAHAN": "Poris Plawad Utara", "AREA": 1379747.504222, "PERIMETER": 6119.422206, "REGENCY": "Kota Tangerang", "HECTARES": 137.975, "X_COORD": 106.66136, "Y_COORD": -6.18221 }, "geometry": { "type": "MultiPolygon", "coordinates": [ [ [ [ 106.6683195356254, -6.175855900044497 ], [ 106.66822635060042, -6.176058066095758 ], [ 106.668095852310586, -6.17636546797815 ], [ 106.667986714653495, -6.176497378493817 ], [ 106.667833413906962, -6.176519787220554 ], [ 106.667966383640135, -6.177001787369145 ], [ 106.66829674927888, -6.177548952405428 ], [ 106.668276487465178, -6.178075289034489 ], [ 106.668102306395198, -6.178426684150605 ], [ 106.667809714472455, -6.179447256160838 ], [ 106.667592399422205, -6.180018067109152 ], [ 106.667396238807328, -6.180347603153151 ], [ 106.667222606037001, -6.180874421017986 ], [ 106.667136750872146, -6.181444819709149 ], [ 106.667140253171141, -6.18256313947821 ], [ 106.667119853975748, -6.183045620651602 ], [ 106.666967924910011, -6.183506586429806 ], [ 106.666719631769837, -6.184680516378269 ], [ 106.666677322340263, -6.185163066367567 ], [ 106.666547303047835, -6.185623963506495 ], [ 106.666287126706564, -6.186501902158766 ], [ 106.665939102284995, -6.187314332302915 ], [ 106.665809219643123, -6.187819085236057 ], [ 106.665526032577802, -6.188346247187984 ], [ 106.665264274802482, -6.188719845425293 ], [ 106.665089952544491, -6.189027385179123 ], [ 106.664459562603881, -6.188826396618292 ], [ 106.662728039245195, -6.187885243513978 ], [ 106.660316025723105, -6.186913363363171 ], [ 106.658470260696305, -6.186467086772161 ], [ 106.656587561083754, -6.186246940345172 ], [ 106.65459158997632, -6.185914128475525 ], [ 106.654390988252146, -6.18579785314565 ], [ 106.65449537148703, -6.185266932398159 ], [ 106.654712770851503, -6.184718050551891 ], [ 106.654776524530533, -6.18408193454385 ], [ 106.654774956305189, -6.183577591114131 ], [ 106.654928124190107, -6.183511329520762 ], [ 106.655125385486699, -6.183532643283934 ], [ 106.655234732609031, -6.183466518113123 ], [ 106.655430766185432, -6.183093128333366 ], [ 106.655517861834312, -6.182917431555494 ], [ 106.65573676033118, -6.182850965023567 ], [ 106.655779694185895, -6.18256576494261 ], [ 106.655975113238469, -6.181995023470903 ], [ 106.656369498089418, -6.181993794504451 ], [ 106.656676241807219, -6.181992838439549 ], [ 106.657278398507898, -6.181870356221104 ], [ 106.657738035765732, -6.1817154256921 ], [ 106.657934818183634, -6.18158324296835 ], [ 106.658109553678898, -6.181407272667435 ], [ 106.658130166342701, -6.180990573457731 ], [ 106.658282581653438, -6.180683103876485 ], [ 106.658567004304501, -6.180550647656905 ], [ 106.658763512842924, -6.180330753056355 ], [ 106.658762351625512, -6.179957978181639 ], [ 106.658914698078675, -6.179628580651951 ], [ 106.659111206200336, -6.179408686045106 ], [ 106.659110454771763, -6.179167478808223 ], [ 106.658759141572489, -6.178927365264162 ], [ 106.658287288920647, -6.178676663241204 ], [ 106.658001433615496, -6.178348632255468 ], [ 106.658088459687633, -6.17815100751766 ], [ 106.658394449974111, -6.17790884371727 ], [ 106.658349401089552, -6.17751427743282 ], [ 106.658172346089145, -6.176944697421973 ], [ 106.657820898422685, -6.176660726838705 ], [ 106.657689097110961, -6.176551496789739 ], [ 106.657644049116712, -6.176156930255749 ], [ 106.657337240706184, -6.17613595802669 ], [ 106.657204962247548, -6.175873232112219 ], [ 106.656984771224543, -6.175523067261529 ], [ 106.657093912076746, -6.175391158321772 ], [ 106.657422561864294, -6.17539013460196 ], [ 106.657795440845419, -6.175520541831702 ], [ 106.658146682889296, -6.175738728815958 ], [ 106.658432058703056, -6.175913264518928 ], [ 106.658782550318662, -6.175890243633347 ], [ 106.658854592800921, -6.17582575016913 ], [ 106.658897833946469, -6.176135890511528 ], [ 106.660729912966758, -6.176291917596076 ], [ 106.66091845740192, -6.176291328945136 ], [ 106.660757520065772, -6.176507489213792 ], [ 106.660461319809798, -6.176535371116543 ], [ 106.660327065138759, -6.176670576334245 ], [ 106.660758696435806, -6.176884886695873 ], [ 106.66118923534151, -6.176748756173078 ], [ 106.661754868944442, -6.176746989401604 ], [ 106.662131705633271, -6.176664940387789 ], [ 106.662347269089636, -6.176691223971476 ], [ 106.663156494581884, -6.177066095111366 ], [ 106.663884663566904, -6.177360346747135 ], [ 106.664639768068795, -6.177654512862167 ], [ 106.664990427730828, -6.177815158209135 ], [ 106.66582541066208, -6.177812543491985 ], [ 106.665878353229942, -6.177515848947924 ], [ 106.666303157520375, -6.175546646184589 ], [ 106.666491195358674, -6.175384314317494 ], [ 106.667380549474672, -6.175543270686968 ], [ 106.668108463774715, -6.175756645897457 ], [ 106.6683195356254, -6.175855900044497 ] ] ] ] } },
{ "type": "Feature", "properties": { "ID": 109, "KECAMATAN": "Cipondoh", "PUSKESMAS": "Ketapang", "KELURAHAN": "Ketapang", "AREA": 960265.06260199996, "PERIMETER": 4915.165888, "REGENCY": "Kota Tangerang", "HECTARES": 96.027, "X_COORD": 106.69389, "Y_COORD": -6.1802 }, "geometry": { "type": "MultiPolygon", "coordinates": [ [ [ [ 106.691996483526495, -6.173649960608113 ], [ 106.692319056394879, -6.173648934930291 ], [ 106.69267155230267, -6.173597392463158 ], [ 106.693149996593377, -6.173545449091836 ], [ 106.693280176003796, -6.173566738069259 ], [ 106.693260200753585, -6.173827042248634 ], [ 106.693261520709513, -6.174242551533228 ], [ 106.693155913451506, -6.175091980370433 ], [ 106.692904923824557, -6.175634753215716 ], [ 106.692762066717492, -6.176122984572694 ], [ 106.692799144119263, -6.176429985299531 ], [ 106.692926418536047, -6.176718633142435 ], [ 106.692909515757052, -6.177080003040946 ], [ 106.692874849175865, -6.177531758507564 ], [ 106.693110372039214, -6.177801995829558 ], [ 106.693671673075045, -6.178342182511862 ], [ 106.694359504129693, -6.178936162485311 ], [ 106.695083553542688, -6.179566157239068 ], [ 106.695517638856913, -6.179835759810343 ], [ 106.696169314237281, -6.180411785872218 ], [ 106.696856862620706, -6.180915433161232 ], [ 106.697499198337766, -6.181392124955048 ], [ 106.698240729105791, -6.181841400073994 ], [ 106.69876547601676, -6.182237169560418 ], [ 106.699326325657225, -6.182632822865631 ], [ 106.699905169364342, -6.183010352046725 ], [ 106.7002852794228, -6.183334319137394 ], [ 106.700430495667803, -6.1835867746891 ], [ 106.700395778966055, -6.184020463362114 ], [ 106.700161750306066, -6.184219935382306 ], [ 106.700161455075403, -6.184220151715877 ], [ 106.699963650440424, -6.184365095173117 ], [ 106.699602917762988, -6.184456578022465 ], [ 106.69926006289576, -6.184493806250256 ], [ 106.69871812705658, -6.184369079153815 ], [ 106.69824856857214, -6.184298317338515 ], [ 106.697932818905826, -6.184344490939583 ], [ 106.697518393322554, -6.184580670128396 ], [ 106.696995775944089, -6.184853326241102 ], [ 106.696329152178251, -6.185252902244595 ], [ 106.695320303940662, -6.185888425178419 ], [ 106.694870003524429, -6.186196980559955 ], [ 106.69373467785762, -6.18679677346331 ], [ 106.693464082407502, -6.186851833789971 ], [ 106.693084949603062, -6.186834976848028 ], [ 106.692489087263496, -6.186782678779453 ], [ 106.691531511170879, -6.186514742497122 ], [ 106.690312336563068, -6.186292801405654 ], [ 106.689716302121994, -6.186186303045276 ], [ 106.689012476664018, -6.186242739258284 ], [ 106.688020232350866, -6.186426552244102 ], [ 106.687533078066437, -6.186500363766053 ], [ 106.687456841215962, -6.186514077994176 ], [ 106.687359092596253, -6.186359535686383 ], [ 106.688949042268135, -6.183862780660326 ], [ 106.689355513368199, -6.183371457973004 ], [ 106.689801230656613, -6.182389980027443 ], [ 106.690043712238094, -6.181654163521479 ], [ 106.68947079289002, -6.181125118640795 ], [ 106.689377918208066, -6.177572692683079 ], [ 106.689577137593716, -6.176061132476554 ], [ 106.690432944184138, -6.175731726840906 ], [ 106.691652467420482, -6.174298596223592 ], [ 106.691996483526495, -6.173649960608113 ] ] ] ] } },
{ "type": "Feature", "properties": { "ID": 109, "KECAMATAN": "Cipondoh", "PUSKESMAS": "Ketapang", "KELURAHAN": "Cipondoh Indah", "AREA": 509522.41457700002, "PERIMETER": 3766.027956, "REGENCY": "Kota Tangerang", "HECTARES": 50.952, "X_COORD": 106.6886, "Y_COORD": -6.17966 }, "geometry": { "type": "MultiPolygon", "coordinates": [ [ [ [ 106.686554453440067, -6.175018636902823 ], [ 106.686824565102654, -6.174990738451564 ], [ 106.687590499612753, -6.174703247794642 ], [ 106.688225114366531, -6.174460028558579 ], [ 106.688617889337124, -6.173954442328254 ], [ 106.689054204801252, -6.173361006539939 ], [ 106.689421440246477, -6.172961921047766 ], [ 106.689672216416213, -6.173052287283043 ], [ 106.68994978286878, -6.173202670491561 ], [ 106.690201680127387, -6.173201870582527 ], [ 106.691209908667631, -6.173400353554824 ], [ 106.691562724716931, -6.173449653718674 ], [ 106.691865641423533, -6.173650376588134 ], [ 106.691996483526495, -6.173649960608113 ], [ 106.691652467420482, -6.174298596223592 ], [ 106.690432944184138, -6.175731726840906 ], [ 106.689577137593716, -6.176061132476554 ], [ 106.689377918208066, -6.177572692683079 ], [ 106.68947079289002, -6.181125118640795 ], [ 106.690043712238094, -6.181654163521479 ], [ 106.689801230656613, -6.182389980027443 ], [ 106.689355513368199, -6.183371457973004 ], [ 106.688949042268135, -6.183862780660326 ], [ 106.687359092596253, -6.186359535686383 ], [ 106.686791548367978, -6.185462235476626 ], [ 106.685890392354935, -6.184362526020513 ], [ 106.685194288195618, -6.183588851368274 ], [ 106.685273824755953, -6.182935223832364 ], [ 106.686046876409307, -6.182238560625288 ], [ 106.686207887894, -6.181543838856526 ], [ 106.686040927553975, -6.180360126193895 ], [ 106.686231236963067, -6.176030912748693 ], [ 106.686557653918342, -6.176029877992332 ], [ 106.686554453440067, -6.175018636902823 ] ] ] ] } },
{ "type": "Feature", "properties": { "ID": 110, "KECAMATAN": "Cipondoh", "PUSKESMAS": "Cipondoh", "KELURAHAN": "Kenanga", "AREA": 1085516.035596, "PERIMETER": 5307.05185, "REGENCY": "Kota Tangerang", "HECTARES": 108.552, "X_COORD": 106.68641, "Y_COORD": -6.19535 }, "geometry": { "type": "MultiPolygon", "coordinates": [ [ [ [ 106.686300867725905, -6.18969837292413 ], [ 106.686325796904072, -6.189686761823336 ], [ 106.686402651511798, -6.189751242434589 ], [ 106.686616067046714, -6.189930296780668 ], [ 106.687721314928723, -6.190779430505659 ], [ 106.689987040824121, -6.194082492385458 ], [ 106.691150403746718, -6.19743920968923 ], [ 106.692155922462632, -6.198439112645658 ], [ 106.693108449383558, -6.198536382179508 ], [ 106.693960423843535, -6.198533660213624 ], [ 106.693360949941408, -6.199137442033837 ], [ 106.692460617060746, -6.199692028844463 ], [ 106.691008203054565, -6.199997598627862 ], [ 106.690664173758435, -6.200470244389105 ], [ 106.690393439748817, -6.20043807875431 ], [ 106.68979727363353, -6.20029545359223 ], [ 106.689282771536242, -6.200288061037798 ], [ 106.688759559620124, -6.200380057792836 ], [ 106.688362939267307, -6.200543914087951 ], [ 106.688271818685692, -6.2002732169084 ], [ 106.688288663644414, -6.199893780748763 ], [ 106.688179606525537, -6.199659272313111 ], [ 106.687944992022821, -6.199678085427385 ], [ 106.686807620376001, -6.199645574949618 ], [ 106.686681889943273, -6.199844699431189 ], [ 106.686448365748646, -6.200206759595958 ], [ 106.686250657752552, -6.200478376509623 ], [ 106.68607065694917, -6.200641541941079 ], [ 106.685817932564788, -6.200642346016051 ], [ 106.685602287087491, -6.200950151595756 ], [ 106.685385838131452, -6.201005037682558 ], [ 106.684988355225343, -6.200897906654098 ], [ 106.684554998262101, -6.200863152798068 ], [ 106.684067657947679, -6.200882767756696 ], [ 106.683976997837803, -6.200756594781736 ], [ 106.683976195321819, -6.200503675123058 ], [ 106.68392129491528, -6.200268993239642 ], [ 106.683704330071052, -6.200161287378214 ], [ 106.683289025271691, -6.200126474946386 ], [ 106.682963291811021, -6.199874587147435 ], [ 106.682709880128485, -6.199658601214461 ], [ 106.682484032965661, -6.19959608763468 ], [ 106.682194918869214, -6.199506675923069 ], [ 106.681905919313436, -6.199453395447112 ], [ 106.681922997966836, -6.199146221092164 ], [ 106.681922139402815, -6.198875235439767 ], [ 106.681759330541567, -6.19876735667026 ], [ 106.681506949816622, -6.198876552733155 ], [ 106.681417435062258, -6.199111693351699 ], [ 106.681308781364606, -6.199003642639757 ], [ 106.68130826642161, -6.19884105119626 ], [ 106.681234972515412, -6.198498031610244 ], [ 106.680711301199665, -6.198445494547412 ], [ 106.680295711455329, -6.198320350721613 ], [ 106.680349180481088, -6.198103390353978 ], [ 106.680240927404554, -6.198121799389657 ], [ 106.679862070111753, -6.198195263720847 ], [ 106.679663158317823, -6.198087498540259 ], [ 106.679500121432312, -6.19790735595017 ], [ 106.679265220656831, -6.197835836416956 ], [ 106.679012439592483, -6.197818571148129 ], [ 106.678867740293427, -6.19772869980668 ], [ 106.678874504941689, -6.197647883573932 ], [ 106.678902529926432, -6.197313073469608 ], [ 106.679045115593482, -6.196734512516348 ], [ 106.679261164408928, -6.196553169149958 ], [ 106.679404949313437, -6.196353988691568 ], [ 106.679531310907592, -6.196353588473805 ], [ 106.679765810999939, -6.196298647936187 ], [ 106.679926961578673, -6.195882621452419 ], [ 106.680142152552193, -6.195430291959925 ], [ 106.680492815971832, -6.195004632107119 ], [ 106.681374142302289, -6.193990148519184 ], [ 106.681724517975866, -6.193474159775217 ], [ 106.6819583873433, -6.193220495816676 ], [ 106.682264005015838, -6.192822077177178 ], [ 106.682461542076098, -6.19249626476737 ], [ 106.682496844336029, -6.192243230355174 ], [ 106.682369740458512, -6.192008776776103 ], [ 106.682116104854458, -6.191720526562869 ], [ 106.682277481691699, -6.191376763018744 ], [ 106.682600635166708, -6.190815695906217 ], [ 106.682870949190345, -6.190670311737871 ], [ 106.683150488953942, -6.190588128813998 ], [ 106.683457706446319, -6.190695549749352 ], [ 106.683764866796807, -6.190784904773964 ], [ 106.683820852380535, -6.191362835295882 ], [ 106.683929618937483, -6.191507017200769 ], [ 106.684092768892114, -6.191723289984888 ], [ 106.684291850156853, -6.191885251008835 ], [ 106.684527148985438, -6.192083228693535 ], [ 106.684761588927884, -6.192010220899992 ], [ 106.685104795750931, -6.192081394562468 ], [ 106.685465767597194, -6.192062182229791 ], [ 106.685808859815651, -6.192097224044659 ], [ 106.685826739351114, -6.192042969658485 ], [ 106.685969087888964, -6.191392146449744 ], [ 106.685932412012804, -6.191211604367555 ], [ 106.685769605441493, -6.191103726384049 ], [ 106.685552358246724, -6.190905691920936 ], [ 106.68553276020188, -6.190417975833684 ], [ 106.685622329802797, -6.190200901019364 ], [ 106.685820264924317, -6.1900015479107 ], [ 106.686000434979078, -6.189892580494896 ], [ 106.686234587166638, -6.189729243980827 ], [ 106.686300867725905, -6.18969837292413 ] ] ] ] } },
{ "type": "Feature", "properties": { "ID": 109, "KECAMATAN": "Cipondoh", "PUSKESMAS": "Cipondoh", "KELURAHAN": "Cipondoh", "AREA": 4004437.20732, "PERIMETER": 10660.094667, "REGENCY": "Kota Tangerang", "HECTARES": 400.444, "X_COORD": 106.67477, "Y_COORD": -6.1865 }, "geometry": { "type": "MultiPolygon", "coordinates": [ [ [ [ 106.669898635237814, -6.196860851796406 ], [ 106.669343120794522, -6.196798475949162 ], [ 106.66870764055281, -6.196778548262641 ], [ 106.668006221299535, -6.196693043136762 ], [ 106.667916887267467, -6.196669357783801 ], [ 106.667107123455409, -6.196454662264725 ], [ 106.666602694618717, -6.19630275158955 ], [ 106.666251778730157, -6.196194214116173 ], [ 106.665528586581416, -6.196152629933028 ], [ 106.664673379928246, -6.1959360346054 ], [ 106.664235096190865, -6.195915482172907 ], [ 106.663971961045149, -6.195850523664657 ], [ 106.663642818941128, -6.195698059755395 ], [ 106.663491345936535, -6.195580916111264 ], [ 106.663445141467093, -6.195545183254183 ], [ 106.663437317829334, -6.195549494542209 ], [ 106.663378516550523, -6.195260327120271 ], [ 106.663245747630938, -6.194844109863116 ], [ 106.663310106672284, -6.194405346309249 ], [ 106.663572279775963, -6.194163315205147 ], [ 106.663647834250028, -6.193801264876648 ], [ 106.663602708432975, -6.1933847727991 ], [ 106.663688497387213, -6.192792445520864 ], [ 106.66386083034854, -6.191848997579038 ], [ 106.664033506354741, -6.191015189043291 ], [ 106.664206731307132, -6.190356803488843 ], [ 106.664270678118413, -6.189786472920169 ], [ 106.664334487679284, -6.18917228664063 ], [ 106.664442941810819, -6.18882109736237 ], [ 106.664459562603881, -6.188826396618292 ], [ 106.665089952544491, -6.189027385179123 ], [ 106.665264274802482, -6.188719845425293 ], [ 106.665526032577802, -6.188346247187984 ], [ 106.665809219643123, -6.187819085236057 ], [ 106.665939102284995, -6.187314332302915 ], [ 106.666287126706564, -6.186501902158766 ], [ 106.666547303047835, -6.185623963506495 ], [ 106.666677322340263, -6.185163066367567 ], [ 106.666719631769837, -6.184680516378269 ], [ 106.666967924910011, -6.183506586429806 ], [ 106.667119853975748, -6.183045620651602 ], [ 106.667140253171141, -6.18256313947821 ], [ 106.667136750872146, -6.181444819709149 ], [ 106.667222606037001, -6.180874421017986 ], [ 106.667396238807328, -6.180347603153151 ], [ 106.667592399422205, -6.180018067109152 ], [ 106.667809714472455, -6.179447256160838 ], [ 106.668102306395198, -6.178426684150605 ], [ 106.668276487465178, -6.178075289034489 ], [ 106.66829674927888, -6.177548952405428 ], [ 106.667966383640135, -6.177001787369145 ], [ 106.667833413906962, -6.176519787220554 ], [ 106.667986714653495, -6.176497378493817 ], [ 106.668095852310586, -6.17636546797815 ], [ 106.66822635060042, -6.176058066095758 ], [ 106.6683195356254, -6.175855900044497 ], [ 106.668489178727356, -6.175487856959891 ], [ 106.668652403652573, -6.175540143393645 ], [ 106.669149336544706, -6.175642130507828 ], [ 106.669914941311532, -6.175639727937325 ], [ 106.670204304988914, -6.175535273702018 ], [ 106.670638512527177, -6.175430364533185 ], [ 106.670989432365573, -6.17516004328915 ], [ 106.671154968251344, -6.175159523375733 ], [ 106.67158988962376, -6.175282412112829 ], [ 106.672294001855647, -6.175466581851624 ], [ 106.673329381148733, -6.175711836135963 ], [ 106.673991589552486, -6.175730462010166 ], [ 106.674191808960089, -6.173596790903098 ], [ 106.674232282175907, -6.173306735659922 ], [ 106.674542790457309, -6.173347177039188 ], [ 106.674749839350952, -6.173387943802182 ], [ 106.674852583047638, -6.173159820039175 ], [ 106.674955717059831, -6.173055949828571 ], [ 106.675286786836807, -6.173054907836663 ], [ 106.675452647125113, -6.17315793136197 ], [ 106.675328691192988, -6.173220448941001 ], [ 106.675453623422101, -6.173468565154582 ], [ 106.675827118779992, -6.173798735117431 ], [ 106.676199572627112, -6.173797562111889 ], [ 106.676552441842119, -6.174148505458444 ], [ 106.67673752283217, -6.174406113325825 ], [ 106.676760272780257, -6.174437778169849 ], [ 106.677382007222491, -6.174746455195937 ], [ 106.678351669526236, -6.174968520034977 ], [ 106.678283882205506, -6.175295517027554 ], [ 106.678260365729315, -6.175563785634748 ], [ 106.678455627834978, -6.175786736302479 ], [ 106.67722757625009, -6.180388005289379 ], [ 106.676784920572302, -6.182349536003614 ], [ 106.676549495014257, -6.18533131646944 ], [ 106.678590032399512, -6.185447380476107 ], [ 106.681037307988021, -6.18515378892952 ], [ 106.682099991411164, -6.185722129173302 ], [ 106.683044790220904, -6.187720100078534 ], [ 106.684476002043951, -6.188695624862193 ], [ 106.686300867725905, -6.18969837292413 ], [ 106.686234587166638, -6.189729243980827 ], [ 106.686000434979078, -6.189892580494896 ], [ 106.685820264924317, -6.1900015479107 ], [ 106.685622329802797, -6.190200901019364 ], [ 106.68553276020188, -6.190417975833684 ], [ 106.685552358246724, -6.190905691920936 ], [ 106.685769605441493, -6.191103726384049 ], [ 106.685932412012804, -6.191211604367555 ], [ 106.685969087888964, -6.191392146449744 ], [ 106.685826739351114, -6.192042969658485 ], [ 106.685808859815651, -6.192097224044659 ], [ 106.685465767597194, -6.192062182229791 ], [ 106.685104795750931, -6.192081394562468 ], [ 106.684761588927884, -6.192010220899992 ], [ 106.684527148985438, -6.192083228693535 ], [ 106.684291850156853, -6.191885251008835 ], [ 106.684092768892114, -6.191723289984888 ], [ 106.683929618937483, -6.191507017200769 ], [ 106.683820852380535, -6.191362835295882 ], [ 106.683764866796807, -6.190784904773964 ], [ 106.683457706446319, -6.190695549749352 ], [ 106.683150488953942, -6.190588128813998 ], [ 106.682870949190345, -6.190670311737871 ], [ 106.682600635166708, -6.190815695906217 ], [ 106.682277481691699, -6.191376763018744 ], [ 106.682116104854458, -6.191720526562869 ], [ 106.682369740458512, -6.192008776776103 ], [ 106.682496844336029, -6.192243230355174 ], [ 106.682461542076098, -6.19249626476737 ], [ 106.682264005015838, -6.192822077177178 ], [ 106.6819583873433, -6.193220495816676 ], [ 106.681724517975866, -6.193474159775217 ], [ 106.681374142302289, -6.193990148519184 ], [ 106.680492815971832, -6.195004632107119 ], [ 106.680142152552193, -6.195430291959925 ], [ 106.679926961578673, -6.195882621452419 ], [ 106.679765810999939, -6.196298647936187 ], [ 106.679531310907592, -6.196353588473805 ], [ 106.679404949313437, -6.196353988691568 ], [ 106.679261164408928, -6.196553169149958 ], [ 106.679045115593482, -6.196734512516348 ], [ 106.678902529926432, -6.197313073469608 ], [ 106.678874504941689, -6.197647883573932 ], [ 106.678670542297482, -6.198162906385345 ], [ 106.678815584467927, -6.198361172193591 ], [ 106.679050885434123, -6.198559152039174 ], [ 106.679268134827794, -6.19875718892106 ], [ 106.679486813286829, -6.199406868986707 ], [ 106.679361136824895, -6.199624058194286 ], [ 106.679361879869276, -6.199858912729899 ], [ 106.679362140092024, -6.199941159358247 ], [ 106.679244686205251, -6.199904448869753 ], [ 106.678973566629395, -6.199796912363161 ], [ 106.678666457844471, -6.199725621523615 ], [ 106.67852204361192, -6.199726078925171 ], [ 106.678269661401799, -6.199835273745154 ], [ 106.678016593712755, -6.199727679521076 ], [ 106.677799287050789, -6.19951157636591 ], [ 106.677491607515591, -6.199259627245864 ], [ 106.677039057543183, -6.198863608765786 ], [ 106.676858083386506, -6.198719653818925 ], [ 106.676713669293264, -6.198720110654023 ], [ 106.676550975218007, -6.198648361505249 ], [ 106.676369830106751, -6.198450209048436 ], [ 106.676279400202432, -6.198396297190189 ], [ 106.676063349459895, -6.198577639806367 ], [ 106.675829360847118, -6.198795170979506 ], [ 106.675378351533624, -6.198886926456129 ], [ 106.675017600901597, -6.198978396365419 ], [ 106.674819430209524, -6.199105484273705 ], [ 106.674584927853346, -6.199160423089306 ], [ 106.674349912592135, -6.199052769789736 ], [ 106.674187560374989, -6.199089414549507 ], [ 106.674025322063216, -6.199162190832387 ], [ 106.673826695264225, -6.199144752168876 ], [ 106.673555234753692, -6.198928817757677 ], [ 106.673211054833786, -6.198550518959197 ], [ 106.672848652874919, -6.198118079380329 ], [ 106.672558913858452, -6.197829937972954 ], [ 106.672306018355769, -6.197776537844245 ], [ 106.672234095754774, -6.197867094617267 ], [ 106.672109497094183, -6.198427533053652 ], [ 106.672056707273171, -6.198861283128372 ], [ 106.671985012120302, -6.199024103125093 ], [ 106.671822659553499, -6.199060747201602 ], [ 106.671407126386995, -6.198953661778165 ], [ 106.671135666646762, -6.1987377258344 ], [ 106.670864832549512, -6.198720513635076 ], [ 106.670810222249344, -6.198576157831704 ], [ 106.670755157174938, -6.198287275499387 ], [ 106.670736480028097, -6.198088608433498 ], [ 106.670862160376387, -6.197871420406656 ], [ 106.670861762425076, -6.197744959710682 ], [ 106.670554484212445, -6.197619466099722 ], [ 106.670265542022818, -6.197584244497278 ], [ 106.670156719908434, -6.19742199333416 ], [ 106.67004767059953, -6.197187478843428 ], [ 106.670047329702058, -6.197079083913166 ], [ 106.670058183272488, -6.196993714279657 ], [ 106.669913006607246, -6.196862465474966 ], [ 106.669898635237814, -6.196860851796406 ] ] ] ] } },
{ "type": "Feature", "properties": { "ID": 109, "KECAMATAN": "Cipondoh", "PUSKESMAS": "Cipondoh", "KELURAHAN": "Cipondoh Makmur", "AREA": 1217821.5895390001, "PERIMETER": 5142.129008, "REGENCY": "Kota Tangerang", "HECTARES": 121.782, "X_COORD": 106.682, "Y_COORD": -6.18236 }, "geometry": { "type": "MultiPolygon", "coordinates": [ [ [ [ 106.687359092596253, -6.186359535686383 ], [ 106.687456841215962, -6.186514077994176 ], [ 106.687235299869783, -6.186553930949014 ], [ 106.687226378754275, -6.186555535761734 ], [ 106.686992228123671, -6.186718872269334 ], [ 106.686812460299137, -6.18695429939594 ], [ 106.686760197142306, -6.187550638613652 ], [ 106.68665458229458, -6.188400069302335 ], [ 106.686566445783981, -6.189068785951239 ], [ 106.686531603774753, -6.189466345469411 ], [ 106.686468911109031, -6.189620104423884 ], [ 106.686325796904072, -6.189686761823336 ], [ 106.686300867725905, -6.18969837292413 ], [ 106.684476002043951, -6.188695624862193 ], [ 106.683044790220904, -6.187720100078534 ], [ 106.682099991411164, -6.185722129173302 ], [ 106.681037307988021, -6.18515378892952 ], [ 106.678590032399512, -6.185447380476107 ], [ 106.676549495014257, -6.18533131646944 ], [ 106.676784920572302, -6.182349536003614 ], [ 106.67722757625009, -6.180388005289379 ], [ 106.678455627834978, -6.175786736302479 ], [ 106.678498838504595, -6.175836074290379 ], [ 106.678599792498503, -6.175751335884322 ], [ 106.678884619376262, -6.175750437109897 ], [ 106.679191425065, -6.175771396736772 ], [ 106.679585524168075, -6.175682440982203 ], [ 106.680527435622636, -6.175613682740064 ], [ 106.681338303167024, -6.175676904461953 ], [ 106.682061600901534, -6.175762329669619 ], [ 106.683234082407353, -6.175857296739611 ], [ 106.683847346413671, -6.175789572386499 ], [ 106.684854083243962, -6.175435539158944 ], [ 106.68555442989765, -6.175192114388941 ], [ 106.686386511080784, -6.175035982740844 ], [ 106.686554453440067, -6.175018636902823 ], [ 106.686557653918342, -6.176029877992332 ], [ 106.686231236963067, -6.176030912748693 ], [ 106.686040927553975, -6.180360126193895 ], [ 106.686207887894, -6.181543838856526 ], [ 106.686046876409307, -6.182238560625288 ], [ 106.685273824755953, -6.182935223832364 ], [ 106.685194288195618, -6.183588851368274 ], [ 106.685890392354935, -6.184362526020513 ], [ 106.686791548367978, -6.185462235476626 ], [ 106.687359092596253, -6.186359535686383 ] ] ] ] } }
]
}
